Question,answer,A,B,C,D,E
中医学的基本特点是,D,整体观念和阴阳五行,四诊八纲和辨证论治,同病异治和异病同治,整体观念和辨证论治,
下列不宜用阴阳的基本概念来概括的是,D,寒与热,上与下,动与静,邪与正,
六腑生理功能的特点是,A,"传化物而不藏, 实而不能满","藏精气而不泻, 实而不能满","传化物而不藏,满而不能实","藏精气而不泻, 满而不能实",
具有运化水液功能的脏腑是,A,脾,三焦,肝,肾,
主统血的是,C,心,肝,脾,肺,
“血府”指,D,脑,髓,骨,脉,
朝百脉的是,D,心,肝,脾,肺,
“精血同源”指的是,D,心肺关系,肺肝关系,肝脾关系,肝肾关系,
既属六腑，又属奇恒之腑，又称之为“中精之腑”的是,B,肝,胆,脑,髓,
下列哪种说法是错误的,B,心在窍为舌,肺在窍为喉,脾在窍为口,肝在窍为目,
以自然界清气与水谷精气为主要组成部分的气称为,B,元气,宗气,营气,卫气,
卫气是,D,藏于肾中之气,积于胸中之气,吸入肺中之气,行于脉外之气,
哪种情志异常易使肝的疏泄功能失调,C,过喜,过思,过怒,过恐,
食复是指,A,"疾病初愈, 因饮食因素而致复发",过食寒凉而发病,过食辛辣而发病,过食肥甘厚味而发病,
根据七情分属五脏的理论，下列情志中属心所主的是,A,喜,怒,悲,惊,
干咳无痰，咳声清脆多属于,B,风寒犯肺证,燥邪犯肺证,痰热壅肺证,风热犯肺证,
病人感觉怕冷，加衣被或近火取暖仍觉寒冷不解者为,B,畏寒,恶寒,恶风,寒栗,
反映药物作用趋向的性能是,C,四气,五味,升降浮沉,归经,
对咽喉有刺激性的药物应,B,先煎,后下,包煎,另煎,
具相须配伍关系的药对是,A,大黄与芒硝,巴豆与牵牛子,半夏与川乌,瓜蒌与川乌,
某药主要用于益智，其相应的归经是,A,心,肝,肺,肾,
清热泻火药主要用于,D,里热实证,血分实热证,虚热证,气分实热证,
治肺痈，咳吐脓血，首选,C,黄芩,知母,鱼腥草,地骨皮,
长于清除下焦湿热的药物是,C,黄连,黄芩,黄柏,连翘,
金银花不具有的功效是,C,疏风热,解暑热,清虚热,解热毒,
既能疏肝理气，又能调经止痛的药物是,D,青皮,香橼,佛手,香附,
以下何药最常用治烧烫伤的治疗,D,番泻叶,芒硝,火麻仁,大黄,
芒硝的用法是,D,先煎,后下,包煎,冲服,
有关方剂组成原则中君药的含义，下列哪一项是错误的,B,治疗主病,治疗兼病兼证,在方剂中起主要治疗作用,任何方剂中必不可少,
桑菊饮与银翘散均为辛凉解表剂，其主治证的区别为,D,有无发热,有无恶寒,有无咳嗽,有无口渴,
下列哪组药是“六一散”的组成,D,滑石、薄荷,滑石、藿香,藿香、佩兰,滑石、甘草,
四君子汤的组成中无,B,人参,干姜,白术,茯苓,
越鞠丸的功用是,A,行气解郁,疏肝理气,行气活血,行气消食,
足少阳胆经接交的经脉为,B,接肺经交大肠经,接三焦经交肝经,接胃经交脾经,接肝经交肺经,
髓海位于,C,项部,胸部,头,背部,
经络系统中没有表里关系的是,B,十二经脉,奇经八脉,十二经别,十二皮部,
督脉可调节全身阳经脉气，故称,B,阴脉之海,阳脉之海,血海,髓海,
十二经脉的循行走向正确的是,A,手之三阳从头走手,手之三阳从手走头,手之三阳从手走胸,足之三阳从足走头,
"以患者拇指的指间关节的宽度作为寸,这是",A,拇指同身寸,横指同身寸,中指同身寸,简便定位法,
"针刺部位出现皮下出血而引起的肿痛,早期局部应",B,热敷,冷敷,热疗,红外线治疗,
中医养生学目标,B,阴阳互根,五脏坚固,健康长寿,气血充沛,
《黄帝内经》在养生中主要体现的是,B,综合多种方法,治未病的预防为主的思想,食疗为主的思想,运动锻炼的思想,
中医认为五官内连五脏，其中肾开窍于,A,耳,目,鼻,口,
"淡味，中医将之归于（
）范围",C,酸味,苦味,甘味,辛味,
中药养生宜重,A,肺肾,肝胃,脾胃,心肝,
药食法乃情志调节的主要方法之一，其中养心安神类举要,A,龙眼粥,佛手酒,磁石粥,百合酿藕,
食物有五种性：寒、热、温、凉与平性。其中寒凉食物多有清热除烦的作用，适用于,C,炎热气候环境，阴寒体质,寒冷气候环境，阴寒体质,炎热气候环境，阳热体质,四季，各种体质,
保健灸法不用于,D,寒证、虚寒证,气血虚弱证,瘀血证,实热证、阴虚发热者,
内科护理学的基本特点主要包括,A,整体观念，辨证论治,整体观念，辨证施护,辨证护理，辨病护理,未病先防，既病防变,
以下哪一项不属于中医护理的基本原则,C,辨证施护,标本缓急,同病异护，异病同护,三因制宜,
中医护理病情观察的目的除哪一项外,C,为疾病诊断和辨证提供依据,判断疾病的进退,为医生确定治疗方案提供依据,及时发现危重病症及并发症，防止病情恶化,
情志护理的原则不包括哪一项,A,诚挚体贴,因人施护,避免刺激,顺情从欲,
感冒的病机为,B,肺气不清，失于宣肃,邪犯肺卫，卫表失和,痰阻气道，肺失肃降,风邪闭肺，肺失宣肃,
感冒的病理性质为,D,实证,表实证,表虚证,虚实夹杂证,
下列除哪项外，均为风寒感冒与风热感冒的主要鉴别依据,A,恶寒发热的孰轻孰重,渴与不渴,流涕的清与浊,头身疼痛与否,
恶寒重，发热轻，肢节酸痛，鼻塞流清涕，口不渴或渴喜热饮，舌苔薄白，证属,C,风寒感冒,风热感冒,暑湿感冒,时行感冒,
身热微恶风寒，少汗，头昏，心烦，口干，干咳少痰，舌红少苔，证属,D,暑湿感冒,风热感冒,气虚感冒,阴虚感冒,
感冒的治疗原则为,C,辛温解表,辛凉解表,解表达邪,清暑祛湿解表,
以下哪项属于喘证的病理特点,C,邪犯肺卫，卫表不和,邪壅肺气，宣降不利,气机升降出纳失常,久病劳欲，气阴亏耗,
以下哪项是虚喘肾虚证的主要临床表现,B,喘咳上气，胸胀或痛，息粗鼻煽，咳而不爽，吐痰粘稠，伴形寒身热，口渴，舌边红,喘促短气，气怯声低，咳声低弱，痰吐稀薄，自汗畏风，极易感冒，舌质淡红，脉软弱,"喘而胸满闷窒，甚则胸盈仰息，咳嗽,痰多粘腻色白，咯吐不利，兼有呕恶纳呆，口粘不渴，苔厚腻色白，脉滑",喘促日久，气息短促，呼多吸少，动则喘甚，气不得续，咳甚而小便失禁，或尿有余沥，面青肢冷，脉微细或沉弱,
喘证的临证护理中，不正确的一项是,A,痰热郁肺所致喘促者，可按揉定喘、天突、丰隆、膻中等,实证可灸气海、关元、神阙、三阴交、肾俞、命门等穴,烦躁不安者可遵医嘱使用安宫牛黄丸或紫雪丹以镇静安神,发生喘脱时可艾灸气海、关元、百会、神阙,
治疗喘证之痰热郁肺证主要的代表方,C,麻黄汤加减,麻杏石甘汤加减,桑白皮汤加减,补肺汤合玉屏风散,
喘证的治疗原则中，实喘应治肺，以祛邪利气，区别寒、热、痰、气的不同，分别采用不同方法，除外哪一项,C,温宣,清肃,益气,化痰,
喘促每遇情志刺激而诱发，发时突然呼吸短促，息粗气憋，胸闷胸痛，咽中如窒属于喘证中哪一证型,A,痰浊阻肺证,痰热郁肺证,肝气郁闭证,肺虚证,
喘证的服药护理中不正确的是,C,遵医嘱给予氧气吸入，以持续高流量、高浓度为宜，以及时缓解症状,保持静脉输液管路通畅，根据药物性质及患者情况合理调整输入速度,遵医嘱准确及时给药，发作时切勿随意使用镇静剂，以免诱发或加重病情,发生喘脱时可喂服独参汤以回阳救逆,
胸痹扶正固本的治疗方法中以下哪项不正确,D,滋阴益肾,辛温通阳,益气养阴,温阳补气,
以下哪项不是胸痹与胃脘痛的鉴别要点,B,疼痛部位,伴随症状,有无胃肠道症状,含服硝酸甘油后症状是否缓解,
胸痹的治疗法则中不正确的是,A,益气养血，化瘀通络,活血化瘀，通脉止痛,滋阴益肾，养心安神,补益阳气，温振心阳,
以下哪项不是胸痹饮食护理的原则,A,以低盐、低脂、低胆固醇、高热量、富含纤维素,忌饱食及暴饮暴食，应定时定量，夜餐尤应忌过饱,饮食宜清淡易消化，忌食腌制品及辛辣刺激、烟酒制品、浓茶、咖啡等刺激性食物,注意调补气血，加强营养,
黄疸初起目睛发黄，迅速至全身，黄色鲜明，发热口渴，或见脘腹胀满，恶心呕吐，口干苦，小便黄赤、短少，大便秘结，舌红，苔黄腻，脉弦数。应采取哪种治疗方法,C,清热利湿通腑,"利湿化浊,清热退黄","清热解毒,凉血开窍","温中化湿,健脾和胃",
下列哪项不是胃痛与腹痛的鉴别要点,A,疼痛部位,疼痛程度,如何起病,伴随症状,
某患者，自述胃脘胀痛拒按，嗳腐吞酸，呕吐一次，为胃内容物，其味腐臭，吐后痛减，不思饮食，大便不爽，舌苔厚腻，脉滑。应选用哪种方药治疗,C,柴胡疏肝散加减,化肝煎加减,保和丸加减,一贯煎合芍药甘草汤加减,
胃痛症见胀痛，痛连两胁，每因烦恼郁怒则痛作或痛甚，嗳气、矢气则痛舒，喜长叹息，大便不畅，苔多薄白，脉弦。属于胃痛哪种证型,C,肝胃郁热,瘀血停滞,肝气犯胃,脾胃虚寒,
以下哪项不是中风的常见诱发因素,B,情志过激,劳倦内伤,饮酒饱食、嗜食肥甘厚味,气虚邪中,
中风的病位主要在,A,脑、肺、脾、肾,心、脑、肝、肾,心、肝、脾、肾,心、脑、肺、肾,
“疡医”一说最早见于,C,殷商,隋代,东汉,周代,
下列哪一项不是以疾病特征命名的外科疾病,D,烂疔,流注,湿疮,冻疮,
发于骨骼和关节间的急性化脓性疾病称为,B,无头疽,流注,走黄,有头疽,
外科内治法的具体治法哪项不正确,D,解表、清热、通里,温通、祛痰、理湿,行气、和营、内托,消肿、提脓、生肌,
能消结散肿，适用于阳证肿疡、肛门周围痈疽的膏剂是,C,黄芩油膏,金黄膏,太乙膏,阳和解凝膏,
臁疮的基本病机为,B,气虚血淤,瘀阻脉络,筋脉横解,,
臁疮治疗的关键在,D,益气活血、去瘀生新,清热利湿、益气活血,和营解毒、清热利湿,益气活血、清热解毒,
生活失度导致妇产科疾病，下列哪项是错的,A,七情内伤,房劳多产,跌扑损伤,饮食不节,
下列何种情况，须禁用坐浴及阴道冲洗,D,外阴炎,阴道炎,宫颈炎,月经期,
坐浴药治，常以什么药物为主,D,补肾滋肾,疏肝理气,健脾益气,清热解毒,
外阴血肿，宜选用下述何种外治法,D,坐浴,外阴冲洗,阴道纳药,贴敷,
冯某，因输卵管阻塞而致继发不孕，宜选用何种外治法,D,坐浴,阴道冲洗,阴道纳药,宫腔注入,
无排卵型功血最常见的症状是,C,子宫不规则出血,月经周期紊乱,经期长短不一,贫血,
实热证崩漏的治疗原则是,B,养阴清热，固冲止血,清热泻火，固冲止血,清热养阴，固冲止血,清热化瘀，固冲止血,
肾阴虚证崩漏的首选方是,A,左归丸,左归丸合二至丸,左归饮,滋阴固气汤,
导致崩漏的常见病因病机是,D,肾虚、脾虚、血热、血瘀,虚热、脾虚、血热、血寒,肾虚、脾虚、肝郁、血瘀,肾虚、脾虚、肝郁、血热,
"崩漏的治疗，应本着（
）的原则",B,治崩三法,急则治其标，缓则治其本,辨证论治,补气摄血,
崩漏的主证是血证，故临证时首辨,C,虚实,出血期还是止血后,寒热虚实,出血的新久,
功血可发生于,A,月经初潮后的青春期,生育期的妇女,月经初潮后至绝经间的任何年龄,更年期妇女,
对青春期、生育期崩漏者的复旧目标，主要是,B,调整肾-天癸-冲任-胞宫生殖轴功能,调整月经周期,止血调经,养血调经,
在妊娠周内，胎漏、胎动不安相当于西医的,A,先兆流产,过期流产,完全流产,难免流产,
异位妊娠可存在的变化,B,子宫大小予停经月数相符,子宫增大大于停经月数,子宫内膜呈分泌期改变,子宫内膜呈蜕膜样改变,
异位妊娠已破损期不稳定型的主要症候应除哪一项外,B,腹痛拒按，腹部有压痛及反跳痛，但逐步减轻,可触及界限不清的包块,有时少量阴道出血,舌质淡，苔薄白，脉细缓,
异位妊娠已破损期包块型的主要症候应除哪一项外,D,腹腔血肿包块形成,腹痛拒按，腹部有压痛及反跳痛,可有下坠胀或便意感,阴道出血逐渐停止,
患者，女，岁，已婚，确诊异位妊娠入院治疗，入院时患者有早孕反应，尿妊娠试验（+），右下腹隐痛，双合诊触及右侧附件有软性包块，压痛（+），舌淡苔薄白，脉弦滑。中医证型是,B,未破损型,已破损型,已破损休克型,已破损不稳定型,
关于癥瘕的病因病机，一般少见于,D,肾虚血瘀,气滞血瘀,寒湿凝结,痰湿瘀结,
某女，下腹部肿块，疼痛月余，伴低热，经行量多，赤白带下。妇检盆腔右侧触及鸭卵大包块，形不整，触压痛（+）。舌红，苔黄厚，脉弦滑数。最佳治法是,A,清热利湿，化瘀消癥,清热利湿，止血调经,清热解毒，利湿止带,清热利湿，消癥止痛,
急性盆腔炎注意表现为高热不退，小腹部疼痛，一般不伴有,B,停经,尿急,腹泻,尿频,
关于急性盆腔炎，下列哪项是错误的,A,临床表现为高热不退，小腹疼痛,多为突然腹痛，逐渐加重，甚至恶心呕吐,发病多见于产后、流产后、宫腔内手术后等,痛在下腹部，伴有压痛、反跳痛。,
慢性盆腔炎的病因可概括为,A,湿、热、瘀、虚,湿、热、痰、瘀,湿、热、痰、虚,痰、热、瘀、虚,
关于慢性盆腔炎，下列哪项是错误的,A,多由邻近器官炎症蔓延而来,既往有急性盆腔炎等病史,可无急性发病史，起病缓慢，反复不愈,,
“纯阳之体”是哪本书的观点？,D,《颅囟经》,《内经》,《金匮要略》,《小儿药证直诀》,
不属于麻疹顺症的是,D,邪犯肺卫,邪入肺胃,阴津耗伤,麻毒闭肺,
以下哪一症状是麻疹特有的,B,发热恶寒,口腔黏膜斑(费科氏斑),鼻塞流涕,咳嗽咽痛,
古代哪本书对小儿生长发育、体质特点、先天因素致病作了论述,D,《伤寒杂病论》,《诸病源候论》,《黄帝内经》,《小儿药证直诀》,
“十八已上为少，六岁已上为小”这句话最早出自哪里？,B,《黄帝内经》,《灵枢·卫气失常》,《伤寒杂病论》,《诸病源候论》,
下列说法不正确的是,D,新生儿期：从出生脐带结扎后满天,婴儿期：出生天后至周岁,婴儿期：出生天后至周岁,幼儿期：周岁后至周岁,
变蒸学说是古代医学阐述婴幼儿生长发育的一种学说，下列正确的是,C,始见于《黄帝内经》,始见于唐代孙思邈的《千金翼方》,始见于北宋钱乙《小儿药证直诀》,始见于西晋王叔和的《脉经》,
小儿脏腑娇嫩，是指小儿五脏六腑的行气皆不足，其中又以,A,脾、肾、心三脏不足更为突出,肺、脾、肝三脏不足更为突出,肺、脾、肾三脏不足更为突出,肺、肾两脏不足更为突出,
小儿脏腑娇嫩，行气未充，常表现为,A,肺脏娇嫩，脾常不足，肾常虚,脾胃不足,仅表现为脾不足,仅表现为肾虚,
古代提出“纯阳“，小儿生长发育，生机勃勃，发育迅速概括为“纯阳“之体的观点是,D,《颅囟经?脉法》,《伤寒杂病论》,《灵枢?卫气失常》,《黄帝内经》,
腓骨上端骨折之处，足下垂，小腿及足背外侧个足趾感觉障碍，提示,A,腓总神经损伤,胫神经损伤,股神经损伤,坐骨神经损伤,
下列哪项是椎动脉型颈椎病的主要临床症状,D,痛温觉分离，肌萎缩,四肢麻木，出现病理反射,颈肩痛反复发作，手部有放射性痛，牵拉试验阳性,头痛、头晕、颈后伸或侧弯时眩晕加重猝倒。,
下列哪项症状列属中医理论颈椎病气滞血瘀证型,B,颈、肩、上肢麻木、窜痛，以痛为主，头有沉重感，颈部僵硬，活动不利,颈、肩、上肢刺痛，痛处固定，伴有肢体麻木，舌暗，脉弦,头晕目眩，头重如裹，四肢麻木不仁，纳呆，舌暗红，舌苔厚腻，脉弦滑,眩晕，头痛，耳鸣耳聋，失眠多梦，肢体麻木，、面红目赤,
腰椎间盘突出症的最先出现、最常见的症状是,D,腰背痛,腰和大腿前方痛,坐骨神经痛,腰痛伴坐骨神经痛,
下列哪项症状列属中医理论腰椎间盘突出症湿热证型,A,腰腿冷痛重者，转侧不利，静卧痛不减，受寒及阴雨天加重,腰部疼痛，腿软无力，痛处伴有热感，恶热口渴,腰背酸痛，腿膝乏力，劳累更甚，卧则减轻,腰腿痛如刺，痛有定处，日轻夜重，痛处拒按,
下列关于颈椎病健康教育说法错误的是,A,应用颈托和围领可限制头颈活动，尤其是椎动型，可防止因过分旋转或屈伸发生晕厥，故可长期佩戴,注意颈部的保暖，忌吹风受寒或淋雨受湿,不做长时间的低头伏案工作，如织毛衣、打字、缝纫等。,睡眠时枕头不宜过高或过低，要睡硬板床,
下列关于牵引疗法的说法错误的是,C,牵引期间鼓励患者及时练习肌肉运动和指（趾）运动,经常检查针眼处有无感染,牵引期间牵引重量始终不变,经常巡视，是否做到有效牵引,
下列哪项症状列属中医理论颈椎病风寒湿证型,D,颈、肩、上肢麻木、窜痛，以痛为主，头有沉重感，颈部僵硬,颈、肩、上肢刺痛，痛处固定，伴有肢体麻木,头晕目眩，头重如裹，四肢麻木不仁,眩晕，头痛，耳鸣耳聋，失眠多梦，肢体麻木,
某中年患者眩晕，头痛，颈肩部时有疼痛，夜间失眠多梦，四肢麻木无力，面红耳赤，经医生诊断为颈椎病，请问此患者颈椎病列属中医哪一证型,B,风寒湿证,气滞血瘀证,肝肾不足证,气血亏虚证,
某一患者，经常在外作业，最近双腿疼痛，阴雨天尤甚，静卧痛不减，舌质淡，苔白或腻，经医生诊断为腰椎间盘突出症，请问此患者腰椎间盘突出症列属中医哪一证型,B,血瘀证,寒湿证,湿热证,肝肾亏虚,
便血，色鲜红，下血暴急呈喷射状，属于,C,气不摄血,湿热下注,肠风下血,瘀血阻络,
肛瘘的主要症状是,C,便血、脱出、流分泌物,便血、疼痛、便秘,肛周流脓、疼痛、瘙痒,肛门肿痛、坠胀、异物感,
按全国肛瘘统一标准分类法，划分高低位的标志是,D,外括约肌皮下部,外括约肌浅部,外括约肌深部,耻骨直肠肌,
某肛瘘患者，瘘管外口凹陷，周围颜色晦暗，脓出稀薄如米泔样，无硬索状物；可伴有潮热盗汗，心烦口干；舌红、少苔、脉细数。内治法可选方,C,二妙丸、萆薢渗湿汤加减,托里消毒散加减,青蒿鳖甲汤加减,龙胆泻肝汤加减,
某患者痔切除术后日，大便干结难解，以下哪种处理措施不当,A,使用开塞露,服用缓泻剂,灌肠,增加食物中纤维素摄入,
痔外静脉丛血管破裂，所形成的肛周圆形或椭圆形瘀血肿块，患者突感肛门部剧烈疼痛，肛缘皮下可扪及一触痛性肿物，呈暗紫色。称为,A,血栓性外痔,结缔组织性外痔,静脉曲张性外痔,炎性外痔,
某锁肛痔患者，证见：肛门坠胀，便次增多，大便带血，色泽暗红，夹有粘液，便下痢赤白，里急后重；舌红，苔黄腻，脉滑数。内治法可选方,B,槐角地榆丸加减,桃花四物汤和失笑散加减,四君子汤和增液汤加减,托里消毒散加减,
某患者，痔术后天，发生肛缘水肿，以下哪种处理方法不当,A,%硫酸镁液或%氯化钠液湿敷,延长坐浴熏洗时间,内服清热解毒利湿剂,外敷黄芩油膏,
内痔患者，证见：肛内肿物脱出，甚或嵌顿，肛管收缩，坠胀疼痛，甚至内有血栓形成，肛缘水肿，触痛明显；舌质红，苔白，脉弦细涩。内治法可选方,C,止痛如神汤加减,脏连丸槐角丸加减,凉血地黄汤加减,补中益气汤加减,
某患者，大便时可见痔核脱出，脱出后必须以手托之或卧床休息方可回纳，肛门镜检查：痔粘膜粗糙、质硬、纤变、可呈灰白色。判断该患者的内痔分期为,A,III期,II期,I期,II～III期,
蛇串疮常见证型不正确的是,B,肝经郁热证,脾虚湿蕴证,气滞血虚证,血热内蕴证,
白疕治法正确的是,C,气血瘀滞证——当归饮子加减,血热内蕴证——犀角地黄汤加减,血虚风燥证——桃红四物汤加减,湿毒蕴阻证——清瘟败毒饮加减,
是将单味药或复方加水煎熬至一定浓度，滤药渣所得的药液称为,B,粉剂,酊剂,溶液,洗剂,
针刺入腧穴后，针刺部位产生的酸、麻、胀、重等感觉和向远处传导放射，称为：,B,行针,得气,补泻手法,提插捻转法,
关于穴位注射，以下哪种说法是错误的,D,它是将针刺对腧穴的刺激作用和药物的药理作用结合在一起，发挥治疗作用,应注意药物的毒副作用及过敏反应，副作用大或者刺激性强的药物应慎用,内有重要脏器的部位不宜针刺过深，以免刺伤内脏,患者若有触电感，是得气的表现，可以注入药物,
失眠患者耳穴埋籽不适合选,D,神门,皮质下（脑）,肺,肾,
耳穴神门主治不包括,C,失眠多梦,便秘,各种炎症,镇静、镇痛,
中药煎汤后趁热在局部淋洗、浸泡、湿敷，称为,A,熏洗法,敷药法,溻渍法,药熨法,
青敷膏适用于,D,局部红肿热痛,跌打损伤引起的淤血肿痛,皮肤病欣痒肿痛,局部不红不热，漫肿无痛,
以下哪种情况不可选择灸法,B,疮疡久溃不敛,风湿性关节疼痛,月经不调,阴虚发热,
关于刮痧，以下说法不正确的是,B,体质过于消瘦有出血倾向者禁止刮痧,刮痧时应由内向外、自上而下反复来回刮，用力要均匀适中,每一部位宜刮下左右，以皮肤出现紫红色为宜,刮痧过程中应密切观察病人病情及局部皮肤颜色，并询问病人有无不适,
中医学“证”的概念是,D,疾病的症状与体征,对疾病症状与体征的调查过程,对疾病症状与体征的分析过程,疾病发展过程中某一阶段的病理概括,
属于“阳中之阳”的时间是,A,上午,中午,下午,前半夜,
五行中具有“润下”特性的是,D,木,火,土,水,
五行中，火的特性是,B,曲直,炎上,润下,从革,
五行中，木的特性是,D,润下,稼穑,炎上,曲直,
五脏生理功能的特点是,C,"传化物而不藏, 实而不能满","藏精气而不泻, 实而不能满","藏精气而不泻,满而不能实","传化物而不藏, 满而不能实",
藏神的是,A,心,肝,脾,肺,
与脾关系密切的是,C,喜,怒,思,忧,
“在窍为目”的是,A,肝,心,脾,肺,
“受盛之官”指,C,胆,胃,小肠,大肠,
“先天之本”是指,D,心,肝,脾,肾,
“后天之本”是指,C,心,肝,脾,肾,
心在志为,B,怒,喜,思,忧,
五脏有五华，则肺之华是,A,毛,发,爪,唇,
肺主一身之气体现在,C,吸入清气,宣发卫气,生成宗气和调节气机,助心行血,
以下哪种说法是错误的,B,肺主气，司呼吸,肺主升清,肺主通调水道,肺主治节,
脾统血的含义是,C,脾有推动血液在经脉中流行的作用,脾有调节经脉中血流量的作用,脾有统摄血液在经脉中运行的作用,脾有贮藏血液的作用,
具有主疏泄、调畅气机功能的主要脏腑是,D,心,肺,脾,肝,
下列不属于奇恒之腑的是,B,脉,筋,髓,骨,
以下说法错误的是,A,心其华在舌,肺其华在毛,肝其华在爪,脾其华在唇,
称为“水谷之海”的是,D,脾,大肠,小肠,胃,
下列“诸海”中错误的是,B,脑为髓之海,肺为气之海,冲脉为血海,胃为水谷之海,
六腑包括,D,胆、胃、大肠、小肠、女子胞、膀胱,胆、胃、大肠、小肠、三焦、女子胞,大肠、小肠、三焦、膀胱、心包、胆,小肠、胃、大肠、三焦、膀胱、胆,
具有营养全身和化生血液作用的气是,B,元气,营气,宗气,卫气,
导致人体生命死亡的根本病机是,C,阴阳偏盛,阴阳偏衰,阴阳离决,阴阳失调,
风邪致病具有发病急、变化快的特点，主要与其哪种性质相关,D,风为阳邪,风性轻扬,风性善行,风性数变,
最易导致“着痹”的邪气是,C,风邪,寒邪,湿邪,燥邪,
常引起筋脉拘挛，屈伸不利，易伤阳气的致病因素是,B,风邪,寒邪,湿邪,痰饮,
干咳少痰，或痰液胶粘难咯，多因感受哪种病邪,D,风邪,寒邪,暑邪,燥邪,
"湿邪致病具有病程长的特点,往往缠绵难愈，是由于",C,湿为阴邪,湿性重浊,湿性粘滞,湿性趋下,
最易侵犯人体上部和肌腠的外邪是,A,风邪,寒邪,湿邪,暑邪,
六淫中最易致肿疡的是,C,风邪,湿邪,火邪,燥邪,
"喜、怒、忧、思、恐等情志活动失调均可化火, 故称为",B,五气化火,五志化火,心火上炎,肝郁化火,
情志为病，过喜则,C,气上,气下,气缓,气结,
邪气亢盛，正气不衰的证候是,A,实证,虚证,虚实夹杂证,真虚假实证,
正治的定义是,C,顺从疾病的某些假象而治的一种治疗方法,正确的治疗法则,逆着疾病证候性质而治的一种治疗方法,扶助正气,
“热者寒之”属于,A,正治法,反治法,治标法,从治法,
除哪项外，均能体现“因人制宜”治则,B,因性别不同而用药各异,因居处环境不同而用药各异,团体质不同而用药各异,因年龄长幼不同而用药各异,
疠气最主要的致病特点是,D,发病急,病势重,症状相似,传染性强,
"瘀血形成之后可致疼痛, 其特点为",C,胀痛,掣痛,刺痛,灼痛,
正气强弱主要取决于,D,气候因素,地域因素,饮食习惯,体质与精神状态,
病的基本病理主要是指,A,阴阳失调,脏腑功能失调,经络功能失调,内生五邪病理变化,
中医治疗疾病的根本原则是,B,调整阴阳,治病求本,扶正祛邪,标本缓急,
下列除哪项外都是得神的表现,D,两目精彩,面色荣润,肌肉不削,面色潮红,
下列除哪项外皆可面见青色,A,虚证,痛证,寒证,惊风,
满面通红者多属于,C,戴阳证,虚热证,实热证,上热下寒证,
小儿食指脉络色鲜红为,D,实热证,虚热证,惊风证,外感表证,
望舌的顺序,A,先看舌体，再看舌苔,先看舌苔，再看舌体,舌体舌苔同时看,先看舌苔后看舌下络脉,
下列那项可见于正常人,D,胖大舌,淡嫩舌,淡白舌,裂纹舌,
"舌质红,苔黄腻,多见于",B,里热炽盛,湿热内蕴,阴虚火旺,寒湿阻滞,
下列除哪项外都是淡白舌主病,D,气血两虚,气虚,阳虚,阴虚,
日晡潮热可见于,B,阳明经证,阳明腑证,阴虚火旺,湿热内盛,
诊断表证的主要依据是,D,咳嗽,喷嚏,咽痛,恶寒发热,
自汗多因何引起,A,阳气不足,热邪过盛,阴虚火旺,阳气暴脱,
前额连及眉棱骨痛者病在,B,太阳经,阳明经,太阴经,少阳经,
滑数脉多见于,A,痰热内蕴证,肝阳上亢证,肝气郁结证,阴虚内热证,
患者面赤身热，口渴饮冷，烦躁不宁，尿黄便干，舌红苔黄，脉数。此属,B,表热证,里实热证,里虚热证,戴阳证,
中国第一部药典专著是,A,《新修本草》,《神农本草经》,《证类本草》,《本草纲目》,
生地黄制成熟地黄的目的是,B,消除毒性,改变药性,便于贮藏,增强药效,
宜文火久煎的药应除以下哪一类外,A,解表,补益药,贝壳类药,矿物类药,
具有“呕家圣药”之称的药是,D,香薷,紫苏,桂枝,生姜,
味辛性微温，治感冒风寒、发热恶寒，不论有汗、无汗 都可应用的药是,B,麻黄,桂枝,荆芥,薄荷,
素有发汗第一要药之称的是,A,麻黄,紫苏,桂枝,生姜,
既可用于肺热咳嗽，又可用于阴虚燥咳的药物是,B,石膏,知母,芦根,栀子,
治胃火牙痛应首选,D,生地,玄参,知母,石膏,
泻下通便药多为,C,辛味,咸味,苦味,甘味,
清利湿热、消褪黄疸的药物是,D,金钱草,黄柏,心脾肝肺,茵陈蒿,
善于下气除胀，为消胀除满之要药,A,厚朴,苍术,藿香,佩兰,
既能化湿行气又能安胎的药物是,D,厚朴,苍术,藿香,砂仁,
用于寒热虚实各种水肿的要药是,C,泽泻,猪苓,茯苓,车前子,
善治下半身风湿痹痛的药物,A,独活,羌活,桂枝,威灵仙,
木香的功效是,A,行气止痛,温中止呕,纳气平喘,调经止痛,
长于治疗油腻肉食积滞的药物是,C,麦芽,莱菔子,山楂,鸡内金,
下列哪项一般不宜使用川芎,D,风寒头痛,风热头痛,风湿头痛,阴虚阳亢头痛,
治疗冠心病、心绞痛，首选,A,丹参,郁金,延胡索,益母草,
功能化瘀止血，尤长于止痛，用于治瘀滞疼痛的药物,C,槐花,地榆,三七,白芨,
不宜与人参同用的药物,D,山楂,麦芽,神曲,莱服子,
善治风痰的药物是,B,桔梗,天南星,瓜娄,竹茹,
善于燥湿化痰，降逆止呕，为治湿痰之要药，并可治疗各种呕吐,A,半夏,天南星,枇杷叶,竹茹,
治咳喘的要药是,D,白果,桑叶,紫苏子,苦杏仁,
温里药都具有的功效是,B,温肾壮阳,温里散寒,温肝散寒,温胃止呕,
治肾阳虚证，附子常与何药相须为用,B,细辛,肉桂,五味子,沉香,
既能养心安神，又能敛汗的药物是,C,酸枣仁,柏子仁,龙骨,磁石,
不可持续服用，且忌火煅的药物,B,牡蛎,朱砂,龙骨,磁石,
具有燥湿利水作用的补气药是,D,人参,黄芪,山药,白术,
治疗脾虚中气下陷，内脏下垂，首选,D,甘草,人参,白术,黄芪,
肺肾两虚之喘咳，宜选用,A,五味子,乌梅,麻黄,山茱萸,
主治阴血亏虚之心烦、失眠、惊悸的药是,B,丹参,酸枣仁,龙眼肉,大枣,
功能活血行气，祛风止痛，上行头目可治头风头痛，下达血海可治痛经闭经，中开郁结可治胸痹胁痛的药是,D,牛膝,丹参,三棱,川芎,
丹参有“小四物”之称，其功效是,C,活血化瘀，养血安神，凉血止痛，利水消肿,活血化瘀，养血安神，润肠通便，利水消肿,活血化瘀，养血安神，凉血止痛，清热消肿,活血化瘀，养血安神，润肠通便，清热消肿,
南沙参与北沙参的不同点是,B,凉血活血与养血敛阴,兼能化痰与长于补阴,平降肝阳与清热平肝,行气之功与破血之力,
逍遥散的功效是,B,抑肝扶脾，理气止痛,疏肝解郁，健脾和营,透邪解郁，疏肝理脾,疏肝健脾，活血调经,
治疗表虚自汗，易感风邪者，宜选用,A,玉屏风散,牡蛎散,桂枝汤,补中益气汤,
二陈汤的君药是,A,半夏,茯苓,桔红,半夏和桔红,
治疗痰热内闭，神昏谵语，身热烦躁，痰甚气粗，舌红，苔黄垢腻，脉滑数者，首选,B,紫雪,安宫牛黄丸,至宝丹,苏合香丸,
大承气汤的煎法是,D,先煎大黄，再入枳实，芒硝冲服,先煎枳实、厚朴，再大黄、芒硝,先煎枳实、厚朴、大黄，芒硝冲服,先煎枳实、厚朴，再入大黄、芒硝冲服,
乌梅丸主治下列何证,B,咳喘,蛔厥,疳积,消渴,
我国现存最古老的一部方剂学书是,A,《五十二病方》,《备急千金要方》,《肘后方》,《伤寒杂病论》,
保和丸中配伍连翘的意义是,D,清热透表,清透邪热,清热解毒,清热散结,
血府逐瘀汤主治证的病机是,C,瘀阻头面,瘀阻膈下,瘀阻胸中,瘀阻少腹,
麻黄汤为发汗之,B,要剂,峻剂,缓剂,轻剂,
桂枝汤中桂枝的作用是,A,解肌散寒,养阴和营,温阳益气,温肾散寒,
疏散外风剂常配养血活血药，其机理可用下列哪句话概括说明,D,风乘虚而入，正旺邪自除,治风先活血，血活则风散,风胜易伤血，血足风自熄,治风先治血，血行风自灭,
通常治疗热证用寒药时应,B,热服,冷服,温服,顿服,
大黄取其攻下作用，其煎法宜,D,先煎,包煎,另煎,后下,
最能体现“釜底抽薪”、“急下存阴”法的方剂是,B,大黄附子汤,大承气汤,十枣汤,新加黄龙汤,
十枣汤服用的最佳时间是,A,清晨空腹服,饭前服,睡前服,不拘时间,
具有清营解毒，透热养阴功用的方剂是,B,犀角地黄汤,清营汤,竹叶石膏汤,紫雪丹,
不宜饮用仙方活命饮的病证是,B,阳证疮疡肿毒初起,阴性疮疡肿毒,疮疡脓已成,疮疡红肿焮痛,
白头翁汤除具有清热解毒功用外，还有,D,行气止痢,调和气血,养血滋阴,凉血止痢,
青蒿鳖甲汤的功用是,D,滋阴清热,养阴生津,滋阴降火,养阴透热,
下列症状除哪项外，均属当归四逆汤的主治证之范畴,C,手足厥冷,肢体痹痛,腹痛下利,脉象沉细,
六味地黄丸中熟地、山萸肉、山药的用量是,B,熟地八钱、山萸肉八钱、山药八钱,熟地八钱、山萸肉四钱、山药四钱,山萸肉八钱、熟地四钱、山药四钱,山萸肉八钱、熟地八钱、山药四钱,
安宫牛黄丸的功用是,A,清热开窍，豁痰解毒,清热解毒，开窍安神,清热开窍，熄风止痉,开窍定惊，清热化痰,
牡蛎散的功用是,C,平肝熄风,重镇安神,固表敛汗,制酸止痛,
下列哪项不是滚痰丸的组成药物,D,礞石,大黄,黄芩,黄连,
十二经脉中凡属六脏及循环于肢体内侧的经脉为,A,阴经,阳经,足太阴经,任脉,
十二经脉分布于头面、躯干、四肢，纵贯全身，呈（    ）分布,B,上下,左右,前后,内外,
络脉中最细小的分支称为,A,孙络,支络,浮络,别络,
主司关节运动，联系四肢百骸的是,D,十二正经,十二皮部,十二经别,十二经筋,
两眉头的中间是,B,攒竹,印堂,鱼腰,太冲,
十二经脉在体内与脏腑相连属，手阳明大肠经属大肠络肺，与（   ）相表里,D,冲脉,任脉,阳跷脉,手太阴肺经,
十二经脉循行交接中，相互衔接的阴经与阴经在 （    ）交接,A,胸中,头面,食指,足小趾端下,
阴经是指,A,六脏的经脉,六腑的经脉,督、带脉,循行胸腹经脉,
分布于四肢外侧和头面、躯干的经脉是,C,阴经,阴维脉,阳经,带脉,
奇经八脉中除（   ）横向循行外，均为纵向循行，纵横交错循行分布于十二经脉之间,C,督脉,任脉,带脉,交会穴,
下列晕针处理方法中错误的是,A,患者平卧，头部垫高,注意通风、保暖,予饮温开水或糖开水,针刺人中、内关、足三里等穴,
位于桡骨茎突上方，腕横纹上寸的穴位是,C,尺泽,孔最,列缺,经渠,
"临床根据头部经脉分布特点辨证归经，痛在两侧者多与 （
） 有关",A,少阳经,太阳经,阳明经,督脉,
合谷穴不仅治疗手部病症，还能治疗本经所过的颈部和头面部病症，这是,B,近治作用,远治作用,循经治疗,特殊作用,
"针刺内关穴可治疗心动过缓,又可治疗心动过速,这是",D,近治作用,远治作用,循经治疗,特殊作用,
在下列穴位中，治疗胎位不正的是,B,至阳,至阴,会阳,肩井,
肌肉薄浅部位腧穴进针法应用,D,夹持进针法,指切进针法,双手进针法,提捏进针法,
耳穴在耳郭的分布有一定的规律，其中与上肢相应的穴位在,B,耳垂,耳舟,对耳轮体,三角窝,
强调“动形养生”的思想，创立“五禽戏”，一般认为始于,A,华佗,李时珍,孙思邈,扁鹊,
说明阴阳平衡是保持和恢复健康必要条件的语句是,B,得谷则昌，失谷则亡,阳平阳秘，精神乃治,年四十而阴气自半也，起居衰矣,阳非有余，阳亦不足,
中医言：“肝为百病之贼”，此“肝”字实即为,D,思,恐,悲,怒,
四季调摄与脏腑有密切的关系，中医认为春季通,B,心,肝,脾,肾,
食物归经是指食物对脏腑经络的选择作用，如梨、香蕉、桑椹、猕猴桃等都具有生津清热作用，梨侧重于清热的脏器是,A,肺,脾,心,大肠,
中医养生学主张睡眠要讲究睡姿和睡眠的方位，主张一般人宜,D,右侧屈膝侧卧，北向而卧,左侧屈膝侧卧，南向而卧,左侧屈膝侧卧，北向而卧,右侧屈膝侧卧，东向或西向而卧,
临床见瘦小或瘦长体型，怕热，手足心热；皮肤偏干或偏油，肤色苍或赤，面部偏红或颧红，大便偏干或秘结，小便短黄；舌体瘦小，色红少苔，脉细数。性情急躁易怒者为,C,阳虚质,湿热质,阴虚质,阳热质,
饮食宜合理搭配，切忌偏食，以下食物体现相须相使作用是,A,冬虫夏草与老鸭相配,螃蟹常配以生姜,人参恶萝卜,柿子与蟹,
扶正药中，凡能补助人体阳气，改善虚寒体质，治疗阳虚证候的药物称助阳药，其中以下不属于常用助阳药的是,A,人参,紫河车,肉苁蓉,鹿茸,
修生养性是情志调节中“清净法”之一，它是指,D,勿思虑过度,音乐欣赏,书法绘画,道德品质的培养,
从人体脏腑、情志与五行配属的关系出发，根据五行相克的原理，以一种情志活动调节与控制另一种情志活动，从而达到消除过激情志与不良情志的目的，称为,C,抑情顺理,情志导引,情志相胜,D,
食物五味对人体的五脏有特定的亲和力，辛先入,D,脾,心,肾,肺,
根据病人的体质、疾病证候，结合食物的性味功效选择不同的食物进行调护，称为,C,饮食随和,治疗饮食,辨证施食,饮食有节,
感冒是由于六淫、时行病毒侵袭人体而致病，以（    ）邪为主因，兼夹它邪,A,风,寒,暑,湿,
治疗风热感冒的中药代表方剂是,C,新加香薷饮,荆防败毒散,银翘散,桑菊饮,
治疗气虚感冒方药是,D,荆防败毒散,银翘散,新加香薷饮,参苏饮,
下列感冒的护理措施中哪项是不正确的,C,外感风寒汤药宜热服，服药后卧床休息，盖被以利汗出,服发汗药后忌服酸醋、生冷之品,外感发热邪在卫分者可用酒精擦浴或冷敷,恶寒、发热无汗者，可行背部捏脊，或按揉风池、合谷、大椎、曲池等穴,
喘证的病因主要可概括为外感与内伤两类，以下哪项不是喘证发病因素,D,外邪侵袭,饮食不当,情志不调,正气不足,
实喘的主要病变脏腑是,C,肾,心,肺,脾,
喘证患者证见喘息，呼吸气促，胸部胀闷，咳嗽，痰多稀薄色白，兼有头痛鼻塞，恶寒无汗，舌苔薄白，脉浮紧。证属,D,痰浊阻肺,肺气郁痹,表寒里热,风寒袭肺,
喘证患者表现为喘咳上气，胸胀或痛，息粗鼻煽，咳而不爽，吐痰粘稠，伴形寒身热，烦闷身痛，舌边红，脉浮数或滑。在治疗时应选用下列哪种方剂,B,麻黄汤加减,麻杏石甘汤加减,桑白皮汤加减,二陈汤合三子养亲汤加减,
喘咳日久，动则气喘尤甚，呼多吸少，气不得续，腰酸肢冷，汗出心悸，苔腻，脉沉弱。此属何证？,A,肾虚喘证,肺虚喘证,痰浊阻肺型喘证,表寒里热型喘证,
肾虚喘证的主要代表方是,D,二陈汤合三子养亲汤加减,五磨子饮加减,补肺汤合玉屏风散,金匮肾气丸合参蛤散加减,
喘促短气，气怯声低，喉有鼾声，咳声低弱，痰吐稀薄，自汗畏风，极易感冒，治疗此类喘证患者应选用哪种方剂,C,桑白皮汤,五磨子饮,补肺汤合玉屏风散,麻杏石甘汤,
麻黄汤主要用于治疗以下哪种情况的喘证患者,A,喘息气促，胸部胀闷，咳嗽，痰多稀薄色白，兼有头痛，无汗，恶寒，或伴发热，口不渴，舌苔薄白，脉浮紧,喘咳上气，胸胀或痛，息粗，鼻煽，咳而不爽，吐痰粘稠，伴形寒，身热，烦闷，口渴，舌苔薄白或黄，舌边红，脉浮数或滑,喘咳气涌，胸部胀痛，痰多粘稠色黄，或夹血色，伴胸中烦热，身热，有汗，渴喜冷饮，面红，咽干，尿赤，苔黄或腻，脉滑数,喘而胸满闷窒，甚则胸盈仰息，咳嗽，痰多粘腻色白，咯吐不利，兼有呕恶纳呆，口粘不渴，苔厚腻色白，脉滑,
"鼻燥衄血，口干咽燥，或兼有身热，咳嗽痰少，舌质红，脉数,应选哪种方药",A,桑杏汤,桑菊饮,玉女煎,归脾汤,
鼻衄，或兼齿衄，血色鲜红，口渴欲饮，口干秽臭，烦躁，便秘，舌红苔黄，脉数。属于鼻衄何种证型,B,热邪犯肺,胃热炽盛,肝火上炎,血亏虚,
归脾汤主要用于治疗哪种情况的鼻衄患者,D,鼻燥衄血，口干咽燥，或兼有身热，咳嗽痰少等症，舌质红，苔薄，脉数,鼻衄，或兼齿衄，血色鲜红，口渴欲饮，鼻干，口干秽臭，烦躁，便秘，舌红苔黄，脉数,鼻衄，头痛，目眩，耳鸣，烦躁易怒，两目红赤，口苦，舌红，脉脉弦数,鼻衄，或兼齿衄，神疲乏力，面色晄白，头晕耳鸣，心悸，夜寐不宁，舌质淡，脉细无力,
咳血患者见咳嗽痰少，痰中带血或反复咯血，血色鲜红，颧红，潮热盗汗，舌质红，脉细数。治疗应选用哪种方药,D,龙胆泻肝汤,桑杏汤,泻白散合参蛤散,百合固金汤加减,
咳血见痰中带血或纯血鲜红，胸胁胀痛，烦躁易怒，口苦，舌质红，苔薄黄，脉弦。属于咳血哪一类证型,B,燥热伤肺,肝火犯肺,胃热壅盛,阴虚肺热,
便血是血从肛门排出体外，大便前或大便后下血，或单纯下血，或与粪便混杂而下，均由（    ）所致,A,胃、肠脉络受损,下焦湿热,胃火炽盛,燥热伤津,
便血色红或紫黯，食少体倦，面色萎黄，心悸少寐，舌淡，脉细。当选用哪种方药,C,黄土汤,地榆散,归脾汤,槐角丸,
龙胆泻肝汤主要用于治疗哪种证型的吐血,B,胃热壅盛,肝火犯胃,胃火炽盛,气虚血溢,
吐血之胃热壅盛证应选用哪种方药,D,地榆散或槐角丸加减,归脾汤加减,龙胆泻肝汤加减,泻心汤合十灰散加减,
便血见血色紫黯，甚则黑色，腹部隐痛，喜热饮，神倦懒言，便溏，舌质淡，脉细。治疗此类患者的方药正确的是,A,黄土汤,归脾汤,百合固金汤,地榆散,
护理吐血病人时，下列哪项不相宜,C,平卧位，头偏向一侧,保持情绪安定，遵医嘱给予凉血止血药物,饮食温软，多饮热水,大出血时可取头低脚高位,
血热妄行所致肌衄常选用哪种方药治疗,B,归脾汤,犀角地黄汤,小蓟饮子,茜根散,
尿血见小便黄赤灼热，血色鲜红，心烦口渴，面赤口疮，夜寐不安，舌质红，脉数。证属以下哪种证型,A,下焦湿热,肾虚火旺,脾不统血,气不摄血,
李某，女，近一年来周身皮肤青紫斑点时发时止，常伴齿衄，月经量多，颧红，心烦口渴，手足心热，偶有盗汗，舌质红，苔少，脉细数。此患者的治疗原则为,C,清热泻火，凉血止血,清热解毒，凉血止血,滋阴降火，宁络止血,补气摄血,
便血见血色红，大便不畅或稀溏，或有腹痛，口苦，舌质红，苔黄腻，脉濡数。此属便血的何种证型，治疗应选用哪种方药,B,气虚血溢证；治当健脾养心益气摄血,肠道湿热证；治当清化湿热凉血止血,气虚不摄证；治当益气摄血,脾胃虚寒证；治当健脾温中养血止血,
尿血与血淋的鉴别要点是,C,尿中是否有血,血液的色、质、量的不同,排尿是否伴有疼痛,是否夹杂血块,
患者王某，形体肥胖，患高血压十余年，近日常感倦怠乏力，不思饮食，大便稀溏，今日午饭后突感左前胸憋闷疼痛，窜及肩背、胃脘部，伴有喘促气短，舌苔浊腻，脉滑。该患者可能发生的是胸痹哪种证型,B,心血瘀阻证,痰浊壅塞证,阴寒凝滞证,气阴两虚证,
胸痹见胸部刺痛，固定不移，甚则心痛彻背，背痛彻心，伴有胸闷，舌质暗红，或瘀点、瘀斑、或舌下血脉青紫、苔薄，脉弦涩或结代。此证应选用哪种方药,A,血府逐瘀汤加减,瓜蒌薤白半夏汤加味,瓜蒌薤白白酒汤加减,生脉散合人参养营汤加减,
左归饮主要用于治疗胸痹哪种证型的患者,D,气阴两虚,痰浊壅塞证,阴寒凝滞证,心肾阴虚,
以下胸痹的服药护理中不妥的是,C,按时服药，注意观察服药后的疗效及有无不良反应,发作时立即予硝酸甘油片吞服，以缓解症状,水药宜浓煎，少量多次分服,静脉使用抗心律失常药及血管扩张剂时，应严格遵医嘱控制剂量及速度,
胸痹的病理基础是,D,寒凝、气滞痹遏胸阳，阻滞心脉,肝肾亏虚，心脉失养,素体阳虚，胸阳不振,胸阳痹阻，心脉不畅,
胸痹之阴寒凝滞证的治疗方法是什么,B,通阳泄浊，豁痰开结,辛温通阳，开痹散寒,益气养阴，活血通络,补益阳气，温振心阳,
以下哪种是治疗胸痹之气阴两虚证的方药,C,瓜蒌薤白半夏汤,左归饮,生脉散合人参养营汤,附汤合右归饮,
下列哪项不是黄疸病的主症重要依据,C,爪甲黄,身黄,小便黄,目黄,
以下哪项不是黄疸病的主要病因,C,感受外邪,饮食不节,情志过极,砂石、虫体阻滞胆道,
下列黄疸的病理因素中哪一项不正确,D,湿邪,热邪,疫毒,痰浊,
黄疸的基本病机是什么,B,痰热壅盛,湿浊阻滞,肝肾亏虚,气虚不摄,
黄疸的基本治疗原则是什么,A,化湿邪，利小便,清热利湿通腑,温中化湿淡渗,清热解毒、凉营开窍,
黄疸症见身目俱黄，黄色不甚鲜明，身热不扬，口粘不渴，头重身困，胸脘痞满，食欲减退，恶心呕吐，腹胀，小便短黄，便稀不爽，苔厚腻微黄，脉濡缓或弦滑。属于黄疸病的何种证型,B,热重于湿,湿重于热,寒湿阻遏,脾虚血亏,
下列哪种方药是用于治疗黄疸之寒湿阻遏证的,D,茵陈蒿汤,茵陈五苓散合甘露消毒丹,黄芪建中汤,茵陈术附汤,
下列除哪项外，均为黄疸急黄证的主要症状,B,衄血便血，肌肤瘀斑,身目发黄，色晦暗无泽,舌质红绛，苔黄燥,"壮热烦渴,神昏谵语",
黄疸病人在饮食护理方面，下列哪项不相宜,D,饮食宜清淡，以高蛋白、高维生素、低脂肪、易消化饮食为宜,忌辛辣、油腻、醇酒等食物,阳黄热重于湿者饮食宜偏温，湿重于热者饮食宜偏凉,急黄者饮食以清凉生津流质为宜，禁食高蛋白食物,
胃痛的病变部位主要与哪些脏腑有关,A,胃、肝、脾,胃、脾、肾,胃、脾、肝、胆,胃、心、肝、脾,
以下哪项属于胃痛的病理特点,D,饮食不节，胃失和降,肝失疏泄，横逆犯胃,脾失健运，胃气阻滞,胃气阻滞，胃失和降，不通则痛,
寒邪客胃所致胃痛，应选用哪种方药治疗,A,良附丸加减,保和丸加减,柴胡疏肝散加减,黄芪建中汤,
下列不是脾胃虚寒型胃痛主症的是,B,"胃痛隐隐，绵绵不休,喜温喜按",口干思饮，大便秘结,空腹痛甚，得食则缓,神疲纳呆，四肢倦怠,
胃阴亏虚所致胃痛应选用哪种方药,C,失笑散合丹参饮,调营敛肝饮,一贯煎合芍药甘草汤,黄芪建中汤,
水肿的病位在,A,肺脾肾,心肝肾,心脾肾,肝脾肾,
消渴的病理有标本之分，具体是指,A,阴虚为本，燥热为标,燥热为本，阴虚为标,津伤为本，湿热为标,津伤为本，痰饮为标,
消渴的主要病变脏腑是,B,肺肝肾,肺胃肾,心脾肾,肝脾肾,
痛痹的治法应为,D,祛风通络，散寒除湿,祛风除湿，疏利经络,除湿通络，祛风散寒,温经散寒，祛风除湿,
世界上最早的进行死骨剔出术和剖腹术的外科学家是,C,扁鹊,郑玄,华佗,医竘,
中医外科内治法的总则是,B,温、托、补,消、托、补,清、补、托,消、通、补,
我国最早的一部临床实用百科全书是,C,《疮疡经验全书》,《外科精要》,《千金方》,《刘涓子鬼遗方》,
下列哪一项不是以部位命名的外科疾病,C,乳痈,子痈,对口痈,人中疔,
外科疾病辨证的总纲是,B,脏腑,阴阳,气血,经络,
由于疔毒走散入血，内攻脏腑而引起的一种全身性化脓性感染称为,C,丹毒,内陷,走黄,疔,
"患者，男，岁。左眉上出现一坚硬肿块，约lcm×cm,中有一粟粒样脓头，坚硬根深，如钉丁之状，疼痛剧烈，左上眼睑肿胀明显，不能睁眼，伴发热头痛，其诊断是",D,痈,发,疖,疔疮,
一切体表浅显外科疾患总称为,B,溃疡,疮疡,肿疡,脓疡,
溃疡后期应选用外科疾病治法中的哪一种,B,消 法,补法,托法,泻法,
外科疾病的治法，无论外治还是内治都需要,C,按疾病的分期,按创面的局部情况,辨证论治,个体差异,
能活血去腐、解毒止痛、润肤生肌收口的膏剂是,D,金黄膏,风油膏,冲和膏,生肌玉红膏,
适用于一切皮肤病、急性或亚急性皮炎，而且渗液不多的药物类型为,B,膏药,油膏,掺药,草药,
乳痈的热毒炽盛证，治宜清热解毒、托里透脓的代表方选,A,透脓散,瓜蒌牛蒡汤,托里消毒散,普济消毒饮,
治疗丹毒的风热毒蕴证常用代表方为,D,柴胡清肝汤,龙胆泻肝汤,黄连解毒汤,普济消毒饮,
头面部丹毒者应采取的适当体位是,D,去枕仰卧位,端坐位,侧卧位,适当抬高头部,
脱疽是指,A,四肢末端坏死，严重时趾节脱落,四肢末端坏死，上肢更为常见,四肢末端坏死，下肢更为常见，严重时指节脱落,四肢末端坏死，严重时趾（指）节脱落,
脱疽湿热毒盛证的代表方为,C,阳和汤加减,桃红四物汤加减,四妙勇安汤加减,顾步汤加减,
脱疽病人在已溃期的护理中应注意,A,将患肢抬高～度,将患肢放平,将患肢适当抬高,,
在月经产生的过程中，起主导作用的是,D,肾,肝,脾,天癸,
六淫与“内生五邪”中与妇科关系最大的是,C,寒、热、风邪,风、寒、湿邪,寒、热、湿邪,寒、热、暑邪,
脏腑功能失常导致妇科疾病，关系最密切的是,A,肾、肝、脾,肾、脾、肺,肾、脾、心,肝、脾、胃,
望体形若见年逾岁月经未来潮，第二性征尚未发育，身材矮小，多为,C,肾虚,肝肾不足,先天肾气未充,肾阳虚,
肝病在妇科临床主要表现为,B,郁证,实证,热证,虚证,
崩漏的主要病机,D,肾虚封藏失职,脾虚气不统血,血热迫血妄行,冲任损伤，不能制约经血,
崩漏的诊断依据是,C,经血非时暴下不止,经血淋漓不断,月经周期、经期、经量的严重紊乱,崩与漏交替出现,
无排卵型功血属于中医,B,月经过多,崩漏,经期延长,月经先后无定期,
"下列除（
）之外均为崩漏的常见型",B,肾虚,肝郁,脾虚,血热,
崩漏的临床特点是,D,行经期延长，甚或淋漓半月方净,月经周期基本正常，经量较正常明显增多,月经周期时或提前时或延长天以上,月经的周期、经期、经量的严重失调,
治崩三法是,A,塞流、澄源、复旧,塞流、澄源、求因,止血、求因、固本,塞流、止血、澄源,
妊娠期阴道少量出血，时下时止而无腰酸腹痛者，应诊断为,B,胎动不安,胎漏,堕胎,滑胎,
妊娠期出现腰酸腹痛，胎动下坠，或阴道少量流血者，应诊断为,D,妊娠腹痛,胎漏,堕胎,胎动不安,
以下哪一项不是胎漏、胎动不安的常见病机,B,血热,肝郁,气血虚弱,血瘀,
某患者停经天，左少腹隐痛天，加重半天，伴阴道少量出血，头晕，面色苍白，舌淡，苔白，脉细数。妊娠试验可疑阳性。B超提示子宫正常大小，左侧附件探及囊性包块约*cm。应诊断为,D,胎漏,胎动不安,堕胎,异位妊娠,
输卵管妊娠发生的原因与哪一项关系最大,A,慢性输卵管炎,输卵管发育不良,盆腔内肿瘤牵引,孕卵外游,
哪一项是异位妊娠破裂时最主要的症状,C,月经史和早孕反应,不规则阴道出血,突然发现下腹剧烈疼痛,休克,
异位妊娠未破损期的主要症候应除哪一项外,B,停经史及早孕反应,一侧下腹撕裂样疼痛,阴道出血淋漓,妇检可触及一侧附件包块、压痛,
异位妊娠未破损期的治法是,D,活血化瘀，清热泻下,活血化瘀，佐以益气,活血化瘀消癥,活血化瘀，消癥杀胚,
妇人癥瘕的主症是,D,下腹部胀满,下腹部疼痛,腰腹部疼痛,,
小儿泄泻的病因下列不符的为,B,感受外邪,精神紧张,内伤饮食,脾胃虚弱,
哮喘的临床特征是,D,"咳嗽气喘, 喉间痰鸣,吸气延长","胸闷气喘, 喉间痰鸣,呼气延长","发热咳嗽, 喉间痰鸣,吸气延长","喘促气急, 喉间痰鸣,呼气延长",
泄泻患儿变证中阴竭阳脱治法为,B,温补脾肾，固涩止泻,挽阴回阳，救逆固脱,健脾益气，助运止泻,健脾益气，酸甘敛阴,
《小儿药证直诀》是古代哪位医家对中医儿科学发展史作出的杰出贡献,D,孙思邈,巢元方,张仲景,钱乙,
下例不正确的是,A,张仲景《黄帝内经》,唐代孙思邈的《备急千金要方》,张仲景《伤寒杂病论》,北宋钱乙《小儿药证直诀》,
小儿病因特点，不常见的是,D,外感因素、乳食因素,先天因素、情志因素,意外因素,物理因素,
哮喘常见护理问题，下列不正确的是,D,胸憋喘促、紫绀,发热、惊厥,潜在窒息,营养失调,
小儿寒性哮喘治疗法则，以下正确的是,C,清肺化痰、止咳平喘,清肺涤痰、定喘止咳,温肺散寒、化痰定喘,泻肺补肾，标本兼顾,
小儿热性哮喘代表方为，以下正确的是,B,小青龙汤合三子养清汤加减,麻杏石甘汤合苏葶丸加减,大青龙汤加减,人参五味子汤合玉屏风散加减,
小儿泄泻治疗原则，以下正确的是,A,以运脾化湿为基本法则,以清肠化湿为基本法则,以健脾化湿为基本法则,以祛风散寒为基本法则,
多发生于儿童的骨折为,A,青枝骨折,螺旋骨折,粉碎骨折,压缩骨折,
下列不是骨折所特有的体征是,A,疼痛,畸形,反常活动,骨擦音,
骨筋膜室综合征的正确处理,D,抬高患肢,立即切开复位，探查血管,拆除外固定,彻底切开筋膜减压,
关于骨折临床愈合的标准，下列哪项是错误的,C,局部无压痛及纵向叩击痛,局部无反常活动,X线片示骨折线消失,连续功能锻炼周骨折不变形,
下列哪项不是骨折治疗的原则,D,动静结合,筋骨并重,内外兼治,滋阴壮骨,
石膏或夹板外固定之后最应注意的是,D,松脱,骨折再移位,压迫性溃疡,血循环受阻,
骨牵引时，预防过度牵引的措施是,C,尽可能减轻牵引重量,患肢功能锻炼,定时测定肢体长度,定时放松牵引装置,
中药治疗骨折后期宜,D,消肿止痛为主,和营止痛为主,活血化瘀为主,补肝肾为主,
尺神经损伤出现,A,爪形手畸形,垂腕手畸形,猿手畸形,马蹄内翻畸形,
脊髓型颈椎病诊断与下列哪项最无关,D,下肢发紧，发麻，行走困难,上肢发麻，肌力弱，持物不稳,大小便失禁,压头及牵拉试验阳性,
颈椎前路手术后最危急的并发症是,A,呼吸困难,喉头水肿,声音嘶哑,伤口出血,
神经根型颈椎病人可能出现,C,颈性眩晕,躯干有紧束感,上肢牵拉试验阳性,行走如履沙滩,
腰椎间盘突出症的基本病因是,B,长期反复弯腰扭转,椎间盘退行性改变,腰部急性扭伤,车祸撞伤腰椎,
首次急性发作的腰椎间盘突出症的治疗方法，应首选,D,推拿、按摩,手术摘除髓核,给予止痛药，必要时局部封闭,绝对卧硬板床休息,
下列哪种骨折属不稳定骨折,C,青枝骨折,嵌插骨折,斜形骨折,横行骨折,
下列哪种汤剂治疗气血亏虚证型颈椎病,D,益气逐痹汤,化瘀除痹汤,四物汤,八珍汤,
下列关于石膏固定的注意事项说法错误的是,A,石膏固定期间不需要做功能锻炼,石膏松动，要及时更换,固定后，随时观察远端血运情况,保持石膏清洁，勿使石膏折裂变形,
下列哪项不是骨折临床症状,D,疼痛与压痛,肿胀与瘀斑,功能障碍,眩晕,
下列不属腰椎间盘突出证的临床症状是,C,腰腿痛,腰椎侧凸,一侧或双侧上肢麻木,腰部活动受限,
下列说法错误的是,D,一般情况下，骨折两周后不宜手法整复,手法操作原则：“子求母”，即骨折的远端对近端,手法整复后摄片复查，固定后再透视，满意方可离去,凡手法复位不满意，均不可切开复位，故要谨慎复位,
下列哪一著作是我国现存最早的伤科学专著,A,《刘娟子鬼遗方》,《仙授理伤续断秘方》,《肘后救卒方》,《伤寒杂病论》,
下列哪种复位方法恢复了骨的正常解剖关系,B,功能复位,解剖复位,手法复位,切开复位,
肛门直肠周围脓肿常后遗,B,内痔,肛瘘,直肠息肉,肛裂,
内痔主要根据什么症状进行分期,B,便血,脱出,疼痛,流脓,
下列哪种疾病最易转变为肛管直肠癌,D,内痔,外痔,肛瘘,直肠息肉,
直肠癌确诊的检查方法是,A,纤维肠镜+组织病理检查,肛门指检,大便隐血试验,CT,
以下哪项不是肛瘘的常见症状,C,肛周流脓,肛门潮湿、瘙痒,便血,疼痛,
皮肤炎症在慢性阶段有浸润肥厚、角化过度时,B,用洗剂为主,用软膏为主,用粉剂为主,用酊剂为主,
皮肤科常见的病因特点，以下不正确的是,D,风、湿、热,毒、虫、肝肾不足,血瘀、血虚风燥,肝阳上亢,
湿邪引起的皮肤病常见的有,A,湿疮（湿疹），天疱疮,牛皮癣,紫癜,红皮病,
下列不属于皮肤病自觉症状的有,B,瘙痒，疼痛,斑疹，丘疹,蚁走感,麻木感,
拔罐的禁忌证不包括,D,高热抽搐、凝血机制障碍者；,皮肤有溃疡、过敏、水肿及大血管处；,孕妇的腹部、腰骶部不宜拔罐,毒蛇咬伤,
"痰浊为病,随气上逆尤易",C,"停滞胃腑,失于和降","留滞脏腑,升降失常","蒙蔽清窍,扰乱心神","流注经络,气机阻滞","阻滞肺气,失于宣降"
"脉象分阴阳,属于阳的脉象是",C,沉,细,浮,小,涩
肾在志为,D,忧,怒,思,恐,喜
"易于导致干咳少痰,或痰黏难咯,甚或喘息胸痛等症的邪气是",D,风邪,寒邪,湿邪,燥邪,暑邪
具有约束纵行诸经功能的是,E,冲脉,任脉,督脉,阴阳维脉,带脉
虚人感冒应选用,C,急则治其标,缓则治其本,标本同治,先扶正后祛邪,先祛邪后扶正
后半夜被称为,C,阴中之至阴,阳中之阴,阴中之阳,阴中之阴,阳中之阳
主四肢肌肉功能的脏是,E,肝,肾,心,肺,脾
具有“朝百脉”生理功能的脏是,C,肝,心,肺,脾,肾
"下注于气街,并下行于足的气是",A,宗气,营气,卫气,脏腑之气,元气
宗气的分布是,D,"熏于肓膜,散于胸腹","与血同行,环周不休","上荣头目,达于周身","上出息道,下走气街","通过三焦,流行全身"
与语言、声音、呼吸强弱有关的气是,E,元气,营气,脏腑之气,卫气,宗气
"奇经八脉中,与脑、髓、肾关系密切的是",C,任脉,维脉,督脉,冲脉,带脉
"以下脏腑关系中,主要体现了与血液生成及运行的是",A,心与脾,心与肾,肺与肝,心与肺,脾与肝
肺病及脾的五行传变是,A,子病犯母,相侮,相克,母病及子,相乘
具有精神互用关系的两脏是,D,肺与脾,脾与肝,肺与肝,心与肾,心与肺
"肾阴不足,心火偏亢,以致心肾不交,其治疗宜用",B,抑木扶土法,泻南补北法,培土制水法,金水相生法,益火补土法
"气机闭阻,外出严重障碍,以致清窍闭塞的病理状态是",D,气逆,气脱,气滞,气闭,气虚
津伤化燥多发生的脏腑是,E,脾、胃、小肠,心、肺、胃,肝、肾、大肠,肝、脾、肾,肺、胃、大肠
"气陷病机,主要是指",A,"气虚无力升举,脏腑位置下垂","气的出入异常,或闭阻,或外散","气机升降失常,脏腑之气逆上","元气耗损,脏腑功能衰退","气机不畅,脏腑功能障碍"
肝在体为,B,肉,筋,皮,骨,脉
又“阴病治阳”的适用病证是,D,阴盛,阳盛,阴阳两虚,阳虚,阴虚
血瘀是指,B,"血分有热,血行加速或迫血妄行",血液循行迟缓或不畅或停滞,"气血失和,不荣经脉","血随气逆,咯血或呕血",血液不足濡养功能减退
与脾关系密切的情志活动是,E,悲,恐,怒,喜,思
"气虚湿盛体质,受邪后多从",A,湿化,寒化,热化,燥化,火化
肾在体为,A,骨,脉,筋,肉,皮
属于“水”的季节是,C,春,长夏,冬,夏,秋
“脉象弦滑”属于下列哪一项概念,C,疾病,症状,体征,病机,证候
导致病势处于迁延状态的病机变化是,B,邪去正虚,正虚邪恋,正盛邪退,邪正相持,邪盛正衰
“气随血脱”的理论基础是,E,气能摄血,气能行血,血能养气,气能生血,血能载气
引起虚寒证的阴阳失调是,C,阳偏盛,阴偏衰,阳偏衰,阴盛则阳病,阴偏盛
"四季的阴阳属性中,夏天属于",E,阴中之阴,阴中之阳,阳中之阴,阴中之至阴,阳中之阳
具有行气血作用的气是,A,宗气,营气,元气,脏腑之气,卫气
推动生长发育的气是,C,中气,宗气,元气,营气,卫气
四时季节属于五行之“土”的是,D,冬,春,秋,长夏,夏
阴阳学说在疾病预防中的作用主要体现在,B,调摄精神,顺时养生,谨避邪气,保养形体,保养正气
阴阳交感的基础是,E,阴阳交感,阴阳平衡,阴阳对立制约,阴阳互根互用,阴阳互藏
足阳明胃经分布在,B,下肢内侧后缘,下肢外侧前缘,下肢外侧中线,下肢内侧前缘,下肢外侧后缘
致病后易困脾的邪气是,C,风邪,火邪,湿邪,燥邪,寒邪
"中气下陷所致的久痢、脱肛及子宫下垂,临床上均可采用升提中气法治疗,以下说法最为恰当的是",B,审因论治,异病同治,辨病论治,同病异治,因人制宜
下列不按五行相生顺序排列的是,A,角、徵、商、宫、羽,酸、苦、甘、辛、咸,青、赤、黄、白、黑,呼、笑、歌、哭、呻,筋、脉、肉、皮、骨
下列选项属于“阳”的属性特点的是,C,下降,面色晦暗,洪脉,涩脉,静止
“生之本”是,B,肾,心,肺,肝,脾
属于“水”的五色是,D,赤,黄,青,黑,白
"素体津亏血耗者,易致邪从",A,燥化,寒化,湿化,实化,虚化
过度恐惧对气机的影响是,A,气下,气上,气乱,气消,气结
与肺相表里的是,E,胆,膀胱,胃,三焦,大肠
"阴气不足,可见于五脏六腑,其最主要的是",D,胃阴虚,心阴虚,肝阴虚,肾阴虚,脾阴虚
"十二经筋的分布,多结聚于",A,关节和骨骼附近,四肢末端,头面及项部,胸腹部位,肌肤体表
阳中求阴适用于,D,实热证,阴阳两虚证,实寒证,虚热证,虚寒证
六腑的生理功能特点是,A,"传化物而不藏,实而不能满","藏精气而不泻,实而不能满","藏精气而不泻,满而不能实","虚实交替,藏而不泻","传化物而不藏,满而不能实"
属于“金”的五志是,E,思,喜,恐,怒,悲
"“阳生阴长,阳杀阴藏”所体现的阴阳关系是",E,阴阳对立制约,阴阳转化,阴阳自和,阴阳交感,阴阳互根互用
正治指的是,C,正确的治疗法则,顺从疾病的某些假象而治的原则,逆其疾病证候性质而治的原则,扶助正气而治的原则,祛除邪气而治的原则
阴阳双方交感和合的动力源泉是,D,阴阳对立制约,阴阳互根互用,阴阳自和与平衡,阴阳互藏,阴阳相互转化
维持血液不逸出于脉外是气的何种作用的体现,E,防御作用,中介作用,温煦作用,推动作用,固摄作用
可损伤肾精的因素是,A,房劳过度,劳力过度,劳神过度,过饱,过饥
“主津”的腑是,D,膀胱,胆,小肠,大肠,胃
"五行学说指导诊断,面见赤色,脉见洪象,则病位在",A,心,肝,肺,脾,肾
热因热用适用于,E,真热假寒证,虚热证,实热证,寒热错杂证,真寒假热证
手少阳三焦经分布在,E,上肢内侧前缘,上肢外侧后缘,上肢内侧后缘,上肢外侧前缘,上肢外侧中线
适用于实寒证的治法是,A,寒则热之,阴中求阳,阳病治阴,阴病治阳,热则寒之
主胞胎的经脉是,A,任脉,督脉,冲脉,带脉,阴维脉
具有“主统血”功能的脏是,B,肺,脾,肝,心,肾
其性升散的邪气是,C,燥邪,风邪,暑邪,湿邪,寒邪
称为“娇脏”的是,D,肝,心,肾,肺,脾
分布于下肢内侧后缘的是,E,足太阴脾经,足厥阴肝经,足阳明胃经,足太阳膀胱经,足少阴肾经
"肝病胁痛,黄疸,久治不愈,渐成“癓积”,属于",D,伏而后发,感而即发,复发,继发,徐发
肝其华在,B,毛,爪,唇,面,发
血热是指,D,"气血失和,不荣经脉",血液循行迟缓或不畅或停滞,"血随气逆,咯血或呕血","血分有热,血行加速或迫血妄行",血液不足濡养功能减退
疠气是指,B,情志变化,乖戾之气,六淫邪气,异常气候,气机失常
后天各种因素使体质具有,D,全面性,普遍性,复杂性,可变性,稳定性
"感邪后某一部位病证未了,又出现另一部位病证的发病类型是",B,感邪即发,并病,继发,徐发,合病
"肝病胁痛,黄疸,久治不愈,渐成“癓积”,属于",D,伏而后发,感而即发,复发,继发,徐发
"具有疏通全身气机,促使气机畅达作用的是",A,肝的功能,肺的功能,肾的功能,心的功能,脾的功能
"对“春夏养阳,秋冬养阴”理解不恰当的是",A,"对于阳虚阴盛体质者,冬当用温热药物培补阳气","对于阴虚阳亢体质者,冬季当用凉润药物滋补阴气",要使人体的阴阳变化与四时阴阳变化相适应,是一种顺时养生的法则,"冬病夏治,夏病冬养是该养生原则的体现"
"“本乎天者亲上,本乎地者亲下”,说明了阴阳学说的哪种关系?",D,阴阳转化,阴阳对立制约,阴阳白和与平衡,阴阳互藏,阴阳互根互用
热者寒之适用的病证是,D,阴偏盛,阴偏衰,阳偏衰,阳偏盛,阴阳两虚
“受盛之官”指的是,A,小肠,大肠,膀胱,胆,胃
“阴中求阳”适用的病证是,A,阳虚,阴阳两虚,阳盛,阴虚,阴盛
易发生风温的季节是,C,夏,长夏,春,秋,冬
具有贮藏血液、调节血量和防止出血作用的脏是,B,肺,肝,心,脾,肾
"根据十二经脉流注次序,大肠经下交的经脉是",D,足太阳膀胱经,足少阳胆经,足厥阴肝经,足阳明胃经,手太阳小肠经
"根据十二经脉流注次序,肾经上交的经脉是",B,手太阳小肠经,足太阳膀胱经,足阳明胃经,足少阳胆经,足厥阴肝经
称为“水脏”的是,E,肝,脾,心,肺,肾
"体阴而用阳,是指",C,脾,肾,肝,肺,心
“阴病治阳”的适用病证是,B,阳盛,阳虚,阴虚,阴阳两虚,阴盛
"《素问·灵兰秘典论》称为“将军之官,谋虑出焉”的脏是",B,脾,肝,肾,肺,心
与湿浊内生关系最为密切的是,A,脾失健运,肾气不足,肺失宣降,三焦气化失司,膀胱失司
属于五行之“火”的五音是,B,羽音,徵音,宫音,角音,商音
具有泌别清浊功能的是,C,胆,三焦,小肠,膀胱,胃
"观察和测量身体各部分的大小、形状、匀称程度,以及体重、胸围、肩宽、骨盆宽度和皮肤与皮下软组织情况可判断",E,体姿,体表形态,性征,体型,体格
实证常见于外感病的阶段是,D,中期和后期,各个阶段,初期,初期和中期,末期
气随汗脱的理论依据是,E,气能生津,气能行津,气能摄津,气能化津,津能载气
与血液运行关系密切的脏腑有,E,脾肺肾肝,心脾肝肾,心肝肺肾,心脾肺肾,心脾肝肺
与痰饮形成关系密切的是,D,脾肝肾功能障碍,肺脾肝功能障碍,心肺脾功能障碍,肺脾肾功能障碍,肝肾心功能障碍
以上说法体现了阴阳对立制约关系的是,A,"阳盛则阴病,阴胜则阳病","阴损及阳,阳损及阴","阴在内,阳之守也","重阴必阳,重阳必阴","雨出地气,云出天气"
行于脉内的气是,B,宗气,营气,脏腑之气,元气,卫气
下列属于风邪性质和致病特征的是,B,"为阳邪,其性炎热","为阳邪,其性开泄","为阳邪,伤津耗气","为阳邪,易生风动血","为阳邪,其性炎上"
元气运行的道路是,D,心脉,胸腔,全身,三焦,脉外
下列著名医家中被称为“补土派”的代表是：,B,叶天士,李东垣,李中梓,张介宾,朱丹溪
“无阳则阴无以生，无阴则阳无以化”说明阴阳：,C,交互感应,对立制约,互根互用,消长平衡,相互转化
“见肝之病，知肝传脾”，从五行之间的相互关系看，其所指内容是：,C,木疏土,木克土,木乘土,木侮土,土侮木
精血同源是指哪两脏的关系：,D,心与肾,脾与肾,肺与肾,肝与肾,心与肝
联结心主血脉和肺司呼吸的中心环节是：,B,元气,宗气,心气,肺气,肝气
具有调节女子行经，男子排精功能的两脏是：,D,心与肾,肺与肾,脾与肾,肝与肾,肝与脾
五脏生理功能的特点是：,C,传化物而不藏，实而不能满,藏精气而不泻，实而不能满,藏精气而不泻，满而不能实,传化物而不藏，满而不能实,虚实交替，泻而不藏
以泄肝健脾法治疗肝旺脾虚证的治法称：,D,益火补土,滋水涵木,培土生金,抑木扶土,金水相生
“见痰休治痰而治气”的理论基础是：,B,气能生津,气能行津,气能摄津,津能载气,津能生气
主司二便的脏是：,A,肾,脾,小肠,大肠,肺
心主神志最主要的物质基础是：,B,津液,血液,精液,宗气,营气
十二经脉在腹面的分布，由内向外的顺序为：,C,足阳明经、足少阴经、足太阴经、足厥阴经,足阳明经、足太阴经、足少阴经、足厥阴经,足少阴经、足阳明经、足太阴经、足厥阴经,足少阴经、足阳明经、足厥阴经、足太阴经,足厥阴经、足阳明经、足少阴经、足太阴经
致病后可出现各种秽浊症状的邪气是：,D,风邪,寒邪,热（火）邪,湿邪,燥邪
病人持续高烧，突然出现面色苍白，四肢厥冷，脉微欲绝，其病机应是：,A,重阳必阴,寒极生热,阳胜则热，从阴化寒,阳损及阴,阳长阴消
何种气血关系失调，可出现人体某部瘫痪不用，甚至萎缩：,B,气滞血瘀,气虚血瘀,气不摄血,气随血脱,气血两虚
形成血虚病机的原因，下列哪项是不确切的：,C,失血过多，血脉空虚,脾虚气弱，生化无源,房劳过度而耗伤,,
“壮水之主，以制阳光”指:,C,阴中求阳,阳中求阴,阳病治阴,阴病治阳,治寒以热
攻补兼施治则适用于何证：,E,虚证,真实假虚证,实证,真虚假实证,虚实夹杂证
哪一项不属于内寒所表现的症状：,C,四肢逆冷,面色苍白,恶寒,蜷卧,少腹冷痛据按
阴阳属性的征兆是：,B,动静,水火,上下,晦明,寒热
痰饮、瘀血、结石在形成过程中均与下列哪项有关：,C,寒凝,气虚,气滞,血热,湿热
属于“子病犯母”的是：,C,脾病及肺,脾病及肾,肝病及肾,肝病及心,肺病及肾
梅核气的形成是由于：,D,肝气郁于咽喉,痰饮聚于咽喉,肿块生于咽喉,痰气交阻于咽喉,瘀血积于咽喉
患者素体虚弱，自汗易感冒，近2年呼吸困难，活动则气喘，呼多吸少。诊为：,D,肺气虚弱,脾气虚弱,肺失宣肃,肾不纳气,肺肾气虚
祛风湿，治疗风湿痹宜选,B,木瓜,苍术,独活,威灵仙,桑寄生
方剂的变化是指,B,剂量的增减,药味的增减,产地的变化,方名的变化,剂型的变化
汤剂的特点,B,吸收快,迅速发挥药效,便于加减使用,照顾到病人或病证的特殊性,药效持久
大承气汤适用于,A,阳明腑实证,热结旁流证,热厥属里热实证,下焦蓄血证,痉病或发狂属里热实证
麻子仁丸中各药的作用，下列正确的是,A,火麻仁润肠通便,大黄泻热通便,杏仁降气润肠,白芍养阴和里,枳实、厚朴行气宽中
生活失度导致妇科病，主要是,A,房劳多产,饮食不节,劳逸失常,跌扑损伤,嗜烟酗酒
现代社会出现新的病因有,A,免疫因素,生物因素,环境因素,淤血,痰饮
肾的功能失常，冲任损伤，导致妇科病，临床上分,A,肾气虚,肾阳虚,肾阴虚,肾阴阳两虚,阴虚阳亢
脾的功能失常，主要有,A,脾失健运,脾失统摄,脾虚下陷,脾胃虚弱,肝胃不和
在问诊时，主诉应该包括哪些要素,A,主要症状,主要体征,主要症状发生的持续时间,诱因,月经史
血瘀之因，妇产科常见的有,A,寒凝,气滞,热灼,气虚,外伤
下列哪些病证，呈现急性下腹痛时，可运用止疼的急治法,A,原发性痛经,经期间腹痛,子宫内膜异位症,慢性盆腔炎,卵巢囊肿蒂扭转
胎动不安的主要症状是,B,停经后阴道少量出血,腰腹下坠,少腹疼痛,腰酸,小腹痛
胎漏、胎动不安的常见病因病机是,A,血热,血瘀,肾虚,肝郁,气血虚弱
胎漏、胎动不安的患者应注意,A,不看刺激、惊险小说、电影,避免过度疲劳，跌扑外伤,不宜穿高跟鞋,禁私自用药,禁烟酒、浓茶和咖啡
输卵管妊娠发生的原因与哪些因素有关,A,慢性输卵管炎,输卵管发育不良,输卵管结扎后再通,盆腔内肿瘤牵引,孕卵外游
异位妊娠破裂时可有哪些临床表现,A,停经史和早孕反应,不规则阴道流血,突然发生下腹剧烈疼痛,休克,后穹隆穿刺可抽出不凝血
可参考癥瘕辨证治疗的西医妇科疾病包括,B,子宫肌瘤,卵巢肿瘤,盆腔炎性包块,陈旧性宫外孕血肿,盆腔结核性包块
根据癥瘕的临床特点的不同，古代医家曾分别称为,A,积聚,瘕,石瘕,肠覃,癥
急性盆腔炎最常见的是,A,输卵管炎,子宫内膜炎,盆腔脓肿,输卵管卵巢炎,卵巢炎
慢性盆腔炎既往史常有,A,急性盆腔炎,阑尾炎,不洁性生活史,月经不调,阴道炎
慢性盆腔炎临床常见的证型是,C,气虚血瘀,气滞血瘀,寒湿凝滞,湿热瘀结,痰湿瘀结
胶布皮肤牵引的注意事项包括,A,注意观察患肢末梢的血液循环,胶布和绷带有无松脱,有无胶布过敏，水泡，皮炎,牵引部位均应剃毛,抬高患肢
神经损伤与手的畸形关系中，下列哪些是正确的,A,垂腕垂指畸形—桡神经损伤,扳机手畸形—正中神经损伤,爪形手—尺神经损伤,猿手畸形—桡神经损伤,第、手指夹纸实验阳性—尺神经损伤
小夹板外固定后应注意,B,抬高患肢,观察患肢血运及活动情况,定期复查,扎带松紧度适宜,正确的功能锻
骨牵引的护理要点,A,各种骨牵引均抬高床尾～cm,注意有无肢体压迫性溃疡,指导患者行合理的功能锻炼,做到有效牵引,每天测量肢体长度与健侧比较
骨折病人功能锻炼,A,有利消肿,促进局部血液循环,防止关节僵硬、肌肉萎缩,应循序渐进,主动活动为主
石膏固定的注意事项有,A,石膏干固前，可用电吹风或其他方法烘干,观察患肢远端血运情况,注意观察有无固定性压痛,石膏松动，及时更换,指导合理功能锻炼
颈椎非手术治疗包括,A,颈椎牵引,推拿和按摩,封闭,药熨,化学治疗
下列护理措施说法正确的是,A,颈项僵硬可用红花油、麝香风湿油或按摩乳涂擦，按摩直至局部发红,注意颈部的保暖，忌吹风受寒或淋雨受湿,椎动脉型，应使用软颈围领限制头颈活动，不要过分旋转或屈伸，防止眩晕引起的猝倒,保持情绪乐观，学会自我心理调节,避免颈部劳累，不要长时间伏案工作，保持正确姿势
下列哪些症状列属中医理论腰椎间盘突出症血瘀证型,A,腰腿痛如刺，痛有定处，日轻夜重,腰背酸痛，腿膝乏力,舌质暗紫，或有瘀斑,腰部疼痛，腿软无力，痛处伴有热感，遇热或雨痛增,脉弦紧或涩
关于腰椎间盘突出症的健康教育正确的是,A,注意腰背部保暖，免受风寒之邪,注意劳动姿势，避免久坐、久站,保持治疗期间可用腰围保护，不可长期使用,生活有规律，饮食以补肝肾、壮筋骨为原则,平时注意多晒太阳，避免骨质疏松
下列哪些临床表现应是腰椎间盘突出症湿热证型所体现,A,腰部疼痛，腿软无力，痛处伴有热感，遇热或雨无痛增,恶热口渴，小便短赤,苔黄腻，脉濡数或弦数,苔白或腻，脉沉紧或濡缓,腰背酸痛，腿膝乏力，劳累更甚，卧则减轻
下列关于颈椎病说法正确的是,A,颈椎牵引是治疗颈椎病的有效方法之一，通常采用枕颌布带牵引,颈肩背痛为气滞血瘀所致者用伸筋草方，局部热敷治疗,颈椎病常用手术方法有前路手术和后路手术,注意枕头的高低及位置，平卧时枕头不宜过高，侧卧时，枕头可与肩同等高度,坚持颈部的功能锻炼，但不可使用蛮力或强行活动
下列关于腰椎间盘突出症说法正确的是,A,所有该患者均可针灸治疗,急性期应绝对卧床休息,腰腿痛为血瘀所致者在服舒筋活血汤期间应局部保暖，免受风寒湿邪,饮食宜营养丰富，忌生冷油腻食物,中药汤剂均可温服
下列哪些是夹板固定的禁忌症,A,较严重的开放骨折,难以整复的关节内骨折,难以固定的骨折,肿胀严重伴有水泡,伤肢远端脉搏微弱，末梢血循环较差
为什么腰椎间盘突出症术后卧床期间也应坚持四肢活动锻炼,B,预防肌肉萎缩,增强机体血液循环功能,提高机体健康状态,促进疾病愈合，预防并发症,防止神经根粘连
肛管直肠癌的早期表现有,B,便血,肠梗阻,腹部肿块疼痛,排便习惯改变,贫血、消瘦
痔常用的外治法有,A,挂线疗法,熏洗法,外敷法,塞药法,枯痔法
外痔的分类包括,A,炎性外痔,混合痔,静脉曲张性外痔,结缔组织性外痔,血栓外痔
肛门直肠疾病常见的发病因素有,A,风,湿,热,燥,气虚血虚
某患者，痔术后尿潴留，可采取哪些护理措施,A,车前子g，泡茶饮,针刺，取穴三阴交、阴阳陵泉、中极、关元、气海,新斯的明肌肉注,保留导尿,使用速尿
熏洗法的作用有,A,清热解毒,收敛止血,消肿止痛,祛风除湿,杀虫止痒
毫针的进针方法,A,指切进针法,舒张进针法,夹持进针法,提捏进针法,提插捻转法
毫针针刺的禁忌症,B,患者疲乏，饥饿或精神高度紧张,皮肤有感染、瘢痕或肿痛的部位,高度水肿及有出血倾向患者,小儿囟门未闭时，头顶腧穴,孕妇的下腹、腰骶部及合谷、三阴交、昆仑、至阴等通筋活络的腧穴
耳穴埋籽的禁忌症包括,A,怀孕的妇女,有习惯性流产的孕妇,月经期的妇女,耳部有炎征、冻伤的部位,耳廓皮肤有充血、丘疹、脱屑、凹陷等
耳穴的分布规律正确的是,A,与头面部相应的穴位在耳垂或耳垂邻近,与上肢相应的穴位在耳舟,与躯干和下肢相应的穴位在对耳轮和对耳轮上、下脚,与内脏相应的穴位多集中在耳甲艇和耳甲腔,消化道的穴位在耳轮脚周围环行排列
常用的拔罐方法包括,A,留罐法,闪罐法,走罐法,刺血拔罐,留针拔罐
耳穴交感的主治包括,A,消化、循环系统功能失调,哮喘,急惊风,感冒,痛经
关于涂药，以下说法正确的是,A,涂药前需清洁局部皮肤,涂药不宜过厚、过多，以防毛孔闭塞,刺激性较强的药物，不可涂于面部；婴幼儿禁用,混悬液先摇匀后再涂药,涂药后，如局部皮肤有丘疹、奇痒或局部肿胀等过敏现象，应立即停用，并将药物擦净或清洗，必要时遵医嘱给予抗过敏药物
以下哪种情况不适合用药熨法,A,腹痛伴有发热,局部无知觉,大血管处,跌打损伤引起的局部肿痛,虚寒性的胃脘痛
白疕是指,A,"“肤如疹疥,色白而痒,搔起白皮”而得名",是一种常见的易于复发的炎症性皮肤病,其特点是在红斑上有松散的银白色鳞屑,抓之有薄膜及露水珠样出血点,"病程长,不易根治,男多于女,有遗传倾向"
根据白疕的临床特征可分为,A,寻常型,脓疱型,关节型,红皮病型,普通型
湿疮的特点是,A,皮损对称分布，多形损害，剧烈瘙痒，有湿润倾向,根据病程可分为急性、亚急性、慢性三类,急性湿疮以丘疱疹为主，有渗出倾向,慢性湿疮以苔藓样变为主，易反复发作,亚急性湿疮以丘疹、结痂、鳞屑为主，剧烈瘙痒，夜间尤甚
皮肤病外用药使用原则,A,根据病情阶段用药,用药先温和后强烈,用药浓度先低后浓,注意控制感染,注意药敏反应
我国现存第一部脉学专著是,B,《难经》,《脉经》,《中藏经》,《脉神章》,《濒湖脉学》
《察病指南》是诊法专著，其作者是,C,李中梓,李东垣,施发,陈言,杜清碧
曹炳章所著的舌诊专著是,E,《伤寒舌鉴》,《观舌心法》,《伤寒金镜录》,《察舌辨证新法》,《彩图辨舌指南》
我国第一部论述病源与证候诊断的专著，成书于,B,汉代,隋代,宋代,元代,明代
中医诊断学的三大原则是,A,整体审察 诸诊合参病证结合,舍症从脉舍脉从症 脉症合参,辨证求因 审因论治依法处方,证候真假证候错杂 四诊合参,表里出入 寒热转化虚实转化
我国第一部论述病源与证候诊断的专著是,C,《伤寒杂病论》,《三因极一病证方论》,《诸病源候论》,《内经》,《察病指南》
论舌的第一部专著是,D,《舌鉴》,《彩图辨舌指南》,《点点金》,《伤寒金镜录》,《望诊遵经》
首先讨论阴阳与六变的是,B,《内经》,《景岳全书·传忠录》,《难经》,《伤寒杂病论》,《医学心悟》
《脉经》的作者是,E,张仲景,叶天士,王叔和,巢元方,孙思邈
林之翰所著的四诊专著是,A,《四诊抉微》,《四诊心法要诀》,《四诊韵语》,《四诊法》,《察病指南》
创立卫气营血辨证方法的医家是,A,叶天士,张仲景,吴鞠通,汪宏,吴又可
最早开始记录病人的姓名举止病状以及方药等作为诊疗的原始资料的医家是,E,叶天士,张仲景,张介宾,汪宏,淳于意
对黄疸病人做实验观察并做早期记载的是,D,《伤寒杂病论》,《三因极一病证方论》,《诸病源候论》,《肘后备急方》,《察病指南》
论述危重疾病的“十怪脉”的医家是,B,李东垣,危亦林,吴鞠通,汪宏,张仲景
可用“离、合、出、 A入”概括其循行分布特点的是,B,十五别络,十二经别,十二经筋,十二经脉,奇经八脉
素体阳虚又感受寒邪的患者，治以助阳解表法，应属于：,C,先治其标,先治其本,标本兼治,虚则补之,以上皆不是
疠气最主要的致病特点是：,D,发病急,病势重,症状相似,传染性强,老少皆能致病
下列哪一项属于肝脏病理中的虚者：,C,肝气郁结,肝火上炎,肝阳上亢,肝胆湿热,肝郁气滞
充养脑髓、滑利关节的主要是:,E,精,气,血,津,液
“通因通用”适用于下列哪种病证：,C,脾虚泄泻,肾虚泄泻,食积泄泻,气虚泄泻,寒湿泄泻
病人腹胀，下午尤甚，纳差、便溏3个月，近来伴心悸、失眠、多梦。舌淡，脉细弱无力。诊为：,D,心血不足,脾气虚弱,脾阳不足,心脾两虚,心肝血虚
患者平素沉默寡言，性格内向，近月余观精神过度抑郁，胸闷太息，纳呆腹胀，泄泻。诊为：,E,肝气郁结,脾失健运,心血不足,心神失养,肝脾不调
反映体质的体表形态标志是:,E,性征,体姿,体重,体型,体格
下列除哪项外，均属“五液”内容：,A,尿,涎,涕,泪,唾
易于感冒，是气的什么功能减弱的表现：,C,推动作用,温煦作用,防御作用,固摄作用,中介作用
临床出现自汗、多尿、出血、遗精等症，是气的哪一项功能减退：,D,推动与调控作用,温煦作用,防御作用,固摄作用,中介作用
临床上气的异常导致血失常时，下述哪一项不妥?,C,血虚,血脱,血燥,血瘀,出血
《内经》所说：“大怒则形气绝，而血菀于上，使人薄厥”的病机，是指：,D,气不摄血,气机逆乱,血随气脱,血随气逆,血随气结
历代医家尊之为“医家之宗”的医学著作是：,A,《黄帝内经》,《难经》,《伤寒杂病论》,《神农本草经》,《温病条辨》
《补注黄帝内经素问》的作者是：,A,王冰,杨上善,张景岳,全元起,高士宗
《素问·阴阳应象大论》指出药食气味中气厚的性能是：,E,宣散,通,呕,发泄,发热
据《素问·六节藏象论》论述，十一藏的功能取决于何藏？,E,肝,心,脾,肾,胆
下列除哪项外，反映了《素问·五藏别论》“魄门亦为五藏使”的含义:,C,魄门的启闭，依赖于心神的主宰。,魄门的启闭，依赖于肝气的条达，脾气的升提。,魄门的启闭，依赖于胃气的下降。,魄门的启闭，依赖于肺气的宣降。,魄门的启闭，依赖于肾气的固摄。
《素问·经脉别论》“府精神明，留于四脏”之“四脏”是指:,C,心肺肝脾,心肺肝肾,心肝脾肾,心肺脾肾,脾肺肝肾
《灵枢·营卫生会》指出，营卫五十而复大会的时间是:,A,子时,寅时,午时,酉时,亥时
《素问·生气通天论》有“阴者，藏精而起亟也；阳者，卫外而为固也”说明:,C,阴阳对立,阴阳偏盛,阴精和阳气的生理关系,阴精和阳气的病理关系,阴阳各自的生理关系
《素问·举痛论》指出：气泄的病因是:,E,恐,悲,惊,劳,炅
据《素问·咳论》冬季肺受病，是从何脏传来？,E,心,肺,肝,脾,肾
《素问·痹论》湿邪引起的痹证是:,E,行痹,筋痹,痛痹,骨痹,着痹
哪项治法属反治:,C,散者收之,劳者温之,甚者从之,客者除之,坚者削之
《素问·脉要精微论》中，肺的应时常脉是:,D,规,矩,代,衡,权
《素问·阴阳应象大论》，诊法纲领是:,E,审机求属,望闻问切,五决为纪,辨标本,先别阴阳
《素问·上古天真论》指出人体生长发育的关键是:,D,五脏气充,天癸形成,水谷摄入,肾气充盛,三焦气化
《素问·四气调神大论》春夏养阳秋冬养阴观点是:,A,春夏顺其生，秋冬顺其藏,阳为阴根,春阳外盛,应养内虚阳,顺其气
《素问·阴阳应象大论》“精不足”的治法:,D,发之,扬之,掣引之,补之以味,温之以气
《素问·生气通天论》“首如裹”的病因:,D,寒,火,暑,湿,气
《素问·生气通天论》烦劳则张，精厥的病机是:,A,煎厥,大厥,薄厥,气厥,寒厥
阴阳学说的基本内容有,A,阴阳对立制约,阴阳互根互用,阴阳消长平衡,阴阳相互转化,阴阳偏盛偏衰
与血液运行关系密切的脏是,A,心,肝,脾,肺,肾
以下何脏腑与水液代谢有关,B,肺,脾,肾,三焦,膀胱
"五脏之中,与饮食物的消化吸收关系密切的有",A,心,肝,脾,肺,肾
“气为血之帅”，具体表现为,A,气能生血,气能行血,气能摄血,血能载气,血能生气
气的生理功能有,A,推动作用,温煦作用,防御作用,固摄作用,气化作用
六淫致病的共同特点是,B,外感性,季节性,地区性,相兼性,转化性
寒邪的性质和致病特点是,A,黏滞,凝滞,收引,"趋下
E 重浊",
引起疾病的常见原因是,A,六淫,七情,疠气,药邪,医过
风邪的性质和致病特点是,A,轻扬开泄,善行数变,主动,易耗气伤津,为百病之长
下列哪些是疠气的致病特点,A,"传染性强,易于流行","发病急骤,病情危笃","一气一病,症状相似",转化性,地区性
正气是指,A,人体的机能活动,抗邪能力,驱邪外出的能力,康复能力,对外界环境的适应能力
疾病复发的诱因是,A,复感新邪,食复,劳复,药复,伏邪
虚证临床可见到,A,五心烦热,脉实有力,久病消耗精气,畏寒肢冷,食积不化
实证临床可见到,B,二便不通,脉实有力,瘀血内阻,心悸气粗,水湿泛滥
“因人制宜”主要根据病人的什么不同特点来考虑治疗用药,A,饮食偏嗜,性别,劳逸损伤,年龄,体质
“因时制宜”原则是指,C,夏季慎用温热,冬季慎用寒凉,暑邪致病应解暑化湿,秋季外感宜辛温发散,冬季宜食热性食物
中医学“治未病”的预防思想包括,C,辨证求因,因时制宜,未病先防,既病防变,审因论治
下列哪些属于“治未病”的内容,C,治病求本,急则治其标,调摄精神,加强锻炼,先安未受邪之地
我国正常人的面色是,A,五色鲜明,夏季稍黄,红黄隐隐,明润含蓄,秋季稍白
红绛舌，常见于,A,里实热证,阴虚火旺证,气虚血瘀证,痰瘀内阻证,食滞气郁证
望舌时应注意,A,光线,染苔,伸舌姿势,年龄体质,禀赋
腻苔主病为,A,湿浊,痰饮,食积,胃气虚,邪热有余
痛证可见下列何脉,B,弦脉,紧脉,缓脉,代脉,迟脉
四气的临床意义,A,根据病证的寒热择药,根据病证寒热程度择药,寒热错杂者，寒热并用,真寒假热者，治以热药,真热假寒者，治以寒药
入心经清心火宜选,B,淡竹叶,黄连,栀子,黄芩,青蒿
既能平肝阳又能息肝风的药物是,A,珍珠,钩藤,天麻,全蝎,蚯蚓
用药禁忌主要包括,A,配伍禁忌,病证用药禁忌,妊娠用药禁忌,饮食禁忌,十八反
长于清泄肺热的药物是,B,黄芩,黄连,地骨皮,石膏,桑白皮
苦杏仁、桃仁的共同功效是,A,活血化瘀,止咳平喘,宣肺利水,润肠通便,消痈排脓
甘草功能补脾益气、润肺止咳、缓急止痛、清热解毒，可用于解下列哪些毒,A,痈肿疮毒,水火烫伤毒,农药中毒,食物中毒,药物中毒
下列哪些药物能治肠燥便秘,A,火麻仁,郁李仁,桃仁,杏仁,芒硝
利水渗湿药适应的病证是,A,淋证,痰饮证,水肿证,小便不利,黄疸
下列哪些药物具有安胎作用,C,砂仁,黄芩,杜仲,菟丝子,桑寄生
平肝明目，治疗肝阳上亢眩晕宜选,A,白芷,荆芥,桑叶,葛根,菊花
麻黄汤的药物组成有（应为组成没有）,A,薄荷,麻黄,杏仁,桂枝,甘草
凡服用解表剂后宜,D,宜大汗,宜避风寒,宜无汗,宜微汗,宜增加衣被
逍遥散主治证的病机是,A,肝郁,血瘀,血虚,血热,脾弱
白虎汤用于以下病证,A,壮热而赤,烦渴引饮,汗出恶热,喘咳,脉洪大有力
以六一散以基础方加味组成的方剂是,A,益元散,碧玉散,鸡苏散,鸡鸣散,清暑益气汤
阳和汤中用麻黄之目的在于,A,辛温达卫、宣通经络,引阳气、开寒结,宣肺平喘,发越阳气,利水消肿
四君子汤与理中丸共有的药物是,A,人参,白术,茯苓,炙甘草,干姜
凉开三宝指的是,A,紫雪,安宫牛黄丸,朱砂安神丸,至宝丹,紫金锭
下列哪些是滚痰丸的组成药物,A,大黄,半夏,黄芩,礞石,沉香
下面哪些属于“八法”内容,A,消法,和法,吐法,散法,补法
保和丸的主治是,A,肉食之积,米食之积,酒食之积,面食之积,一切食积
白虎汤的组成,A,石膏,知母,甘草,滑石,粳米
内服驱虫剂的注意事项,A,空腹服药，忌食油腻,注意有毒药物的剂量,年老体弱及孕妇慎用或忌用,药后应注意调理脾胃,多用丸剂，不用煎剂
手三阴经是指,A,手太阴肺经,足厥阴肝经,手少阴心经,足太阴脾经,手厥阴心包经
下列针灸治疗体现循经取穴的是,A,肚腹三里留,头项寻列缺,面口合谷收,多汗取复溜,乳少取少泽
经络的作用是,B,联系脏腑,运行气血,屈伸关节,抗御病邪,保卫机体
腧穴的分类有,A,交会穴,经穴,奇穴,特定穴,阿是穴
有固定名称和固定位置的是,B,奇穴,阿是穴,募穴,十四经穴,交会穴
足阳明胃经联络的脏腑器官有,A,耳,胃,心,口,鼻
足太阴脾经联络的器官有,A,咽喉,舌,鼻,目,耳
手指同身寸定位法包括,A,中指同身寸,拇指同身寸,简便定位法,解剖定位法,横指同身寸
行毫针针刺时的进针手法有,A,单手进针法,指切进针法,舒张进针法,提捏进针法,夹持进针法
针刺时出现的异常情况包括,A,晕针,滞针,弯针,断针,血肿
手太阳小肠经联系的器官有,A,耳,口,鼻,目,齿
灸法的作用有,A,温经散寒,扶阳固脱,消淤散结,防病保健,调节阴阳
针刺基本手法有,A,提插法,仰卧法,捻转法,震颤法,迎随法
拔罐法的作用有,A,通经活络,行气活血,消肿止痛,祛风散寒,清热泻火
拔罐的方法有,A,留罐法,走罐法,闪罐法,刺血拔罐法,留针拔罐法
起于胞中的经脉有,A,冲脉,带脉,任脉,阴维脉,督脉
行艾灸的禁忌有,A,实热证,阴虚发热者,孕妇的腹部,寒湿痹痛,痛经
可用于耳穴埋籽的材料有,A,王不留行籽,油菜籽,小米,绿豆,磁珠
“养生”属中医学特有的概念，它是以自我调摄为主要手段，以推迟衰老、延年益寿为目的的多种保健方法的综合，亦称为,A,摄生,生活,卫生,道生,保生
金元医学四大家，是指,A,刘完素,张子和,李东垣,朱丹溪,李时珍
“养肺”必须注重“宣降”特性，须在辨证施补基础上选用适应其性的,C,辛味发散药,下行通降药,甘淡渗湿药,辛热温阳药,活血化瘀药
构成维持生命活力，支配生命运动的重要物质,A,脾胃,肾,精,气,神
调节情志的主要方法有,A,清静法,陶冶法,制约法,宣泄法,药食法
传统健身运动的运用原则应遵循,A,因人而异,因时制宜,循序渐进,持之以恒,一步到位
食物的性味，古代简称为（   ）等,A,食气,食性,食味,食用,食疗
临床上常用利水消肿的食品有,A,赤小豆,冬瓜,薏苡仁,芝麻,羊肉
五味对人体的五脏有特定的亲和性，五味调和才能对五脏起到全面的补益作用，五味是指,A,辛,甘,酸,苦,咸
扶正药物的类别有,A,补气类,养血类,助寒类,助阳类,滋阴类
扶正药物的应用原则有,A,适时用药,因人用药,最重脾胃,宜偏宜过,忌偏忌滥
保健灸常用的强壮穴位有,B,足三里,神阙,曲池,关元,涌泉
患者发生喘脱，护士应做好哪些护理措施,A,立即汇报医生，积极配合抢救处理,予床边心电监护，加强巡视,准确记录患者心率、呼吸、面色、瞳孔、尿量等变化,艾灸气海、关元、百会、神阙,专人护理，做好各项生活护理
下列喘证健康教育措施中正确的是,A,劝导病人戒烟，平时避免接触刺激性气体及灰尘、花粉等,慎起居，适寒温，注意四时气候变化，随时增减衣被，以防外感,合理膳食，增加营养的摄入，提高机体抗病能力,适当锻炼，增强体质，加强呼吸肌功能锻炼，以改善呼吸功能,保持心情舒畅，避免不良情志刺激。慢性缺氧状况者，应坚持长期氧疗
以下病因中，属于血证主要病因的是,A,感受外邪,情志过极,饮食不节,劳倦过度,体虚久病
血证的病机可归纳为,A,火热薰灼，迫血妄,气虚不摄，血溢脉外,湿热内蕴，肝郁化火,胃失和降，气血不和,淤血阻络，血不循经
血证的治疗原则可归纳为哪几个,A,治火,滋阴,治气,温肾,治血
咯血与吐血均经口而出，但两者截然不同，咯血主要从哪几方面与吐血相鉴别,A,血由肺来，经气道随咳嗽而出,血色多为鲜红，常混有痰,咯血之前多有咳嗽、胸闷、喉痒等临床表现,大量咯血后，可见痰中带血数天,大便多呈黑色
"鼻衄多由火热迫血妄行所致，其中以（
）为常见",A,肺热,心火,胃热,阴虚火旺,肝火
吐血在现代医学中主要见于哪些疾病,A,上消化道出血,食管炎,急、慢性胃,胃粘膜脱垂,某些全身性疾病
胃热壅盛所致吐血的主要临床表现有哪些,A,脘腹胀闷，甚则作痛,吐血色红或紫黯，常夹有食物残渣,口苦胁痛，心烦易怒，寐少梦多,神疲乏力，心悸气短,大便色黑
尿血临床主要证型有哪些,A,下焦湿热,肾虚火旺,脾不统血,气虚血溢,阴虚火旺
血证患者的观察要点包括以下哪些内容,A,观察鼻衄、齿衄、咯血、吐血的色、质、量，注意出血的诱发因素,观察二便的色、质、量、形状、次数， 必要时留取标本送检,"观察肌肤出血的部位、面积、颜色的深浅,随证施护",观察患者面色、呼吸、神志及生命体征变化，监测血压、心率、脉搏、尿量等,咯血患者如见胸闷、呼吸急促、面色青紫，甚或意识模糊，此为窒息先兆，应立即抢救
肌衄血热妄行证主要有哪些临床表现,A,皮肤出现青紫斑点或斑块,伴有鼻衄、齿衄、便血、尿血,颧红，心烦口渴，手足心,神疲乏力，头晕目眩,舌红苔黄，脉弦数
在护理肌衄患者时，以下正确的是,A,注意自我保护，防止皮肤受到磕、碰、压、撞等外力损伤,保持内衣裤清洁柔软，以棉质或丝质布料为佳,尽量避免使用针灸、拔火罐等治,止血带结扎不宜过紧，不宜使用粘性过大的胶布，防止撕胶布时损伤皮肤,拔针后按压时应用力，时间一般不少于分钟
鼻衄患者出血时的处理方法正确的是,A,可用冰块冷敷前额或颈后部或用食指、大拇指用力按压鼻根,可用棉球蘸焦山栀粉、云南白药、三七粉等塞鼻,立即将头上仰，以防出血不止，气随血脱,出血不止者，可用大蒜泥敷于涌泉穴，以引血下行,保持心情舒畅，避免情志刺激
下列血证的护理中正确的是,A,保持病室环境的安静，卧床休息，避免疲劳，减少不良刺激,保持大便通畅，勿怒责，便秘者可用大黄～g泡服,鼻衄者，应注意保持病室通风干燥，平时不要抠挖鼻孔,注意口腔卫生，平时可经常以银花甘草液漱口，每日次，保持口腔清洁,齿衄患者牙刷宜软、细、密，刷牙方法正确，不宜过分用力，防止损伤牙龈
在胸痹的治疗中，祛邪治标常选用哪些方法,A,活血化瘀,滋阴益肾,辛温通阳,泄浊豁痰,温阳补气
胸痹与真心痛的鉴别要点包括,B,病势缓急,疼痛性质、程度、时间,服药后是否缓解,伴随症状,预后情况
以下哪些是胸痹之阳气虚衰证的临床表现,C,胸部刺痛，固定不移,胸闷气短，面色苍白,神倦怯寒，遇冷则心痛加剧,唇甲淡白或青紫,肢体沉重，倦怠乏力，纳呆便溏
胸痹的饮食护理中，正确的是,A,心阴两虚者，忌食生冷瓜果以及其他凉性食物，宜安神温补之品，如猪心炖莲子、烧羊肉、狗肉等,心阳气虚者，忌食辛辣烟酒及其他热性食物，宜滋阴养血之品，如红枣龙眼汤、百合银耳羹、莲芯、玉竹茶,痰火内盛者，忌食甘肥油腻、生痰助湿之品，宜食清淡化痰之品，如雪羹汤,心血瘀阻者，控制食量，切忌饱餐，勿食动物油脂，宜清淡，少油化瘀之品，如瘦肉、鱼类、清炖鸡,心火炽盛者，忌食辛辣煎炸动火之品，宜食清火之品，如莲芯克泡水代茶日饮
胸痹的发生多与哪些因素有关,B,寒邪内侵,饮食不当,情志失调,年老体虚,劳欲过度
黄疸的病位主要在哪些脏腑,C,肾,脾,胃,肝,胆
以下哪些不是黄疸病急黄的主要临床表现,A,发病急骤，黄疸迅速加深，其色如金,高热烦渴，神昏谵语，烦躁抽搐,心悸气短，肢软乏力，纳呆便溏,"皮肤瘙痒，胁痛腹满,或见衄血、便血",舌淡，苔薄，脉濡细
黄疸寒湿阻遏证主要有哪些临床表现,A,身目俱黄，黄色晦暗,"脘闷腹胀，食欲减退,大便溏薄",神疲畏寒，口淡不渴,心悸气短，肢软乏力,舌淡，苔白腻，脉濡缓或沉迟
胃痛的发生主要与哪些因素有关,A,外邪犯胃,饮食伤胃,情志不畅,脾胃虚弱,年老体虚
寒邪客胃型胃痛主要的临床表现是,C,胃痛暴作，恶寒喜暖,得温痛减，遇寒加重,痛连两胁，喜长叹息,口淡不渴，或喜热饮,舌淡苔薄白，脉弦紧
以下哪些不是瘀血停滞型胃痛的主要特点,A,痛如针刺、刀割，痛有定处,疼痛持久，按之痛甚,口苦口干，烦躁易怒,食后加剧，入夜尤甚,舌红少苔，脉细数
胃痛的饮食护理包括以下哪些内容,C,饮食以软、烂、热、易消化、富营养为宜,少量多餐，注意饮食卫生，勿暴饮暴食,胃酸过多者，不宜食过酸食物,"胃痛发作期宜食用清淡而富有营养的流质或半流质,恢复期改为软饭或面食",急性大出血应禁食，少量出血，可进温凉、清淡流质
以下对胃痛的服药护理中，正确的是,A,寒性胃痛，药宜稍温凉服,健胃药、制酸药宜饭后服，消导药宜空腹,气滞胃痛，可予延胡粉、木香粉各克口服，以理气和胃止痛,血瘀胃痛，可给服三七粉、延胡粉各克，以理气活血止痛,肝胃郁热，可给服玄胡粉、黄连粉各克，以泻热理气止痛
中风的病因主要包括哪些方面,A,积损正衰,劳欲过度,饮食不节,情志所伤,气虚邪中
内科护理的基本原则包括,A,预防为主,标本缓急,正护反护,同病异护，异病同护,三因制宜
辨证施护主要包括以下哪几项,A,辨证护理,辨病护理,临症施护,辨症护理,辨证论治
病情观察的主要内容包括以下哪些方面,A,观察病人的症状、体征及身体状况、精神面貌等,原有症状减轻或加重的程度,苔脉的变化情况,精神状态、食欲的观察,病人用药后的疗效及反应
中医饮食护理的基本要求包括,A,饮食有节,饮食随和,饮食宜洁,治疗饮食,辨证施食
以下哪些是风寒感冒主要的临床表现,A,恶寒重，发热轻，无汗,头痛，肢节酸痛,鼻塞流清涕,口不渴或渴喜热饮,舌苔薄黄，脉浮数
以下哪些是气虚感冒主要的临床表现,A,经常感冒，反复不愈,身楚倦怠，咳痰无力,恶寒较甚，发热无汗,口不渴或渴喜热饮,舌苔淡白，脉浮无力
在感冒各证型的治疗方法与主要方剂中正确的有哪些,A,风寒感冒：辛温解表，方药：荆防败毒散加减,风热感冒：辛凉解表，方药：银翘散加减,暑湿感冒：清暑祛湿解表，方药：参苏饮加减,气虚感冒：益气解表，方药：新加香薷饮加减,阴虚感冒：滋阴解表，方药：加减葳蕤汤
下列感冒的护理要点中正确的是,A,饮食清淡，忌油腻，鼓励患者多饮热水,保持口腔清洁，可用银花甘草液漱口，每日三次,风寒感冒者忌生冷，多喝热稀粥或热水，风热感冒多食水果，口渴者可给清凉饮料,气虚感冒宜选温补易消化的食物，如山药粥、黄芪大枣粥、牛奶等,平时用冷水洗脸，冷敷鼻部，增强机体抵抗力
感冒的服药护理包括哪些内容,A,解表药宜武火快煎,外感风寒或体虚感冒汤药宜热服,外感暑湿、风热者汤药宜凉服,服发汗药后忌服酸醋、生冷之品，以免收涩，有碍解表发汗。不可过汗，中病即止,服辛温解表药后应卧床休息，盖被以利周身微微汗出；或喝热稀饭、热米汤以培汗源
喘证的病位主要涉及哪些脏腑,A,肺,肾,肝,脾,心
下列喘证的治疗原则中，正确的是,A,实喘治肺，治以祛邪利气,根据寒、热、痰、气的不同，实喘的治疗方法包括温宣、清肃、化痰、降气等,虚喘治肾，治以培补摄纳,针对脏腑病机的不同，虚喘采用的治疗方法有补肺、纳肾、温阳、益气、养阴等,虚实夹杂者，当分清主次，权衡标本，适当处理
喘证中实喘主要包括哪些主要证型,A,风寒袭肺,喘脱,痰热郁肺,表寒里热,肝气郁闭
实喘痰浊阻肺证主要的临床表现包括,A,喘而胸满闷窒，甚则胸盈仰息,痰多粘腻色白，咯吐不利,痰多粘稠色黄，或夹血色,呕恶纳呆，口粘不渴,苔厚腻色白
实喘的临床常见的主要证型包括哪些,B,风寒袭肺,表寒里热,痰热郁肺,痰浊阻肺,肝气郁闭
喘证的治疗原则中虚喘治疗应以肾为主，以培补摄纳，针对脏腑病机的不同分别采用哪些具体方法,C,温宣,补肺,益气,温阳,纳肾
以下不属于喘证临证护理的有,C,痰热郁肺所致喘促者，可按揉定喘、天突、丰隆、膻中,虚证可灸气海、关元、神阙、三阴交、肾俞、命门等穴,保持情绪稳定，避免各种不良情志刺激,发生喘脱时可艾灸气海、关元、百会、神阙,饮食宜清淡，增加维生素及微量元素的摄入，根据寒热证候辩证施食
以脏腑命名的外科疾病有,A,肠痈,肝痈,乳痈,子痈,肺痈
疖的临床表现有,B,生于皮肤浅表的急性化脓性疾病,局部红肿热痛,肿势蔓延,范围在cm以内,易成脓破溃
无头疽的西医学讨论范围包括,B,四肢感染,化脓性骨髓炎,化脓性关节炎,化脓性淋巴结炎,全身化脓性感染
臁疮的临床表现包括,A,发生在小腿部中下三分之一,生于小腿下三分之一处,踝骨上cm的内外臁处,发生在小腿部的慢性溃疡,溃疡日久难敛
外科疾病阴阳辩证中属于阳证的有,B,皮肤红赤,高肿突起,肉芽红活润泽,脓质稠厚,病程比较短
外科疾病阴阳辩证中属于阴证的有,B,病位在皮肤肌肉,疼痛和缓、隐痛或不痛,皮肤苍白或皮色不变,肿胀范围为根盘收束,预后多顺
常见的外治法有,A,贴敷疗法,药物疗法,手术疗法,挂线疗法,其他疗法
外治中常用的草药有,B,旱莲草,蒲公英,野菊花叶,白茅花,丝瓜叶
乳痈常见的证型有,B,气虚血瘀证,气滞热壅证,正虚毒恋证,热毒淤血证,气虚毒恋证
丹毒的临床表现有,A,病起突然，口干怕热,局部皮肤忽然变赤，灼热肿胀,边界不清,迅速扩大且发无定处,数日内可逐渐痊愈，易复发
女性的特殊生理包括,A,月经,产育,妊娠,带下,哺乳
妊娠生理现象是,A,滑脉,停经,妊娠反应,子宫增大变软，腹部膨隆,乳头、乳晕着色，乳房增大
妇科常见的病因有,A,寒热湿邪,七情内伤,生活失度,体质因素,淫邪因素
七情内伤导致妇科疾病，为害尤甚者有,A,怒,思,恐,忧,悲
妇科疾病主要病机是,C,脏腑功能失常,气血失调,冲、任、督带损伤,胞宫、胞脉、胞络受损,肾—天癸—冲任—胞宫生殖轴失调
下列可以选择刮痧疗法的是,E,高热中暑,颈肩背疼痛,急性腹痛腹泻,感冒引起的头痛,以上全是
外用药剂型选择正确的有,A,斑、丘疹——洗剂,渗出糜烂——溶液湿敷,苔藓样变——软膏,风团、抓痕——油剂,水疱、脓疱——粉剂
湿敷方法正确的是,C,湿敷用于慢性皮肤病,用—层消毒纱布置于药液中浸透,稍拧至不滴水为度，敷于患处,温度控制在-度,一般每—小时换次
为预防腹泻，下列正确的有,A,提倡母乳喂养,避免受凉,注意饮食卫生,断奶不限季节,科学添加辅食
小儿腹泻的护理措施包括下列哪些,A,感染性腹泻要床边隔离,保持口腔清洁,保持臀部清洁,观察大使次数、性状、颜色、气味及数量，准确记录出入量,必须卧床休息
测量头围方法正确的是,A,自双眉弓上缘处,自双眉弓下缘处,经过枕骨结节,绕头一周的长度,经过枕骨绕头一周的长度
麻疹的逆证包括,A,麻毒闭肺,麻毒伤肝,热毒攻喉,邪陷心肝,热入营血
纯阳之体是指小儿,B,生机蓬勃,发育迅速,好比旭日之初升，草木之方萌,蒸蒸日上,欣欣向荣
属于哮喘缓解期证型为,A,肺脾肾皆虚,肺脾气虚,脾肾阳虚,肺肾阴虚,肾阳虚衰
麻诊患儿隔离要求是,A,按呼吸道传染病要求隔离,一般隔离至出疹后天,应隔离至热退后天,并发肺炎者隔离至出疹后天,并发肺炎者隔离至热退后天
小儿变蒸有一定的规律性,A,小儿自出生日为一变，二变为一小蒸,变小蒸，历时日，小蒸完毕,小蒸以后是大蒸，前二个大蒸各为日,第三个大蒸是日，合计日，变蒸完毕,上述说法出自《诸病源候论》
哮喘患儿护理措施不正确的有,A,病室新鲜，可适当摆放花草,注意防寒保暖，随天气变化增减衣服,哮喘发作较甚时取平卧位休息,注意观察有无鼻痒喷嚏，干咳胸闷等发病先兆,必要时予以吸氧吸痰
泄泻患儿辨证用药正确的是,A,葛根芩连丸——湿热泻,藿香正气液——风寒泻,纯阳正气丸——中寒泄泻,健脾八珍糕——脾虚泻,附子理中丸——脾肾阳虚泻
下述哪项不属于四诊的内容,D,望色,诊舌,切脉,诊病,嗅气味
确立中医学理论体系的著作是,B,《伤寒杂病论》,《黄帝内经》,《难经》,《类经》,《神农本草经》
为中药学奠定了理论基础的是,A,《神农本草经》,《难经》,《伤寒杂病论》,《黄帝内经》,《备急千金药方》
中医整体观念的内涵是,E,人体是一个有机的整体,时令对人体的影响,自然界是一个整体,五脏六腑、奇恒之腑是一个整体,人体是一个整体，人与社会、自然环境相统一
中医的第一部病因病机证候学专著是,C,《灵柩》,《脉经》,《诸病源候论》,《备急千金药方》,《金匮要略》
中医诊治疾病主要着眼于,D,疾病,症状,体征,证候,以上都不是
儒家文化对中医学的影响包括,A,以人为本,炼丹术,八段锦,辨证论治,以上都不是
我国第一部临床医学专著是,E,《灵柩》,《脉经》,《诸病源候论》,《备急千金药方》,《伤寒杂病论》
我国第一部脉学专著是,B,《脉望》,《脉经》,《文魁脉学》,《濒湖脉学》,《一指禅》
我国现存最早的针灸学专著是,A,《针灸甲乙经》,《针灸大成》,《针经》,《针道》,以上都不是
堪称我国第一部医学百科全书的是,A,《备急千金药方》和《千金翼方》,《本草纲目》,《景岳全书》,《黄帝内经》,以上都不是
我国现存的第一部儿科专著是,A,《小儿药证直诀》,《幼幼集成》,《儿科要旨》,《育儿心法》,以上都不是
提出“千般疢难，不越三条”的“三因学说”的是哪位医家,C,张仲景,张景岳,陈无择,孙思邈,王纶
被称为“攻邪派”的医家是,A,张子和,张景岳,刘完素,孙思邈,李东垣
被称为“补土派”的医家是,A,李东垣,张景岳,刘完素,孙思邈,张子和
提出了“阳非有余”、“真阴不足”的医家是,B,朱丹溪,张景岳,刘完素,孙思邈,张子和
中医学创新发展的鼎盛时期是,C,明清时期,汉代,宋金元时期,魏晋时期,以上都不是
《瘟疫论》的作者是,A,吴有性,吴鞠通,刘完素,孙思邈,张子和
创建了温热病的卫气营血辨证理论的是,C,吴有性,吴鞠通,叶桂,李时珍,张子和
创建了温热病的三焦辨证理论的是,B,吴有性,吴鞠通,叶桂,李时珍,张子和
“君主之官”是,A,心,心包,命门,肾,肝
中医学关于“证”的概念是,D,阴阳失调的表现,对疾病症状与体征的分析过程,对疾病所表现症状的综合认识,对疾病发展过程中某一阶段的病理概括,对疾病症状与体征的调查过程
“内景隧道，唯反观者能照查之”出自,A,《奇经八脉考》,《难经》,《黄帝内经》,《针灸大成》,《针灸问答》
提出“阴常不足，阳常有余”的医家是,A,朱丹溪,吴鞠通,张景岳,李时珍,张子和
“若疑其为虚，意欲用补而未决，则以轻浅消导之剂，纯用数味，先以探之”属于哪种思维方法,A,试探,揆度奇恒,援物比类,司外揣内,以上都不是
通过观察人体爪甲的荣枯，来推知肝血的盛衰属于哪一种思维方法,D,试探,揆度奇恒,援物比类,司外揣内,以上都不是
我国现存最早的古典医籍是,A,《黄帝内经》,《伤寒杂病论》,《神农本草经》,《脉经》,《难经》
中医第一部指导临床辨证论治的专书是,B,《黄帝内经》,《伤寒杂病论》,《神农本草经》,《脉经》,《难经》
奠定中药学理论基础的是,C,《黄帝内经》,《伤寒杂病论》,《神农本草经》,《脉经》,《难经》
创立卫气营血辨证方法的医家是,B,陈无择,叶天士,吴鞠通,赵献可,张景岳
创立三焦辨证方法的是,C,陈无择,叶天士,吴鞠通,赵献可,张景岳
阴损及阳，阳损及阴，是根据,A,阴阳互根,阴阳对立,阴阳消长,阴阳转化,阴阳制约
用阴阳学说来说明人体的组织结构，下列哪项说法是不准确的,B,五脏属阴，六腑属阳,背为阴，腹为阳,内为阴，外为阳,下部为阴，上部为阳,心肺属阳。肝、脾、肾属阴
"所谓“阴阳转化”,下列哪项说法是不确切的",D,寒极生热，热极生寒,重阴必阳，重阳必阴,物之生从于化，物之极由乎变,阴胜则阳病，阳胜则阴病,动复则静，阳极反阴
用阴阳学说来说明人体的组织结构，则肾为五脏中的,E,阳脏,阳中之阳脏,阳中之阴脏,阴中之阳脏,阴中之阴脏
"“阴在内，阳之守也；阳在外，阴之使也”,说明了",D,阴阳的相互对立,阴阳的相互消长,阴阳的相互转化,阴阳的互根互用,阴阳的相互制约
"《素问 ·生气通天论》所谓“阴平阳秘，精神乃治”,是指",C,阴阳的对立制约关系正常,阴阳的依存互根关系正常,阴阳的消长平衡关系正常,阴阳的相互转化关系正常,阴阳的对立、消长关系正常
“重阴必阳，重阳必阴”是指,D,阴阳的对立制约,阴阳的互根互用,阴阳的消长平衡,阴阳的相互转化,阴阳的平衡关系失调
“阳损及阴”是指,B,阳盛伤阴,阳虚不能化生阴液，同时出现阴虚的现象,阴阳两虚,阴偏虚,阴虚不能化生阳气，同时出现阳虚的现象
事物或现象阴阳属性的征兆是,C,寒热,上下,水火,晦明,动静
昼夜分阴阳，则上午为,B,阴中之阳,阳中之阳,阳中之阴,阴中之阴,阴中之至阴
以昼夜分阴阳，后半夜为,A,阴中之阳,阳中之阴,阳中之阳,阴中之阴,阴中之至阴
阴阳的相互转化是,B,绝对的,有条件的,必然的,偶然的,量变
“重阴必阳，重阳必阴”说明了阴阳之间的哪种关系,E,相互交感,对立制约,互根互用,消长平衡,相互转化
“寒极生热，热极生寒”说明了阴阳之间的哪种关系,A,相互转化,相互交感,对立制约,互根互用,消长平衡
“阴阳离决，精气乃绝”所反映的阴阳关系是,B,对立制约,互根互用,相互交感,消长平衡,相互转化
下列各项，可用阴阳消长来解释的是,B,阳虚则寒,阳长阴消,寒者热之,阴损及阳,阴胜则阳病
四时阴阳的消长变化，从冬至到立春为,A,阴消阳长,重阴必阳,阴长阳消,重阳必阴,由阳转阴
阴中求阳的适应证是,B,阴虚,阳虚,阴盛,阳盛,阴阳两虚
“壮水之主，以制阳光”的治法，最适于治疗的是,B,阴胜则寒之证,阴虚则热之证,阴盛伤阳之证,阴损及阳之证,阳损及阴之证
木的“所不胜”是,D,水,火,土,金,以上都不是
把“脾”归属土，主要采用的是何种归类法,A,取象比类法,推演络绎法,以表知里法,试探法,反证法
“亢则害，承乃制”说明五行间的,E,相生,相克,相乘,相侮,制化
"“见肝之病，知肝传脾”,从五行之间的相互关系看，其所指内容是",C,木疏土,木克土,木乘土,木侮土,土侮木
属于“子病犯母”的是,C,脾病及肺,脾病及肾,肝病及肾,肝病及心,肺病及肾
据五行相生规律确立的治法是,A,培土生金,佐金平木,泻南补北,抑木扶土,培土制水
“泻南补北”法适用于,C,肾阴虚而相火妄动,心阴虚而心阳亢,肾阴虚而心火旺,肾阴虚而所阳亢,肾阳虚而心火越
一年季节中，“长夏”所属的是,C,木,火,土,金,水
按五行属性分类，五化中属土者是,C,生,长,化,收,藏
火的特性是,D,曲直,稼穑,从革,炎上,润下
五行中火的“所胜”是,D,水,木,土,金,火
下列关于五行生克规律的叙述，错误的 是,D,木为水之子,火为土之母,水为火之所不胜,金为木之所胜,木为土之所不胜
下列关于五行生克规律的表述，正确的是,B,木为土之所胜,木为水之子,火为土之子,水为火之所胜,金为木之所胜
五行调节事物整体动态平衡的机制是,A,制化,我生,克我,我克,生我
下列各项中，属于相乘传变的是,E,肺病及肾,肺病及心,心病及肝,肝病及肾,脾病及肾
下列各项中，属于母病及子的是,E,脾病及肾,肝病及肾,肺病及心,心病及肝,肺病及肾
下列各项中，属于疾病传变较轻的是,A,肺病及肾,肝病及肾,肺病及心,心病及肝,脾病及肾
万物发生和变化的根源是,B,阴阳的运动,阴阳的交感,阴阳的制约,阴阳的互根,阴阳的平衡
实现阴阳交感的基础是,A,阴阳的运动,阴阳的交感,阴阳的制约,阴阳的互根,阴阳的平衡
下午被称为,A,阳中之阴,阳中之阳,阴中之阴,阴中之阳,阴中之至阴
后半夜被称为,D,阳中之阴,阳中之阳,阴中之阴,阴中之阳,阴中之至阴
上述选项可用阴阳互根说明的是,C,阴阳相错，而变由生也,动极者，镇之以静,阴在内，阳之守也,寒极生热，热极生寒,重阴必阳，重阳必阴
上述选项可用对立制约说明的是,B,阴阳相错，而变由生也,动极者，镇之以静,阴在内，阳之守也,寒极生热，热极生寒,重阴必阳，重阳必阴
属“阳中之阳”的脏是,A,心,肺,脾,肝,肾
属“阴中之阳”的脏是,D,心,肺,脾,肝,肾
《黄帝内经》所谓“阴阳之征兆”是,D,天地,男女,左右,水火,上下
《黄帝内经》所谓“阴阳之道路”是,C,天地,男女,左右,水火,上下
“阳中求阴”治疗方法适用的病证是,A,阴虚,阳虚,阴胜,阳胜,阴阳两虚
“阴中求阳”治疗方法适用的病证是,B,阴虚,阳虚,阴胜,阳胜,阴阳两虚
“阴病治阳”的病理基础是,B,阴虚,阳虚,阴胜,阳胜,阴阳两虚
“阳病治阴”的病理基础是,A,阴虚,阳虚,阴胜,阳胜,阴阳两虚
寒者热之适用的病证是,C,阳偏胜,阳偏衰,阴偏胜,阴偏衰,阴阳两虚
热者寒之适用的病证是,A,阳偏胜,阳偏衰,阴偏胜,阴偏衰,阴阳两虚
“壮水之主，以制阳光”适用的病证是,D,阳偏胜,阳偏衰,阴偏胜,阴偏衰,阴阳两虚
“益火之源，以消阴翳”适用的病证是,B,阳偏胜,阳偏衰,阴偏胜,阴偏衰,阴阳两虚
脾病影响及肝属于,E,相乘,母病及子,子病犯母,子母同病,相侮
心病影响及肺属于,A,相乘,母病及子,子病犯母,子母同病,相侮
“脾气散精，上归于肺”说明了,A,五行的相生,五行的相克,五行的相乘,五行的相侮,五行属性归类
见肝之病，知肝传脾，当先实脾，是根据,C,五行的相生,五行的相克,五行的相乘,五行的相侮,五行属性归类
母病及子，子病犯母，是根据五行的何种关系传变,A,五行的相生,五行的相克,五行的相乘,五行的相侮,五行属性归类
乙癸同源，精能生血，说明了,A,五行的相生,五行的相克,五行的相乘,五行的相侮,五行属性归类
以泻肝健脾法治疗肝旺脾虚证的治法称,A,抑木扶土,滋水涵木,益火补土,培土生金,金水相生
以温肾阳的方法而补脾阳的治法是,C,抑木扶土,滋水涵木,益火补土,培土生金,金水相生
脾病及肾，体现的关系是,C,母病及子,子病及母,相乘传变,相侮传变,母子同病
土壅木郁，体现的关系是,D,母病及子,子病及母,相乘传变,相侮传变,母子同病
人的生命源于,A,阴阳交感,阴阳互根,阴阳对立,阴阳转化,阴阳消长
生命形成的根本在于,B,阴阳互根,父母之精交合,阴阳对立,阴阳转化,阴阳消长
人体生命活动的主宰是,B,精,神,血,津液,痰
以下不属于广义之精的是,E,精,津,血,液,气
万物发生和变化的根源是,B,阴阳的运动,阴阳的交感,阴阳的制约,阴阳的互根,阴阳的平衡
以下不属于狭义之神的是,D,思维,意识,情感,生命活动,情绪
人体根本之气是,A,元气,卫气,营气,宗气,经络之气
狭义之精指的是,B,津液,生殖之精,血,水谷之精,脏腑之精
维持生命活动的最基本的精微物质是,C,气,神,精,津液,血
具有生殖功能和繁衍生命的精微物质是,D,水谷之精,广义之精,气,生殖之精,脏腑之精
人的生命源于,A,阴阳交感,父母之精交合,阴阳对立,阴阳转化,阴阳消长
生命形成的根本在于,B,阴阳交感,父母之精交合,阴阳对立,阴阳转化,阴阳消长
构成与维持生命的最基本物质是,A,精,气,神,血,津液
生命活动的内在动力是,B,精,气,神,血,津液
藏象学说主要是研究,D,脏腑生理,脏腑病理,脏腑生理、病理之间的关系,脏腑生理、病理及其相互关系,脏腑组织器官结构形态
五脏的生理特点是,D,传化物而不藏，实而不能满,藏精气而不泻，实而不能满,传化物而不藏，满而不能实,藏精气而不泻，满而不能实,虚实交替，泻而不藏
区分五脏、六腑、奇恒之腑三类的最主要依据是,C,解剖形态的差异,分布部位的不同,功能特点的不同,经脉阴阳属性的不同,病理表现的不同
与精神意识思维活动关系最密切的是,A,心主血脉的生理功能,肝主疏泄的生理功能,脾主运化的生理功能,肺主治节的生理功能,肾主藏精的生理功能
观察心主血脉的功能是否正常，与下列哪项关系较小,C,面色,舌色,爪色,脉象,胸部的感觉
五脏六腑之大主是,A,心,肺,脾,肝,肾
将肺称为“娇脏”的主要依据是,C,肺主一身之气,肺外合皮毛,肺通天气，不耐寒热,肺为水之上源,肺朝百脉
肺为“水之上源”的主要依据是,A,肺位最高，通调水道,肺具有布散津液的功能,肺具有输精于皮毛的功能,肺为脏腑之华盖,饮入于胃，上归于肺
下列哪项不属于肺气宣发的生理作用,E,排出体内浊气,宣散卫气,将津液输布全身，外达皮毛,将代谢后的津液化为汗液排出体外,使全身的血液会聚于肺
脾统血的主要作用机理是,D,控制血液的流速,控制内脏的血液容量,控制外周血液容量,控制血液在脉道内的运行,控制血液上荣头目
脾主运化是指,C,运化水湿,运化水液,运化水谷和水液,运化水谷,化生血液
五脏中，具有“以升为健”特点的脏是,C,心,肝,脾,肾,肺
大怒主要影响机体的,B,呼吸功能,疏泄功能,藏精功能,气化功能,运化功能
下列哪一项与肝的疏泄功能关系最不密切,E,情志的舒畅,脾胃的运纳,血液的循行,津液的输布,呼吸运动的正常
在肾的闭藏功能中，最具有生理意义的是,D,纳气归肾，促进元气的生成,固摄二便，防止二便失禁,固摄水液，防止水液无故流失,固摄精气，防止精气无故散失,摄纳阳气，防止阳气浮越于上
“天癸”的产生取决于,D,先天禀赋的强弱,元气的充沛,肾阴肾阳的协调平衡,肾中精气的充盈,后天之精的充养
维持呼吸深度需下列哪一脏的功能,D,肝,肺,心,肾,脾
气机升降之“枢”是指,D,肺主呼气，肾主纳气,心火下降，肾水上升,脾主升清，肺主肃降,脾气主升，胃气主降,肝主升发，肺主肃降
“肾为气之根”主要是指,D,肾阳,肾为先天之本,肾藏精,肾主纳气,肾主水液
下列哪项在心主血脉中起关键作用,B,心血充盈,心气充沛,心神安宁,心搏如常,脉道通利
心主神志最主要的物质基础是,C,津液,精液,血液,宗气,营气
心为“君主之宫”的理论依据是,C,心总统意志,心主血脉,心主神志,心主情志,心总统魂魄
心的主要生理功能是,B,主藏血,主神志,主运化,主统血,主疏泄
心为五脏六腑之大主的理论依据是,B,心主血,心主神志,心主思维,心总统魂魄,心总统意志
肺主气的功能取决于,A,司呼吸,宗气的生成,全身气机的调节,朝百脉,主治节
下列各项，与肺主通调水道功能关系最密切的是,C,气机的调节,朝百脉,主宣发与肃降,司呼吸,宗气的生成
肺主通调水道的功能主要依赖于,E,肺主一身之气,肺司呼吸,肺输精于皮毛,肺朝百脉,肺主宣发与肃降
下列哪项不是脾的生理功能,A,水谷的受纳和腐熟,水谷的精微的传输,水液的吸收和转输,脏器位置的维系,血液的统摄
脾为气血生化之源的理论依据是,D,气能生血,人以水谷为本,脾主升清,脾能运化水谷精微,脾胃为后天之本
脾的升清作用的确切内涵是,C,脾的阳气主升,脾以升为健,脾气散精，上归于肺,与胃的降浊相对而言,输布津液，防止水湿内生
具有“喜燥恶湿”特性的脏腑是,B,肝,脾,胃,肾,肺
下列各项，不属肝主疏泄功能的是,C,调畅气机,调畅情志,促进骨骼发育,促进脾胃的运化,促进血液运行
肝主疏泄的基本生理功能是,B,调畅情志活动,调畅全身气机,促进脾胃运化,推动血行津布,促进男女生殖
肝藏血的生理功能是指肝,D,贮藏血液,调节血量,统摄血液,贮藏血液、调节血量和防止出血,化生血液与统摄血液
目的视觉功能主要取决于,B,肾中精气的充盈,肝血的充足,脾气的健运,肾阳的蒸化,肾阴的滋养
五脏中，具有“刚脏”特性的是,D,心,肺,脾,肝,肾
下列关于五脏所藏的叙述，错误的 是,E,心藏神,肝藏魂,肺藏魄,脾藏意,肾藏智
肾主纳气的主要生理功能作用是,A,使肺之呼吸保持一定的深度,有助于元气的固摄,有助于精液的固摄,有助于元气的生成,有助于肺气的宣发
肾中精气的主要生理功能是,C,促进机体的生长发育,促进生殖功能的成熟,主生长发育和生殖,化生血液的物质基础,人体生命活动的根本
水火之宅是指,C,脾,胃,肾,肝,肺
被称为“先天之本”的脏是,A,肾,脾,心,肝,肺
下列各项，与肾中精气生理功能关系不密切的是,E,促进机体的生长发育,促进水液代谢,促进生殖功能的成熟,主生长发育和生殖,人体生命活动的根本
《素问 六节藏象论》中，“封藏之本”所指的是,E,心,肺,脾,肝,肾
有主水和纳气功能的脏是,E,肝,心,脾,肺,肾
下列各脏中，其生理特性以升为主的是,E,肺与脾,肺与肝,肝与肾,心与肾,肝与脾
肝藏血与脾统血的共同生理功能是,D,贮藏血液,调节血量,统摄血液,防止出血,化生血液
脏腑关系中，“水火既济”指的是,B,肝与肾,心与肾,肝与脾,肺与脾,肺与肝
下列关于五脏外合五体的叙述，错误的 是,B,心合脉,肝合爪,脾合肉,肺合皮,肾合骨
脾之液为,E,汗,涕,泪,唾,涎
五脏主五液，肾之液为,B,汗,唾,涕,泪,涎
五脏主五志，则忧属,D,心,肾,肝,肺,脾
具有喜润恶燥特性的脏腑是,D,肝,心,脾,胃,大肠
大肠的主要生理功能是,B,受盛,传化糟粕,化物,泌别清浊,通行元气
“利小便而实大便”的理论依据是,E,脾主运化,肺主通调水道,小肠主受盛,小肠主化物,小肠主泌别清浊
小肠的主要生理功能是,E,主运化,主通调水道,主受纳,主腐熟水谷,主泌别清浊
津液输布的主要通道是,D,血府,经络,腠理,三焦,分肉
“太仓”所指的是,B,三焦,胃,小肠,脾,大肠
下列哪项是胃的生理功能,B,水谷精微的转输,水谷的受纳和腐熟,水液的吸收和转输,脏器位置的维系,血液的统摄
脏腑中“主津”作用的是,C,脾,肾,大肠,小肠,三焦
被称为“决渎之官”的是,C,胆,胃,三焦,小肠,膀胱
下列被称为“元神之府”的是,A,脑,髓,骨,脉,胆
大肠功能失常，可直接影响,C,肾失气化,肝失疏泄,肺失肃降,脾失健运,脾失升清
胆汁的分泌与排泄，主要取决于,A,肝主疏泄的功能,胆贮藏胆汁的功能,胆排泄胆汁的功能,脾主运化的功能,小肠泌别清浊的功能
下列不属于 “七冲门”的是,D,吸门,飞门,户门,气门,阑门
称为“水谷气血之海”的是,D,脾,大肠,小肠,胃,三焦
主持诸气，总司人体气化的是,A,三焦,脾,肾,肺,命门
胆属于,D,脏,腑,奇恒之腑,既是腑，又是奇恒之腑,既是脏，又是奇恒之腑
“中焦如沤”主要是描述,D,胃的受纳,脾的散精,小肠泌别清浊,胃的腐熟水谷,大肠传化糟粕
膀胱的生理功能，依赖哪脏之气与膀胱之气的协调,B,心气,肾气,肝气,肺气,脾气
小肠“泌别清浊”的功能，下列哪项是错误的,D,分为水谷精微和食物残渣,吸收水谷精微和津液,对食物残渣和废水的处理,既能传导，又吸收水液,是脾的升清和胃的降浊功能的具体体现
气机升降之“枢”是指哪一组升降关系,C,肺主呼气，肾主纳气,肝主升，肺主降,脾主升，胃主降,心火下降，肾水上承,心主血脉，脾主统血
“乙癸同源”是指哪两脏的关系,D,心与肾,肺与肾,脾与肾,肝与肾,肝与肺
全身的气机主要靠哪两脏调节,D,心与肝,心与肺,肝与脾,肝与肺,肝与肾
五脏关系中主要体现在气血方面的两脏是,A,心与肺,心与肾,肺与脾,脾与肾,肺与肾
与血液生成与运行关系密切的是,C,心与肺,心与肾,心与脾,脾与肝,肺与肝
气血两虚病变多见的脏腑是,C,心与肺,心与肾,心与脾,脾与胃,肺与肝
表现于行血与藏血以及精神调节等方面关系密切的两脏是,D,心与肺,心与肾,心与脾,心与肝,肺与脾
具有精神互用关系的两脏是,B,心与肺,心与肾,肺与脾,脾与肝,肺与肝
在气的生成和水液代谢方面关系密切的是,C,心与肺,心与肾,肺与脾,脾与肝,肺与肝
与气机升降调节关系密切的两脏是,E,心与肺,心与肾,肺与脾,脾与肝,肺与肝
在水液代谢、呼吸运动及阴阳互资等方面密切相关的两脏是,E,心与肺,脾与肾,肾与肝,肝与肺,肺与肾
具有藏泄互用关系的两脏是,C,心与肺,肺与肾,肾与肝,肝与脾,脾与心
具有先后天互促互助关系的两脏是,E,心与肺,肺与肾,肾与肝,肝与脾,脾与肾
“太阴湿土，得阳始运；阳明燥土，得阴自安”说明了脾胃之间存在的哪一种关系,D,升降相因,纳运协调,以膜相连,燥湿相济,表里配合
乙癸同源指的是,B,金水相生,精血互化,津气互生,水火既济,精气互化
肺 为,B,水脏,娇脏,刚脏,孤府,子脏
肝为,C,水脏,娇脏,刚脏,孤府,子脏
肺 为,E,君主之官,将军之官,作强之官,仓廪之官,相傅之官
肾 为,C,君主之官,将军之官,作强之官,仓廪之官,相傅之官
称“先天之本”的是,D,心,脾,肝,肾,肺
称“罢极之本”的是,C,心,脾,肝,肾,肺
与气的生成关系最密切的是,C,心、肺,心、肝,肺、脾,肺、肝,肺、肾
与呼吸运动关系最密切的是,E,心、肺,心、肝,肺、脾,肺、肝,肺、肾
“乙癸同源”的“乙癸”所指的脏是,E,心脾,肝肺,脾肾,心肾,肝肾
“水火既济”的“水火”所指的脏是,D,心脾,肝肺,脾肾,心肾,肝肾
三焦为,A,孤府,中精之府,精明之府,血之府,筋之府
胆 为,B,孤府,中精之府,精明之府,血之府,筋之府
胆 为,B,仓廪之官，五味出焉,中正之官，决断出焉,受盛之官，化物出焉,相傅之官，治节出焉,作强之官，伎巧出焉
小肠为,C,仓廪之官，五味出焉,中正之官，决断出焉,受盛之官，化物出焉,相傅之官，治节出焉,作强之官，伎巧出焉
为“水火相济”的是,A,心与肾,肝与脾,肺与脾,肺与肾,肾与肝
为“乙癸同源”的是,E,心与肾,肝与脾,肺与脾,肺与肾,肾与肝
为“金水相生”的是,D,心与肾,肝与脾,肺与脾,肺与肾,肾与肝
气在中医学理论体系中比较完整的概念是,C,泛指机体的生理功能,构成世界的基本物质,构成人体和维持人体生命活动的最基本物质,指人体抗病能力,维持人体生命活动的基本物质
在气的生成过程中，尤为重要的是,B,肺的呼吸功能,脾胃的运化功能,肾的闭藏功能,肺肾的协调功能,心的主血功能
气的运动受阻，不畅通，称为,A,气机不畅,气结,气闭,气逆,气虚
全身气机调畅最重要的环节是,C,肺主呼气，肾主纳气,心火下降，肾水上升,肝气主升，肺气主降,脾气主升，胃气主降,肺气宣发，亦主肃降
气机升降之枢纽是指,D,肺主呼气，肾主纳气,心火下降，肾水上升,肝主左升，肺主右降,脾气主升，胃气主降,以上都不是
生命的基本特征为,A,气化作用,气机升降,气血充盈,脏腑功能正常,经络功能正常
下列不属于气的固摄作用的是,D,控制血液运行于脉中,防止汗出过多,固摄精液,固摄内脏的位置,控制尿液的排泄
精气血津液之间相互转化依靠气的,E,推动作用,温煦作用,防御作用,固摄作用,气化作用
人体热量来源，主要是,A,气,血,精,液,津
易于感冒，是气的什么功能减弱的表现,C,推动作用,温煦作用,防御作用,固摄作用,气化作用
推动人体生长发育及脏腑生理活动的气是,A,元气,宗气,营气,卫气,动气
运行在脉外并散行于全身的气是,D,元气,宗气,营气,卫气,心气
清气与水谷之气结合关系到,B,元气的生成,宗气的生成,营气的生成,卫气的生成,全身之气的生成
与肺主一身之气关系最密切的是,E,元气,心气,营气,卫气,宗气
营气的作用主要是,B,润泽肌肤,化生血液,温煦内脏,充养脑髓,化生神志
与语言、声音、呼吸关系最为密切的是,C,元气,肺气,宗气,中气,心气
与血液生成关系最密切的脏腑是,D,心,肺,肝,脾,肾
机体精神活动的物质基础是,C,精,气,血,津,液
下列哪一项不属于津液,E,胃液,肠液,涕液,泪液,血液
灌注于骨节、脏腑、脑髓的是,E,精,气,血,津,液
津液输布的主要通道是,D,脉管,经络,腠理,三焦,分肉
与津液输布关系最密切的脏腑组是,D,脾、肾、小肠、三焦,脾、肝、肾、三焦,肺、肾、三焦、小肠,肝、肺、脾、肾、三焦,心、肾、小肠、膀胱
气与血的关系主要表现在,B,来源与分布方面,生化与运行方面,功能与结构方面,先天与后天方面,调节与统摄方面
治疗血瘀证，常酌配行气药物，其理论依据是,A,气能行血,气能生血,气能摄血,血能载气,血能化气
治疗大出血时，用益气固脱之法，其理论依据是,C,气能生血,气能行血,气能摄血,血能载气,血能生气
血虚引起气虚病变的理论根据是,A,血能化气,气能行血,气能摄血,气能生血,血能载气
治疗血虚证时，常在补血药中配用益气之品的理论依据是,E,血能生气,气能行血,气能摄血,血能载气,气能生血
临床上治疗多汗、漏汗时，可采用补气之法，其理论依据是,B,气能行津,气能摄津,气能生津,津能载气,津能生气
"“夺血者无汗，夺汗者无血”,说明下列哪两者的关系",B,气与血,津液与血,气与津液,津液与汗,血与精
“夺血者无汗”的生理基础是,E,肝肾同源,乙癸同源,津液同源,精血同源,血汗同源
津液化为汗液排出体外，主要靠哪脏功能,B,心主血脉,肺主宣发,肾主气化,肝主疏泄,脾主统摄
血和津液生成的共同物质来源是,A,水谷精微,宗气,精,元气,营气
大出血后而出现下列症状，可用“津血同源”理论解释的是,C,面白,疲乏,口渴,舌淡,头晕
“亡血家不可发汗”的告诫，是哪一项理论的实际应用,D,精血同源,气血同源,肝肾同源,血汗同源,津血同源
补气药与利水药配合治疗水肿病，依据的理论是,B,气能生津,气能行津,气能摄津,津能载气,津能生气
宗气的分布是,A,上出息道，下走气街,熏于育膜，散于胸腹,通过三焦，流行全身,上荣头目，达于周身,与血同行，环周不休
卫气的分布是,B,上出息道，下走气街,熏于育膜，散于胸腹,通过三焦，流行全身,上荣头目，达于周身,与血同行，环周不休
营气的分布是,E,上出息道，下走气街,熏于育膜，散于胸腹,通过三焦，流行全身,上荣头目，达于周身,与血同行，环周不休
元气的分布是,C,上出息道，下走气街,熏于育膜，散于胸腹,通过三焦，流行全身,上荣头目，达于周身,与血同行，环周不休
气不能外达面结聚于内称为,D,气滞,气逆,气陷,气闭,气脱
气的上升太过和下降不及称为,B,气滞,气逆,气陷,气闭,气脱
与汗液的排泄关系最密切的是,D,心,肝,脾,肺,肾
与尿液的生成与排泄关系最密切的是,E,心,肝,脾,肺,肾
液的作用重在,D,润泽肌肤,营养周身,温煦内脏,补益脑髓,宣发卫气
津的作用重在,A,润泽肌肤,营养周身,温煦内脏,补益脑髓,宣发卫气
经络系统中，多呈纵行、直行者为,A,经脉,络脉,十五别络,十二经筋,奇经八脉
“经络”一词首见于,A,《黄帝内经》,《难经》,《伤寒论》,《针灸甲乙经》,《脉经》
经络系统中，与脏腑有直接络属关系者为,D,经脉,络脉,十五别络,十二经脉,奇经八脉
有加强表里两条经脉在体表联系作用者为,C,浮络,络脉,十五别络,孙络,十二经别
有加强表里两条经脉在体内联系作用者为,E,浮络,络脉,十五别络,孙络,十二经别
十二经脉之气结、聚、散、络于关节的体系者为,B,浮络,十二经筋,十五别络,孙络,十二经别
能调节十二经脉气血，主要与奇恒之腑有较密切关系者为,D,浮络,十二经筋,十五别络,奇经八脉,十二经别
十二经脉及其所属络脉在体表的辖区为,D,浮络,十二经筋,十五别络,十二皮部,十二经别
下列名称错误的是,D,手太阴肺经,足阳明胃经,手厥阴心包经,手太阳膀胱经,足少阴肾经
内踝上8寸以下，主要行于下肢内侧前缘的经脉是,C,足太阴脾经,足阳明胃经,足厥阴肝经,足少阳胆经,足少阴肾经
足三阴经的走向是,D,从胸走手,从手走头,从头走足,从足走腹胸,从足走手
上达头部巅顶的经脉是,C,手太阴肺经,足阳明胃经,足厥阴肝经,足太阳膀胱经,足少阴肾经
在头面部，分布于侧头部的经脉是,E,太阴经,阳明经,厥阴经,太阳经,少阳经
脾经的终端与何经的起点相接,D,肺经,胃经,肝经,心经,肾经
十二经脉中，哪条经脉在体表循行最长，经过部位最多,A,足少阳胆经,足太阴脾经,足阳明胃经,足太阳膀胱经,足少阴肾经
十二经脉气血流注形式为,C,手足贯注,直线贯注,循环贯注,左右贯注,上下贯注
循行于背部正中线的经脉是,E,阳维脉,阳跷脉,带脉,任脉,督脉
循行于胸前正中线的经脉是,D,阳维脉,阳跷脉,带脉,任脉,督脉
分别起自四肢，循行于体腔脏腑深部，上出颈项浅部的是,B,浮络,十二经别,十五别络,十二皮部,十二经筋
手三阳经与足三阳经均会于,A,大椎穴,印堂穴,百会穴,气海穴,人中穴
围腰一周循行的经脉是,C,阳维脉,阳跷脉,带脉,任脉,督脉
主要起维系全身经脉作用的经脉是,D,正经,奇经,阳跷脉、阴跷脉,阳维脉、阴维脉,督脉
主司妇女带下的奇经脉是,C,阳维脉,阳跷脉,带脉,任脉,督脉
能调节十二经气血的经脉是,D,阳维脉,阳跷脉,阴跷脉,冲脉,督脉
具有“阴脉之海”之称的经脉是,A,任脉,阳跷脉,阴跷脉,阴维脉,督脉
任脉的终点是,A,目眶下,口唇,会阴,巅顶,目内眦
具有“阳脉之海”之称的经脉是,E,阳维脉,阳跷脉,阴跷脉,阴维脉,督脉
对全身络脉起主导作用的是,E,正经,奇经,阳跷脉、阴跷脉,阳维脉、阴维脉,别络
循行分布特点可用“离、合、出、入”加以概括的是,E,正经,奇经,十五别络,十二皮部,十二经别
创立“引经报使”理论的医家是,B,刘完素,张元素,孙思邈,张子和,张介宾
胆经的起点是,A,目外眦,胸中,无名指末端,目内眦,食指端
心包经的终止点是,C,目外眦,胸中,无名指末端,目内眦,食指端
肾经的终止点是,B,目外眦,胸中,无名指末端,目内眦,食指端
奇经八脉中与脑、髓、肾关系密切的是,B,任脉,督脉,冲脉,阴跷脉、阳跷脉,带脉
具有濡润眼目、司眼睑开合、主司下肢运动功能的经脉是,D,任脉,督脉,冲脉,阴跷脉、阳跷脉,带脉
与女子妊娠关系最密切的经脉是,A,任脉,督脉,冲脉,阴跷脉、阳跷脉,带脉
在《备急千金要方》中，将禀赋称为,B,气质,禀质,禀赋,赋禀,素质
禀赋不足，表现为先天，则称之为,A,胎怯,五迟,五软,解颅,鹤膝风
体质可通过下列哪方面表现出来,A,人体形态,人的智慧,人的意识,人的气质,人的情志
体质评价指标中，身体的功能水平包括,C,体表形态、体格、体型,对病因、疾病损害的抵抗、调控能力和修复能力,机体的新陈代谢和各器官、系统的功能，特别是心血管、呼吸系统的功能,走、跳、跑、投、攀越等身体的基本活动能力,智力、情感、行为、感知觉、个性、性格、意志等
体质的相对稳定性是由什么决定的,A,先天禀赋,环境因素,营养状况,精神因素,年龄变化
体质的个体特异性与什么有关,D,饮食习惯,年龄变化,疾病损害,先天禀赋,环境因素
体质的可变性与什么有关,B,先天禀赋,后天因素,思维改变,智慧,阴虚体质
中医体质理论渊源于,C,《妇人良方》,《备急千金要方》,《黄帝内经》,《景岳全书》,《养老奉亲书》
男子以肾为先天，以精、气为本，性格多为,E,内向,喜静,细腻,多愁善感,外向
阴阳平和质的体质特征为,A,身体强壮，胖瘦适度；性格开朗随和，精力充沛，反应灵活,形体适中或偏瘦，但较结实；面色多略偏红或微苍黑，或呈油性皮肤,食量较大；消化吸收功能健旺；大便易干燥，小便易黄赤,形体适中或偏胖，但较弱，容易疲劳，面色偏白而欠华,食量较小，消化吸收功能一般；平时畏寒喜热，或体温偏低；精力偏弱，动作迟缓
体质的差异性表现在(   ),A,形态结构、生理功能和心理特征,精气血津液,功能、代谢以及对外界刺激反应等方面的个体差异,对某些病因和疾病的易感性或易罹性,神、魂、魄、意、志
体质的生理上表现为(   ),C,形态结构、生理功能和心理特征,精气血津液,功能、代谢以及对外界刺激反应等方面的个体差异,对某些病因和疾病的易感性或易罹性,神、魂、魄、意、志
明确提出“三因学说”的医家是,C,张仲景,刘完素,陈无择,陶弘景,巢元方
下列哪项不是六淫致病的特点,C,季节性,地区性,传染性,转化性,外感性
最易导致病位游移不定的外邪是,A,风邪,暑邪,湿邪,火邪,寒邪
六淫中易侵犯人体上部和肌腠的外邪是,A,风邪,寒邪,湿邪,燥邪,暑邪
六淫中最易导致疼痛的外邪是,B,风邪,寒邪,暑邪,燥邪,湿邪
寒邪袭人，导致肢体屈伸不利，是由于,A,其性收引，以致经络、筋脉收缩而挛急,其为阴邪，伤及阳气，肢体筋脉失于温煦,其性凝滞，肢体气血流行不利,其与肾相应，伤及肾精，筋骨失养,侵袭肌表，卫阳被遏，肢体筋脉失于温养
六淫邪气中，具有“阻遏气机”特点的是,C,风,暑,湿,寒,火
寒邪、湿邪的共同致病特点是,A,损伤阳气,阻遏气机,黏腻重浊,凝滞收引,病程缠绵
在六淫中，最易伤肺的邪气是,E,风邪,寒邪,暑邪,湿邪,燥邪
可致首如裹的邪气是,C,寒,燥,湿,暑,火
临床上症见头痛如裂、目赤肿痛，其病机为,A,心火上炎,胆热炽盛,胃火炽盛,肺火炽盛,阴虚火旺
盛夏，症见气短乏力，甚则突然昏倒、不省人事，是由于,A,暑热炽盛,扰及心神,耗气伤津,暑湿夹杂,热极生风
只有外感而无内生的邪气是,D,寒,燥,湿,暑,火
下列哪项是火邪、燥邪、暑邪共同的致病特点,C,耗气,上炎,伤津,动血,生风
不属于疫气性质及致病特点的是,D,传染性强,特异性强,症状相似,气候反常,发病急骤
七情刺激，易导致心气涣散的是,A,喜,怒,悲,恐,惊
七情太过首先伤及,E,肝气,脾阳,肾精,肺津,心神
“百病多由痰作祟”是指痰饮,A,致病广泛,病势缠绵,阻滞气机,阻碍气血,损伤阳气
痰饮、瘀血、结石在形成过程中均与下列哪项有关,C,寒凝,气虚,气滞,血热,湿热
瘀血所致出血的特点是,C,出血量多,出血不畅,出血夹有血块,出血伴有疼痛,出血量少
下列不属于水湿痰饮致病特点的是,D,致病广泛,变化多端,扰乱神明,局部刺痛,多滑腻苔
下列关于劳逸损伤与疾病发生关系的叙述，错误的是,D,久视伤血,久坐伤肉,久立伤骨,久思伤心,久行伤筋
疾病发生与否取决于,E,邪气盛衰,正气强弱,邪侵部位,体质因素,正邪斗争的胜负
可以说明疾病发生的基本原理的是,A,邪正相搏,阴阳失调,气血失常,脏腑功能失调,津液代谢失调
疾病发生的内在根据是,B,邪气盛,正气虚,阴阳失调,寒热偏胜,邪正盛衰
《素问·生气通天论》所谓“冬伤于寒，春必病温”属于发病学说的,C,感邪即发,徐发,伏而后发,继发,复发
首先提出“合病与并病”之说的著作是,B,《黄帝内经》,《伤寒杂病论》,《难经》,《中藏经》,《诸病源候论》
下列与疾病发生有关的外环境的叙述，错误的是,E,气候因素,地域因素,生活环境,工作场所,外界精神刺激
《黄帝内经》将病因分为,A,阴阳两大类,三因学说,千般痰难，不越三条,“戾气”说,“六气致病”说
张仲景将病因归类，提出,C,阴阳两大类,三因学说,千般痰难，不越三条,“戾气”说,“六气致病”说
易于阻滞气机的邪气是,C,风邪,寒邪,湿邪,燥邪,火邪
易于耗气的邪气是,E,风邪,寒邪,湿邪,燥邪,火邪
“伤寒”是指,B,寒邪伤于脏腑,寒邪伤于肌表,寒邪伤于筋脉,寒邪入于血分,寒邪伤于关节
“中寒”是指,A,寒邪伤于脏腑,寒邪伤于肌表,寒邪伤于筋脉,寒邪入于血分,寒邪伤于关节
导致四肢抽搐的病因是,A,风邪,寒邪,湿邪,燥邪,火邪
导致大便不爽的病因是(,C,风邪,寒邪,湿邪,燥邪,火邪
燥邪的性质是,C,开泄,收引,干滞,生风,重浊
湿邪的性质是,E,开泄,收引,干滞,生风,重浊
六淫邪气中，最容易伤肺的是,D,风,寒,暑,燥,火
具有明显季节性的邪气是,C,风,寒,暑,燥,火
过度思虑可导致的是,C,气上,气下,气结,气消,气乱
过度恐惧可导致的是,B,气上,气下,气结,气消,气乱
患者因受精神刺激突发二便失禁，遗精。其病机是,E,怒则气上,悲则气消,喜则气缓,思则气结,恐则气下
患者因受精神刺激而气逆喘息，面红耳赤，呕血，昏厥猝倒。其病机是,A,怒则气上,悲则气消,喜则气缓,思则气结,恐则气下
"《素问 ·调经论》说“血有余”,则",A,怒,喜,思,悲,恐
"《素问 ·调经论》说“血不足”,则",E,怒,喜,思,悲,恐
过思则,D,伤心,伤肝,伤肾,伤脾,伤肺
过喜则,A,伤心,伤肝,伤肾,伤脾,伤肺
过食肥甘，嗜酒无度是,D,饮食不节,饮食不洁,饮食过饱,饮食偏嗜,饮食过饥
气血生化之源不足多由于,E,饮食不节,饮食不洁,饮食过饱,饮食偏嗜,饮食过饥
房劳过度易出现,D,心血亏虚,气少力衰,四肢困倦,遗精早泄,脘闷腹胀
劳神气结易出现,E,心血亏虚,气少力衰,四肢困倦,遗精早泄,脘闷腹胀
引起阳偏胜的机理，下列哪项是错误的,C,阳邪人侵，内合人身之阳,气郁化火,五志化火，耗伤阴血,感受阴邪，从阳化热,血瘀、食积化热化火
卫气虚弱，与下列哪一项关系最密切,A,肺气虚,脾气虚,心气虚,肾气虚,肝气虚
阴阳互损最易发生在何脏,E,心,肝,脾,肺,肾
形体消瘦、便溏、舌红少苔，多见于,C,心阴虚,肝阴虚,脾阴虚,肺阴虚,肾阴虚
肝火上炎和肝阳上亢都可以出现,B,胸胁刺痛,急躁易怒,两目干涩,肢体震颤,腰酸
小儿发育迟缓，骨骼不坚的主要病机是,A,肾精亏虚,肾阴不足,肾阳亏虚,脾气虚弱,肝血不足
气喘不得平卧，心悸，颈脉动，称之为,B,寒饮射肺,水气凌心,肺失肃降,心血瘀阻,心不藏神
可以高度概括人体各种功能性和器质性病变的基本病机是,B,邪正盛衰,阴阳失调,气血失常,脏腑功能失调,津液失常
形成虚实错杂的病机是,A,邪盛正衰,邪盛正未衰,正虚邪不盛,邪去正衰,正胜邪退
形成虚证的病机是,C,邪盛正衰,邪盛正未衰,正虚邪不盛,正虚邪恋,正胜邪退
阳盛格阴的本质是,D,虚寒证,实寒证,虚热证,实热证,虚证
下列哪一项不属于形成阴偏胜的原因,D,感受寒邪,感受湿邪,过食生冷,劳倦内伤,感受寒湿之邪
阴损及阳的病机主要是指,B,阴虚而阳相对亢盛,阴虚而导致阳气无以化生,阴寒病证转阳热病证,感受寒邪伤阳气,感受热邪伤阴津
下列不属于阳偏衰的病因是,E,先天不足,后天失养,劳倦内伤,久病伤正,热病后期正气大伤
因虚致实，是指在正虚基础上又导致,B,正气更加虚弱,病理产物形成,病情迁延不愈,邪正斗争趋剧,实邪更为亢盛
在一定条件下，“五志过极”和“五气”皆可化,E,风,寒,湿,燥,火
心烦失眠，小便短赤灼痛，舌红，其病机在于,D,心肝火旺,心肾不交,膀胱湿热,心火下移小肠,膀胱湿热
牙龈红肿、口臭，多见于,D,心火上炎,肺热灼盛,肝火上炎,胃火上冲,胆经郁热
患者久病，纳少，乏力，腹胀但时有减缓，腹痛喜按，舌胖嫩而苔润，脉细弱无力。其病机是,C,真实假虚,真实病证,真虚假实,真虚病证,虚中夹实证
患者胃肠热盛，大便秘结，腹满硬痛而拒按，潮热，神昏谵语，但兼见面色苍白，四肢厥冷，精神委顿。其病机是,B,虚中夹实,真实假虚,由实转虚,真虚假实,实中夹虚
脉流薄疾，其病机在于,A,心火旺,肺热炽盛,肝火上炎,脾不统血,血瘀
吐下之余，定无完气病机理论依据是,C,气能生津,气能行津,津能载气,面能载气,津血同源
《素问·宣明五气》指出：久卧伤,A,气,血,肉,精,筋
下列关于实的叙述，错误的是,C,外感邪盛,肌肤经络闭塞,气机升降失调,脏腑功能亢进,气血壅滞瘀结
以阴阳失调来阐释真寒假热或真热假寒，其病机是,C,阴阳偏盛,阳偏衰,阴阳格拒,阴阳互损,阴阳离决
虚的病机概念主要是指,B,卫气不固,正气虚损,脏腑功能低下,气血生化不足,气化无力
导致虚热证的病理变化是,B,阳偏衰,阴偏衰,阳偏盛,阴偏盛,阳盛格阴
阴偏衰所形成的病理变化是,C,实热,实寒,虚热,虚寒,真寒假热
阴偏盛所形成的病理变化是,B,实热,实寒,虚热,虚寒,真寒假热
患者身患外感实热病证，兼喘喝，气不能接续，甚则心悸气短。其病机是,B,实中夹虚,虚中夹实,真虚假实,真实假虚,因虚致实
邪热内盛，深伏于里，阳气被遏，不能外达，手足厥冷。属于,B,阳损及阴,阳盛格阴,阴盛格阳,阴损及阳,阴阳脱失
患者久病，畏寒喜暖，形寒肢冷，面色白，蜷卧神疲，小便清长，下利清谷，小腿浮肿，按之凹陷如泥，舌淡，脉迟。其病机是,D,阳气亡失,阳盛格阴,阳损及阴,阳气偏衰,阳盛耗阴
患者男，40岁。高血压病史，现症眩晕耳鸣，面红头胀，腰膝酸软，失眠多梦，遗精或性欲亢进，舌红，脉沉弦细。其病机是,C,阴虚内热,阴损及阳,阴虚阳亢,阳损及阴,阴虚火旺
患者年高体衰，病属虚寒，久卧不起。晨起面色泛红，烦热不宁，语言增多，口渴，舌淡，脉大而无根。其病机是,A,阴盛格阳,阳虚阴盛,阳损及阴,阳气亡失,阴阳离决
患者急性发病，壮热，烦渴，面红目赤，尿黄便干，舌苔黄。其病机是,C,阳盛格阴,阳损及阴,阳热偏盛,阳盛伤阴,阴盛格阳
患者男，56岁。因情急恼怒突发头痛胀痛，昏厥仆倒，呕血，不省人事，肢体强痉，舌红苔黄，脉弦。其病机是,B,气郁,气逆,气脱,气陷,气结
肝病日久，两胁胀满疼痛，并见舌质瘀斑、瘀点，其病机是,A,气滞血瘀,气不摄血,气随血脱,气血两虚,气血失和
产后大出血，继则冷汗淋漓，甚则晕厥，其病机是,C,气滞血瘀,气不摄血,气随血脱,气血两虚,气血失和
血虚与哪两脏关系最密切,A,心肝,肝肾,肺肾,肺脾,心脾
五脏病机相互影响，思虑过度主要影响哪两脏,E,心肝,肝肾,肺肾,肺脾,心脾
气逆最常见于哪个脏腑,B,心,肝,脾,小肠,肾
气机郁滞多见于哪个脏腑,B,心,肝,脾,小肠,肾
养生首见于,B,《黄帝内经》,《庄子·内篇》,《类经》,《摄生消息论》,《寿世保元》
肾藏（ ），为先天之本，水火之宅，是元气、阴精的生发之源,D,气,血,阴,精,阳
以形神合一为理论基础的养生原则是,B,顺应自然,形神兼养,保精护肾,调养脾胃,既病防变
以固护后天为理论基础的养生原则是,D,顺应自然,形神兼养,保精护肾,调养脾胃,既病防变
中医学认为人类寿命的自然限度是,E,80岁,90岁,100岁,110岁,120岁
不属于调摄情绪法的是哪一项,D,节制法,疏泄法,转移法,清静养神,情志制约法
按照“穿着衣服必须不失四时之节”的原则，早春宜,B,减裤不减衣,减衣不减裤,减衣减裤,加衣加裤,加衣减裤
体胖之人，饮食宜,A,清淡,多食甘润生津之品,多食辛辣燥烈之品,多食碱性食物,多食酸性食品
《饮膳正要》一书中说：“春气温，宜食（ ）以凉之。”,C,菽,麻,麦,黍,苦
下列哪本著作首次明确提出“治未病”一词,A,《黄帝内经》,《医学源流论》,《医学启源》,《金匮要略》,《诸病源候论》
预防的基本原则源于以下哪种理论,A,治未病,未病先防,既病防变,病后防复,先安未受邪之地
"“见微知著,弥患于未萌，是为上工”出自",B,《医学源流论·防微论》,《医学心悟》,《金匮要略》,《素问·玉机真脏论》,《素问·上古天真论》
关于既病防变，下列叙述错误的是,D,早期诊断,早期治疗,防止疾病发展,防止病邪侵害,防止疾病传变
用下列哪种药物可预防菌痢,E,贯众,板蓝根,大青叶,茵陈,马齿苋
用下列哪种药物可预防肝炎,D,贯众,板蓝根,大青叶,茵陈,马齿苋
导致食复的原因不包括,D,多食,强食,不注意“忌口”,滥服补剂,不注重饮食卫生
以下哪种疾病多在气候转变或寒冬复发,C,失眠,脏躁,哮病,某些月经不调,癫狂
防止食复不包括,D,饮食宜有营养,饮食应清淡,饮食宜易消化,伙食宜以温热性食物为主,饮食应注意护养胃气
下列哪项不属于病后防复的内容,B,防止复感新邪,截断病传途径,防止劳复,防止药复,防止食复
以固护先天为理论基础的养生原则是,C,顺应自然,形神兼养,保精护肾,调养脾胃,既病防变
以天人相应为理论基础的养生原则是,A,顺应自然,形神兼养,保精护肾,调养脾胃,既病防变
“圣人不治已病治未病，不治已乱治未乱”出自,C,《医学源流论 · 防微论》,《医学源流论 ·表里上下论》,《素问 · 四气调神大论》,《金匮要略》,《 素问 ·玉机真脏论》
“善医者，知病势之盛而必传也，预为之防，无使结聚，无使泛滥，无使并合， 此上工治未病之说也”出自,B,《医学源流论 · 防微论》,《医学源流论 ·表里上下论》,《素问 · 四气调神大论》,《金匮要略》,《 素问 ·玉机真脏论》
治病求本中的“本”主要是指,E,症状,病因,病位,脾肾,证候
下列不属于治则的是,D,调整阴阳,扶正祛邪,调理气血,活血化瘀,调理脏腑
下列何项属反治治则,A,塞因塞用,实则泻之,虚则补之,损益兼用,寒者热之
适用“热因热用”治则的是,B,热病见热象,寒病见热象,阴虚见热象,热病见寒象,寒病见寒象
下列何项属正治法则,C,标本兼治,塞因塞用,寒者热之,因人制宜,寒因寒用
中医以平为期的治疗思想，是指在治疗过程中，要求,C,祛除病因,消除症状,恢复人体阴阳平衡的状态,因人制宜,因地制宜
属于“实则泻其子”治则的治疗是,A,肝火旺泻心火,脾火旺泻胆火,肝火旺泻脾,肝火旺泻肺,肺热泻大肠
适用于“土壅木郁”证的治则是,A,抑强为主,扶弱为主,补母为主,泻子为主,母子同补
“用寒远寒”是指,D,阳虚之人慎用寒凉,阴寒盛体质慎用寒凉,西北寒冷慎用寒凉,秋冬季节寒冷慎用寒凉,老年人慎用寒凉
适用于“热结旁流”的治则是,D,热因热用,寒者热之,热者寒之,通因通用,塞因塞用
用于阳盛格阴的治则是,A,寒因寒用,热因热用,通因通用,热者寒之,寒者热之
“阴中求阳”是指,A,扶阳剂佐以滋阴药,滋阴剂佐以扶阳药,温阳佐以扶阳,清泻佐以滋阴,以上皆是
“壮水之主，以制阳光”是指,C,阴中求阳,阳中求阴,阳病治阴,阴病治阳,治寒以热
攻补兼施治则适用于何证,E,虚证,真实假虚证,实证,真虚假实证,虚实夹杂证
真实假虚证的治疗原则应是,D,祛邪兼扶正,扶正兼祛邪,先祛邪后扶正,单独祛邪,先扶正后祛邪
真虚假实证的治疗原则应是,B,单独祛邪,单独扶正,先扶正后祛邪,扶正兼祛邪,祛邪扶正并重
“通因通用”适用于下列哪种病证,C,脾虚泄泻,肾虚泄泻,食积泄泻,气虚泄泻,寒湿泄泻
“塞因塞用”不适用于下列哪种病证,D,脾虚腹胀,血枯经闭,肾虚尿闭,气郁腹胀,阴虚便秘
“阳中求阴”的治疗方法是指,B,扶阳剂佐以滋阴药,滋阴剂佐以扶阳药,温阳佐以扶阳,滋阴基础上补阳,以上皆不是
“阴病治阳”适用于下列何证,D,实热证,实寒证,阴阳两虚,虚寒证,虚热证
下列不属于调理脏腑治则的是,A,用寒远寒，用热远热,实则泻腑，虚则补脏,脏病治腑,虚则补母，实则泻子,腑病治脏
素体阳虚又感受寒邪的患者，治以助阳解表法，应属于,C,先治其标,先治其本,标本兼治,虚则补之,以上皆不是
血虚证，临床多从何脏腑论治,B,肝胃,脾胃,肝肾,肝胆,肝脾
水湿痰饮多从何脏论治,D,心肾,肺脾肾,心脾肝肾,肺肝脾肾,心肝脾肺肾
“用寒远寒，用热远热”属于,D,因病制宜,因地制宜,因人制宜,因时制宜,因证制宜
亡阳的主要原因是机体内的阳气大量亡失，治宜,C,滋阴制阳,扶阳消阴,回阳救逆,救阴固脱,阴中求阳
扶正祛邪兼用的基本原则是,D,先扶正后祛邪,先祛邪后扶正,扶正为主兼祛邪,扶正不留邪祛邪不伤正,祛邪为主兼扶正
上述何项属热者寒之的具体运用,B,表寒证运用温热的方药,里热证采用辛凉清里的方药,阳气虚衰运用扶阳益气的方药,瘀血证采用活血化瘀的方药,里寒证运用辛热温里的方药
上述何项属实则泻之的具体运用,D,表寒证运用温热的方药,里热证采用辛凉清里的方药,阳气虚衰运用扶阳益气的方药,瘀血证采用活血化瘀的方药,里寒证运用辛热温里的方药
小儿五迟者，治宜,A,填精补髓,补益肾气以摄精,疏利精气,通络散结,补肾纳气
男子滑精、早泄者，治宜,B,填精补髓,补益肾气以摄精,疏利精气,通络散结,补肾纳气
扶正单独使用适用于,C,真实假虚证,虚实夹杂而正虚不耐攻之证,真虚假实之证,虚实夹杂而病邪容易扩散之证,以上情况皆可运用
应先扶正后祛邪的是,B,真实假虚证,虚实夹杂而正虚不耐攻之证,真虚假实之证,虚实夹杂而病邪容易扩散之证,以上情况皆可运用
中医学理论体系形成于,D,隋唐时期,金元时期,明清时期,战国至两汉时期,春秋战国时期
奠定中医学理论基础的经典著作是,A,黄帝内经,难经,伤寒杂病论,神农本草经,诸病源候论
下列属于阴的属性是,D,向上的,温暖的,无形的,下降的,明亮的
阳胜则阴病，用下列哪种理论解释为宜,D,阴阳互藏,阴阳相互转化,阴阳互根互用,阴阳相互制约,阴阳相互交感
下列属相侮的是,C,心病及脾,脾病及肾,脾病及肝,肾病及肺,脾病及心
据五行相生规律确立的治法是,A,培土生金,佐金平木,泻南补北,抑木扶土,培土制水
五脏生理功能的特点是,D,传化物而不藏，实而不能满,藏精气而不泻，实而不能满,传化物而不藏，满面不能实,藏精气而不泻，满而不能实,虚实交替，泻而不藏
机体的生长发育主要取决于,D,血液的营养,津液的滋润,水谷精微的充养,肾中精气的充盈,心血的充盈
人体精神活动的物质基础是,C,精,肝,血,神,津液
肺在血液循行中的作用是下列哪一项,B,基本动力,助心行血,推动作用,调节作用,贮存血液
与内湿形成密切相关的脏腑是,A,脾,肾,肝,肺,心
毛发的荣枯主要与体内哪两种物质的盛衰有关,C,精与气,精与液,精与血,津与气,气与血
称肝为罢极之本主要是由于肝有下列哪种功能,C,促进血行,调畅气机,贮藏血液,疏通水道,疏泄肾精
五脏中与全身气机调节关系密切的是,A,肝与肺,心与肺,脾与肺,肾与肺,心与肾
中医学认为构成人体这个有机整体的中心是,A,五脏,六腑,脑,命门,经络系统
肾中所藏之精的来源是,B,先天之精气,秉受于先天并受后天精气滋养,自然界清气,后天水谷之精气,先天之精气和自然界清气
能主二便的脏腑是,E,脾,三焦,膀胱,小肠,肾
以下哪种说法是错误的,C,舌为心之苗,汗为心之液,心为血之府,心为神之舍,心其华在面
下列五脏所藏中错误的是,D,心藏神,肝藏魂,肺藏魄,肾藏智,脾藏意
具有调节女子行经男子排精功能的两脏是,D,心与肾,肺与肾,脾与肾,肝与肾,肝与脾
脾统血的作用机制是,A,气的固摄作用,气的温煦作用,气的气化作用,气的卫外作用,气的防御作用
经络系统中内属于腑脏外络于肢节的是,C,经别,经筋,正经,奇经,别络
下列各组经脉中，从胸腔走向手指末端的是,B,心肝肾经,心肺心包经,胆胃三焦经,心胆小肠经,肺脾胆经
湿邪寒邪的共同致病特点是,A,损伤阳气,阻遏气机,黏腻重浊,凝滞收引,易袭阴位
下列不属于七冲门的是,A,气门,吸门,贲门,飞门,户门
中焦的功能实际是指,C,脾主运化的功能,胃的受纳功能,脾胃受纳腐熟水谷，化生气血的功能,化生血液,输布水谷精微
机体内物质转化和能量转化过程实际上是指,E,气的推动作用,气机,气的防御作用,气的固摄作用,气化
既为六腑，又为奇恒之腑的是,C,胃,脑,胆,三焦,命门
六淫中具有病程长，难以速愈的邪气是,E,寒邪,火邪,风邪,暑邪,湿邪
与视、听、言、动的强弱关系最密切的气是,B,元气,宗气,卫气,谷气,营气
元气的运行通道是,B,血液,三焦,脉,津液,以上都不是
“吐下之余，定无完气”的理论根据是,D,气能生津,气能行津,气能摄津,津能载气,津能生气
治疗血瘀证时，常酌配补气、行气药物的依据是,B,气能生血,气能行血,气能摄血,血能载气,血能化气
津液的输布主要依靠何脏腑的综合作用而完成,C,心肝脾肺三焦,心肝脾肾三焦,肺脾肾肝三焦,心肝肺肾三焦,肺脾肾心三焦
临床上治疗多汗、漏汗时，可采用补气之法，其机理在于,B,气能行津,气能摄津,气能生津,津能载气,津能生气
十二经脉气血流注形式为,D,直线贯注,手足贯注,上下贯注,循环贯注,左右贯注
六淫邪气中，具有伤津而不耗气致病特征的是,D,风邪,火邪,暑邪,燥邪,湿邪
以下哪一项是错误的,B,怒则气上,思则气缓,悲则气消,惊则气乱,劳则气耗
在下列阴阳失调病机中，最易出现虚阳外越的是,C,阴损及阳,阳损及阴,阴盛格阳,阳盛格阴,阴虚阳亢
下列哪项不属火邪的致病特点,E,易伤津耗气,易生风动血,易扰乱神明,易致肿疡,易阻遏气机
劳神过度则耗伤,A,心血,肺气,肝血,脾气,肾精
内风与哪个脏关系最为密切,B,心,肝,脾,肾,肺
痰致病广泛，变化多端的原因是,E,痰可扰乱神明,痰可化火化风,痰阻碍气血运行,痰似风善行数变,痰可随气升降无处不到
下列各项，不属于气机失调的是,C,气陷,气逆,气虚,气滞,气闭
中医认识发病原理，主要从以下哪个角度来认识,A,正邪相搏,阴阳失调,饮食失调,气血失常,脏腑功能失调
疾病初愈，因饮食因素而致复病者，称为,E,复感新邪,劳复,药复,复发,食复
“大实有羸状”指的是,B,真虚假实证,真实假虚证,真寒假热证,真热假寒证,虚实夹杂证
“见肝之病，当先实脾”的治疗原则当属,A,既病防变,治病求本,调理脏腑,调理气血,三因制宜
具有闭阻不通症状的虚性病证，用补益药物来治疗，属于下列哪一种治则,D,实者泻之,虚者补之,通因通用,塞因塞用,攻补兼施
“用温远温”此属于,C,因人制宜,因地制宜,因时制宜,既病防变,未病先防
称为“血海”的经脉是,A,冲脉,任脉,督脉,阴跷脉,阴维脉
称为“阴脉之海”的是,B,冲脉,任脉,督脉,阴跷脉,阴维脉
素体津亏血耗者，受邪后多从,C,寒化,热化,燥化,湿化,传化
气虚湿盛体质者，受邪后多从,D,寒化,热化,燥化,湿化,传化
金元四大家中，“养阴派”的代表人物是,D,刘完素,李杲,张从正,朱震亨,张元素
阴阳最初的含义是指,E,气候的寒温,光线的阴暗,自然界的水火,性别的雌雄,日光的向背
以下可用阴阳互相转化来解释的是,B,阳虚则寒,重阴必阳,寒者热之,阴损及阳,阴盛则阳病
在自然界“五化中”属于五行之土的是,D,生,收,长,化,藏
“木火刑金”在五行学说中属于,B,相乘,相侮,相生,子病及母,母病及子
心为五脏六腑之大主，主要是因为,C,心主血,心主脉,心藏神,心为生之本,心为君主之官
脾主升清的内涵是,C,脾之阳气上升心肺,脾气以升为健,脾气将水谷精微上输头面心肺,脾气输布水液于全身,脾气上升防止下出血
全身气机升降的枢纽为,A,脾胃,肝肺,心肾,心肝,肝胆
与防止出血密切相关的两脏是,B,心与肝,肝与脾,心与脾,肝与肾,肺与肝
当人处于安静状态时，血主要归藏于,B,心,肝,脾,肺,肾
精汁是指,D,精液,髓液,肠液,胆汁,胃液
主一身阴阳，为“水火之宅”的脏是,E,肝,心,脾,肺,肾
肺的通调水道功能主要依赖于,C,肺主一身之气,肺司呼吸,肺主宣发和肃降,肺朝百脉,肺输精于皮毛
血之余为,C,骨,齿,发,血海,唇
魄门位于,D,大小肠连接处,胃与小肠连接处,胃上口,大肠末端,会厌
天癸的产生主要取决于,A,肾中精气的充盈,脾气的健运,肾阳的蒸腾气化,肝血的充足,肾阴的濡润滋养
临床上利小便实大便的理论依据为,E,脾的运化功能,肺的通调水道功能,小肠主液功能,小肠的主受盛功能,小肠的泌别清浊功能
"“上焦如雾”,实际是指何作用",E,心主血脉,肺主气,肺主治节,胃的受纳,心肺的输布气血
以下哪项既为奇恒之腑，又为五体之一,C,脑,筋,脉,胆,女子胞
脏腑之中，被称为“孤府”的是,C,胆,胃,三焦,脾,脑
提出脑为元神之府的是,A,李时珍,王清任,汪昂,华佗,张景岳
经络系统中，具有加强十二经脉在体表联系的是,D,正经,经别,经筋,别络,奇经
下列哪项不属火邪的致病特点,E,易伤津耗气,易生风动血,易扰乱神明,易致肿疡,易阻遏气机
激发整个脏腑经络生理活动的功能是气的,B,温煦作用,推动作用,防御作用,固摄作用,中介作用
与气的生成密切相关的脏是,C,心肝脾,肺肝肾,肺脾肾,心肺肾,肝脾肾
充养脑髓、滑利关节的主要是,E,精,气,血,津,液
治疗血虚证时，常在补血药中配用益气之品的机理是,A,气能生血,气能行血,气能摄血,血能载气,血能生气
在机体内，除哪项外，其他所有正常的液体都属于津液的范畴,C,胃液,肠液,痰液,泪液,唾液
“夺血者无汗”的生理基础是,C,肝肾同源,乙癸同源,津血同源,精血同源,血能载气
头痛在巅顶者，病属,E,太阳经,少阳经,阳明经,太阴经,厥阴经
下列除哪项外，都不是暑邪的致病特点,C,炎上,生风,易夹湿,易伤肺,阻遏气机
下列具有表里关系的经脉是,B,手太阴与手太阳经,足厥阴与足少阳经,督脉与任脉,阴跷脉与阳跷脉,阴维脉与阳维脉
七情内伤致病最易损伤哪几脏,D,心肺脾,心肺肝,肺脾肾,心肝脾,肝脾肾
嗜食生冷寒凉之品易导致,B,耗伤胃阴,损伤脾胃阳气,助湿生痰,阻滞脾胃气机,以上都不是
劳力过度主要伤及,A,气,血,精,神,津液
所谓“虚”的病机是指,B,正气充盛,正气虚衰,脏腑功能减退,邪气亢盛,以上皆非
《黄帝内经》所说“大怒则形气绝，而血菀于上，使人薄厥”的病机是指,D,气不摄血,气机逆乱,血随气脱,血随气逆,血随气结
痰饮、瘀血、结石在形成过程中均与下列哪项有关,C,寒凝,气虚,气滞,血热,湿热
下列哪项不属于瘀血致病的临床表现,D,肌肤甲错,出血紫黯,刺痛拒按,唇甲色淡,肿块固定
下列“诸海”中错误的是,B,脑为髓之海,肺为气之海,冲脉为十二经脉之海,冲脉为血海,胃为水谷之海
下列哪一种病邪致病，可表现为周身困重，四肢倦怠,C,寒邪,暑邪,湿邪,瘀血,寒邪
“至虚有盛候”指的是,A,真虚假实证,真实假虚证,真寒假热证,真热假寒证,虚实转化证
六淫中具有善行数变特性的邪气是,A,风,寒,湿,燥,火
过食咸味可致,E,心盛乘肺,肝盛乘脾,脾盛乘肾,肺盛乘肝,肾盛乘心
大肠为,E,元神之府,玄府,血之府,孤府,传导之府
临床出现自汗、多尿、出血、遗精等症，是气的哪一项功能减退,D,推动作用,温煦作用,防御作用,固摄作用,中介作用
“阴中求阳”的治疗方法是指,A,在扶阳剂中适当佐以滋阴药,滋阴剂中适当佐以扶阳药,在温阳散寒同时佐以扶阳,在清泻阳热同时佐以滋阴,以上皆是
攻补兼施治则适用于何证,E,虚证,真实假虚证,实证,真虚假实证,虚实夹杂证
适用“急则治标”治则的是,C,阴虚咳嗽,持续低热,大出血,慢性胃痛,下肢水肿
中医治疗疾病的指导思想是,A,治病求本,扶正祛邪,调整阴阳,三因制宜,标本缓急
与妇女妊娠关系最密切的是,B,督脉,任脉,阳跷脉,冲脉,带脉
能调节全身阳经气血的是,A,督脉,任脉,阳跷脉,冲脉,带脉
“通因通用”的治则适用于,C,阳虚阴盛，格阳于外的真寒假热证,里热盛极，格阴于外的真热假寒证,瘀血内阻所致的出血证,中气不足所致的脘腹胀满,实热壅积的阳明腑实证
“塞因塞用”的治则适用于,D,阳虚阴盛，格阳于外的真寒假热证,里热盛极，格阴于外的真热假寒证,瘀血内阻所致的出血证,中气不足所致的脘腹胀满,实热壅积的阳明腑实证
"《素问 · 疏五过论》“尝贵后贱” 可致""脱营"",其影响因素是",B,体质因素,社会环境因素,地理差异因素,季节因素,
首先提出“百病皆由脾胃衰而 生”的医家是,B,张从正,李杲,朱丹溪,刘完素,
提出“阳常有余，阴常不足”观点的医家是,A,朱丹溪,刘完素,张从正,张元素,
首先提出“六气者从火化”观点的专家是,D,朱丹溪,张元素,李杲,刘完素,
下列有关“证”的表述中，正确的是,C,对疾病所表现症状的综合认识,对疾病症状与体征的综合分析,对疾病某一阶段的病理概括,对疾病某一阶段的症状概括,
提出“三因学说”的医家是,D,巢元方,张景岳,张仲景,陈无择,
中医学整体观念的内涵是,D,形神合一的统一观,自然界是统一的整体,以五脏为中心的统一观,人体为整体，并与自然界统一,
根据“人与天地相应”的观点，下列除哪项外，均对人体产生影响,D,季节气候变化,昼夜晨昏变化,地区方域不同,饮食偏嗜不同,阴居以避暑
提出“邪去则正安”观点的医家是,A,张子和,李杲,刘完素,朱震亨,李时珍
下列哪项属于中医学的基本特点,D,同病异治,异病同治,审因论治,辨证论治,标本同治
与“阳胜则阴病”病理变化相关的是,B,互根互用,对立制约,交感互藏,相互转化,
心火亢盛引动肝火而致心肝火旺，根据五行理论应选择的治则是,C,抑强,扶弱,泻子,补母,
“阴中有阳，阳中有阴”是指,A,阴阳互藏,阴阳消长,阴阳平衡,阴阳交感,
“益火补土”法适用于,A,肾阳虚损证,心肾阳虚证,心脾两虚证,脾胃阳虚证,
“孤阴不生，独阳不长”所阐述的阴阳关系是,B,阴阳转化,阴阳互根,相互对立,相互消长,
下列各项中宜遵循五行相生规律施治的是,A,水不涵木,水火不济,木不疏土,木火刑金,
阴损及阳，阴阳俱损的理论依据是,B,阴阳转化,阴阳互根,阴阳对应,阴阳消长,
下列各项中属于五行相侮的是,D,其气不足，则制己所不胜,其气有余，则制己所胜,其气不足，则制己所胜,气有余，则侮所不胜,
泻南补北的含义是,D,泻胃火补肝阴,泻肺火补肝阴,泻肝火补肾水,泻心火补肾水,
“阴病治阳”的含义是,D,阳中求阴,阴中求阳,补阴以制阳,补阳以制阴,
“阴在内，阳之守也；阳在外，阴之使也”所阐述的阴阳关系是,B,相互转化,互根互用,消长平衡,对立制约,
按照五行学说，属于“母病及子”的是,C,土虚水侮,土壅木郁,水不涵木,木火刑金,
下列选项中反映阴阳对立制约关系的是,D,寒极生热，重阴必阳,热极生寒，重阳必阴,阴在内，阳之守也,动极者，镇之以静,
抑木扶土法的理论基础是,C,五行相乘,五行相侮,五行相克,五行相生,
下列选项中反映阴阳消长平衡关系的是,A,动极者，镇之以静,壮水之主，以制阳光,善补阳者，阴中求阳,善补阴者，阳中求阴,
子盗母气的理论基础是,A,五行相生,五行相克,五行相乘,五行相侮,
“无阳则阴无以生，无阴则阳无以化”说明的阴阳关系是,B,阴阳对立,阴阳互根,阴阳平衡,阴阳制约,
下列选项中按五行相生次序排列的是,A,角、微、宫、商、羽,呼、歌、笑、哭、呻,筋、肉、脉、骨、皮毛,青、黄、赤、白、黑,
天人相应四时脉象变化《素问·脉要精微论》“春日浮”可见,A,如鱼之游在波,泛泛乎万物有余,蛰虫将去,蛰虫周密,
确立“阴中求阳，阳中求阴”的理论依据是,B,阴阳对立制约,阴阳互根互用,阴阳互为消长,阴阳相互转化,
《素问·五运行大论》“其不及，则己所不胜，侮而乘之”是指,D,相生,相克,相侮,相乘,
所谓“孤阴不生，独阳不长”指阴阳哪种关系失常,D,消长平衡,对立制约,交感互藏,互根互用,
"《难经经释》所说""脏气受制于 我，则邪气不能深入，故为微 邪”是指那种疾病传变形式",D,母病及子,子病犯母,相乘,相侮,
下列治法中与相克规律无关的是,C,抑木扶土,培土制水,滋水涵木,佐金平木,
“无阳则阴无以生，无阴则阳无以化”是指,C,阴阳对立制约,阴阳消长平衡,阴阳互根互用,阴阳交感互藏,阴阳相互转化
按五行规律传变“受我之气者，其力方旺，还而相克，来势必甚”是指,B,母病及子,子病犯母,相乘传变,相侮传变,表里相传
下列选项中与相生规律无关的治法是,E,滋水涵木,益火补土,培土生金,金水相生,培土制水
《灵枢·顺气一日分为四时》“夫百病者，多以旦慧”是因为,A,人氣始生，病气衰,人氣长，长则胜邪,人氣始衰，邪气始生,人氣入脏，邪气独居于身,人氣抗邪，卫外为固
根据阴阳学说药用五味，下列属阳的是,D,辛、甘、酸,酸、苦、咸,辛、苦、甘,辛、甘、淡,辛、淡、咸
《难经经释》“邪扶生气而来，虽进而易退”是指,A,母病及子,子病犯母,相乘传变,相侮传变,表里传变
下列除哪项外都体现了阴阳的互根关系,D,阴在内，阳之守也,孤阴不生，独阳不长,阳在外，阴之使也,重阴必阳，重阳必阴,阴损及阳，阳损及阴
根据五行规律脾病及肝属于,B,相克,相侮,母病及子,相乘,子病犯母
《内经》“动极者，镇之以静；阴亢者，胜之以阳”说明阴阳关系,E,阴阳对立,阴阳互根,阴阳平衡,阴阳转化,阴阳制约
关于五行相侮，下列说法正确的是,D,母气有余，传乘其子,子气有余，传乘其母,气有余则制己所胜,气有余则乘侮其所不胜,气不及则己所不胜侮而乘之
下列符合阴阳对立制约关系的是,B,寒极生热,寒者热之,阴损及阳,重阳必阴,阴中求阳
《景岳全书·新方八略》“阴得阳升而泉源不竭”的治法则是,C,益火之源，以消阴翳,壮水之主，以制阳光,阳中求阴，阴气得复,阴中求阳，阳气充盛,阳病治阴，阴阳平衡
下列非五行相生次序排列者是,B,呼、笑、歌、哭、呻,角、徵、商、宫、羽,青、赤、黄、白、黑,筋、脉、肉、皮毛、骨,酸、苦、甘、辛、咸
阴阳不能相互维系，可出现,C,阳胜则热，阴胜则寒,阳虚则寒，阴虚则热,阴盛格阳，阳盛格阴,阴虚阳亢，阳虚阴盛,阴损及阳，阳损及阴
根据五行归类，肝之变动为,A,握,忧,哕,栗,
根 据 五 行 归 类 ， 肾 之 变 动 为,D,握,忧,哕,栗,
肾阳虚损以致脾阳不振的治法是,A,益火补土法,金水相生法,泻火补水法,培土制水法,
肾阴不足，心火偏亢，心肾不交 的治法是,C,益火补土法,金水相生法,泻火补水法,培土制水法,
根据五行归类，肺之变动为,D,握,哕,栗,咳,
根据五行归类，脾之变动为,B,握,哕,栗,咳,
肝火炽盛，有升无降的治法是,C,培土制水,抑木扶土,实则泻其子,虚则补其母,
脾虚不运，水湿泛滥的治法是,A,培土制水,抑木扶土,实则泻其子,虚则补其母,
以时间划分阴阳，则子时至卯时 属,B,阳中之阳,阴中之阳,阳中之阴,阴中之阴,阴中之至阴
以脏腑部分划分阴阳，则肾属,D,阳中之阳,阴中之阳,阳中之阴,阴中之阴,阴中之至阴
肝气犯脾，属于,A,相乘,相克,子病犯母,相侮,母病及子
肺病及脾，属于,C,相乘,相克,子病犯母,相侮,母病及子
"《内经》所谓“阴阳之征兆”, 是指",D,天地,男女,左右,水火,上下
"《内经》所谓“阴阳之道路”, 是指",C,天地,男女,左右,水火,上下
脾之变动为,A,哕,握,忧,咳,栗
心之变动为,C,哕,握,忧,咳,栗
肾阳虚不能温脾，以至脾阳不 振，其治疗宜采用,A,益火补土法,金水相生法,抑木扶土法,培土制水法,泻火补水法
肾阴不足，心火偏亢，以致心肾 不交，其治疗宜采用,E,益火补土法,金水相生法,抑木扶土法,培土制水法,泻火补水法
根据《素问》，女子“面始焦，发始堕，面始白”与哪条经脉有关,C,太阴脉衰,少阴脉衰,阳明脉衰,少阳脉衰,
下列选项中，属于三焦功能失司的病理变化是,C,水谷精微输布障碍,水谷受纳腐熟障碍,全身水液代谢障碍,糟粕传化排泄障碍,
五脏化五液，心在液为,C,泪,唾,汗,涎,
肺主一身之气基于,B,肺的肃降功能,肺的呼吸功能,肺的百脉功能,肺的宣发功能,
化生“涎”的脏腑是,C,肾,肺,脾,肝,
肝能促进脾胃运化功能的机制是,C,调和气血,调畅情志,调畅气机,调节血量,
下列各项中，对气机升降运动起枢纽作用的是,D,肺主呼气，肾主纳气,心火下降，肾水上济,肝气主升，肺气主降,脾气主升，胃气主降,
“天癸至，任脉通，太冲脉盛”的生理基础是,C,肺朝百脉的功能正常,肝的阴血充足,肾的精气充盛,心主血脉的功能正常,
在肺的生理功能中，与调节汗液排泄有关的是,B,通调水道,宣发卫气,主呼吸之气,主一身之气,
“肾为气之根”的含义是,D,肾为阳气之根本,肾藏先天之精气,肾主一身之气化,肾摄纳吸入之清气,
“肺主一身之气”的含义是,C,推动气血运行,呼出体内浊气,生成宗气，调节气机,宣发卫气,
肺调通水道的功能依赖于,C,肺主一身之气,肺司呼吸而生宗气,肺主宣发肃降,肺朝百脉而主治节,
肝与肺在生理上的协调主要表现于,A,气机的调节,血液的运行,津液的代谢,营卫的协调,
“脾气散精，上归于肺”所反映的生理功能是,D,脾阳主升,脾主运化,脾主运输,脾主升清,
乙癸同源指的是,B,金水相生,精血互化,津气互生,水火既济,
助心推动和调控血行的肺功能是,D,主一身之气,输精于皮毛,主宣发肃降,朝百脉主治节,
心与脾的生理联系主要表现于,C,血液的统摄和贮藏,津液与血液的互化,血液的生成和运行,精髓与血液的互化,
脾的生理特性是,A,以升为健,其气散精,运化水谷,其气转输,
“肺为水之上源”指的是,D,肺气宣发，布散津液,肺气肃降，有利大肠吸收津液,辅助心君，转输气血津液,宣发肃降，通调水道,
脾主升清主要指,C,脾之阳气主升,脾以升为健,脾气散精，上归于肺,运化水液，转输周身,
人体骨骼的发育主要依赖于,B,肝藏血以养骨,肾藏精生髓以养骨,脾运化精微以养骨,心主血脉，推动气血以养骨,
胆汁的生成源于,A,肝之余气,肺之宗气,心之营气,脾胃之精气,
气机升降之枢是指,D,肺主呼气，肾主纳气,心火下降，肾水上升,肝主左升，肺主右降,脾气主升，胃气主降,
多唾或久唾，则易耗伤,B,肺中津气,肾中精气,肝的阴液,脾的阴液,
《素问·上古天真论》说“丈夫五八”则,B,阳气衰竭于上，面焦,肾气衰，发堕齿槁,肝气衰，筋不能动,肾脏衰，形体皆极,
以调节气机升降为主要作用的脏腑是,D,肺与肾,肾与肝,脾与胃,肝与肺,
随神往来者，谓之,C,志,魄,魂,意,
“肝肾同源”的主要依据是,D,厥少二阴之气相通,相火寄于肝肾,肝肾同属于下焦,精血互生互化,
与人体生长、发育和生殖功能关系最为密切的是,A,肾主封藏,心主血脉,脾主运化,肝主疏泄,
“天癸至”“太冲脉盛”的生理效应是,A,月经来潮,汗尿排泄,血液运行,津液代谢,
五脏六腑之精皆上注于目，其中肝之精气上注于,B,瞳子,黑眼,眼络,白眼,
肺与大肠的联系主要表现为,C,肺气宣发，布津于大肠,肺气肃降，以助水液于大肠,肺气肃降，以助大肠传导,肺主治节，调节大肠功能,
与《素问·调经论》“有余则笑不休、不足则悲”相关的是,D,心气,宗气,心阴,心神,心阳
能反映其特点为刚脏、主升主动的生理功能是,C,脾主升清,肺主宣发,肝主疏泄,肾主蒸化,心主神志
与肝主疏泄不密切的生理功能是,E,气机的调节,津液的代谢,血液的运行,情志的调节,精气的封藏
区分五脏、六腑、奇恒之腑的最主要依据是,E,解剖形态,所在部位,阴阳属性,经脉络属,功能特点
“天癸”的产生取决于,D,先天禀赋的充盛,机体元气的充沛,肾中阴阳的平衡,肾中精气的充盈,水谷精微的充养
上焦生理功能的特点是,A,若雾露之溉,主气之生发,通行宗、营、卫三气,元气之别使,主宣发肃降
下列哪项是脏腑精气衰竭的表现,E,体胖食少，神疲乏力,体瘦能食，舌红苔黄,体瘦颧红，皮肤枯干,体瘦食少，舌淡苔白,大骨枯槁，大肉陷下
下列各项中，与精神意识思维活动关系最为密切的是,A,心主血脉,肝主疏泄,脾主运化,肺主治节,肾主藏精
下列功能与肺主治节无关的是,E,调节呼吸运动,调节全身气机,调节血液运行,调节津液输布,调节脾胃升降
维持呼吸功能正常的重要环节是,D,心主神志,肺合皮毛,胃气下降,肾主闭藏,脾主转输
《内经》所谓“肾者，胃之关也”主要是指,A,肾气的蒸化作用,肾主纳气作用,肾气的固摄作用,肾主藏精作用,肾为脏腑阴阳之本
脾胃的相互关系最为重要的是,D,脾燥胃湿，燥湿相济,太阴湿土得阳始运，阳明燥土得阴自安,胃主纳谷，脾主磨谷,脾主升清，胃主降浊,脾为胃行其津液
《内经》所谓“并精而出入者”谓之,C,神,魂,魄,意,志
全身气机调畅最重要的环节是,C,肺主呼气，肾主纳气,心火下降，肾水上升,肝气主升，肺气主降,脾气主升，胃气主降,肺气宣发，亦主肃降
《灵枢·本神》所言“因志而存变”谓之,E,志,智,虑,意,思
“肺为水之上源”是指其能,D,宣发布散津液,其气肃降，有利于大肠主津,辅助心脏，转输气血津液,肃降水液，通调水道,宣发卫气，调节汗液排泄
肝的生理特性是,C,主疏泄，调畅气机,主藏血，调节血量,喜条达而恶抑郁,主血海而调冲任,主筋脉，开窍于目
“肾为气之根”主要指,B,肾为五脏阳气之根本,肾主纳气，以维持呼吸深沉,肾主膀胱的气化开合,肾主水液的蒸腾气化,指元气由肾精所化生
下列哪项与女子胞的生理功能最为密切,E,心、肝、脾、胃、冲脉、督脉,心、肺、肾、胃、阳明脉、带脉,心、肝、肾、胃、冲脉、任脉,心、肺、脾、肝、冲脉、任脉,心、肝、脾、肾、冲脉、任脉
下列情志相胜关系中，哪一项是错误的,A,惊胜怒,恐胜喜,怒胜思,喜胜忧,思胜恐
“利小便即所以实大便”的理论依据是,D,肾司二便，故利小便即可实大便,中气不足，溲便为之变，故二便相关,淡渗利水，则脾阳得健而大便实,二便之源均来自小肠的泌别清浊,利小便的药物本身具有止泻作用
在肾主闭藏的功能活动中，最具有生理意义的是,D,纳气归肾，促进元气之生成,固摄二便，防止二便之失禁,固摄水液，防止水液无故流失,固摄精气，防止精气无故散失,摄纳阳气，防止阳气浮越于上
肝之余气化为,C,涎液,唾 液,胆汁,泪液,
由肾之精气化生的是,B,涎液,唾 液,胆汁,泪液,
三焦的功能是,A,运行水液,通调水道,运化水湿,泌别清浊,
小肠的功能是,D,运行水液,通调水道,运化水湿,泌别清浊,
胆为,C,元神之脑,精明之府,中精之府,孤府,
脑为,A,元神之脑,精明之府,中精之府,孤府,
根据五神脏论，脾所藏的是,D,魄,魂,志,意,
根据五神脏论，肝所藏的是,B,魄,魂,志,意,
被称为“生之本”的是,C,脾,肾,心,肺,
被称为“胃之关”的是,B,脾,肾,心,肺,
三焦为,B,受盛之官,决渎之官,州都之官,相傅之官,
肺为,D,受盛之官,决渎之官,州都之官,相傅之官,
《医贯》的命门论点是,C,右肾为命门说,两肾俱称命门说,“七节之旁，中有小心”说,“命门者，目也”说,命门为“水火之宅”说
《景岳全书》的命门论点是,E,右肾为命门说,两肾俱称命门说,“七节之旁，中有小心”说,“命门者，目也”说,命门为“水火之宅”说
肾的气化功能失常，则,C,尿量增多,尿量减少,二者均有,二者均无,
肺的宣降功能失常，则,B,尿量增多,尿量减少,二者均有,二者均无,
肝的疏泄功能异常，可影响,C,心主神志,脾主运化,二者均有,二者均无,
胃主通降，促进,C,小肠化物，泌别清浊,大肠传导，排出糟粕,二者均是,二者均非,
肺气肃降，促进,B,小肠化物，泌别清浊,大肠传导，排出糟粕,二者均是,二者均非,
月经来潮与否，取决于,C,肾主闭藏,肝主疏泄,二者均有关,二者均无关,
"“天癸”的“至”与""竭"",取 决于",A,肾主闭藏,肝主疏泄,二者均有关,二者均无关,
月经来潮与否，在于,C,肾主闭藏,肝主疏泄,两者均有关,两者均无关,
津液运行于周身，在于,B,肾主闭藏,肝主疏泄,两者均有关,两者均无关,
“治痰先治气”的理论依据是,C,气能生津,气能载津,气能行津,气能摄津,
具有助心行血作用的是,A,宗气,营气,卫气,元气,
津液在体内流注输布的通道是,C,经络,腠理,三焦,脉道,
“分肉解利，皮肤调柔，腠理致密”的生理基础是,B,元气充,卫气和,宗气足,营气盛,
在津液代谢中起主要作用的是,A,肾之蒸腾气化,肺之通调水道,脾之运化水,小肠之分清泌浊,
治疗血虚证配伍补气药，其理论依据是,B,血能载气,气能生血,气能行血,气能摄血,
下列各项中，与血液运行和呼吸运动有关的是,A,宗气的盛衰,卫气的盛衰,肾气的盛衰,脾气的盛衰,
治疗血瘀证时，酌情配以益气或理气之品，其理论依据是,B,血能载气,气能行血,气能摄血,气能生血,
用补气法治疗出血的理论根据是,B,气能生血,气能摄血,气能行血,血能载气,
元气流行的通道是,C,命门,血脉,三焦,膻中,
精血互生互化的依据是,B,肺肾同源,肝肾同源,脾肾同源,心肾同源,
“夺血者无汗”所说明的生理关系是,C,气与血,气与津,血与津,精与津,
“亡血家不可发汗”的生理基础是,D,气能摄津,气能生津,血能载气,津血同源,
水谷精气与清气相结合，关系到,A,宗气的生成,卫气的生成,营气的生成,元气的生成,
津液与元气运行的主要通道是,A,三焦,腠理,血脉,水道,
下列选项中，与语言、声音、呼吸强弱关系最为密切的是,D,元气,卫气,中气,宗气,
下列与“气主煦之”无关的是,A,气郁久从阳而化热,体温的维持恒定,脏腑经络组织器官正常的活动,血和津液的循环运行,
“吐下之余，定无完气”的生理基础是,D,气能生津,气能行津,气能摄津,津能载气,
下列选项中，气不能固摄的物质是,E,血液,汗液,唾液,精液,水谷
治疗血虚病证，配用补气药物的生理基础是,A,气能生血,气能行血,气能摄血,血能载气,津血同源
在气的生成过程中，尤为重要的是,B,肺的呼吸功能,脾胃运化功能,肾的闭藏功能,肺肾协调功能,心的主血功能
《灵枢·本藏》所说“分肉解利，皮肤润柔，腠理致密”主要取决于,B,营卫和调,卫气和利,营气和利,宗气充盈,元气充盛
津液代谢与下列哪组脏腑最为密切,D,脾、肾、小肠、三焦,脾、肝、肾、三焦,肺、肾、三焦、小肠,肺、脾、肾、三焦,心、肾、小肠、膀胱
与语言、声音及心脏搏动等密切相关的是,B,元气,宗气,卫气,中气,营气
气能防止精、血、津液滑脱的作 用称,C,气化作用,防御作用,固摄作用,推动作用,营养作用
精、气、血、津液各自的新陈代 谢及相互转化的作用称,A,气化作用,防御作用,固摄作用,推动作用,营养作用
在奇经八脉中，与精冷不育证最 密切相关的是,B,任脉,督脉,冲脉,带脉,
分布于上肢内侧后缘的经脉为,A,手少阴心经,手厥阴心包经,手太阳小肠经,手太阴肺经,
分布于上肢内侧前缘的经脉为,A,手太阴肺经,手少阴心经,手厥阴心包经,手太阳小肠经,
络脉是经络的分支，其中最大的 是,D,孙络,浮络,经别,别 络,
根据《灵枢 · 经脉》足太阴经的 经气逆乱可导致,D,腹胀便秘,消谷善饥,头晕头痛,霍乱吐泄,
下列各组经脉中，均上连“目 系”的是,A,手少阴经和足厥阴经,手太阴经和足厥阴经,手太阴经和足太阳经,手少阴经和足太阳经,
分布于下肢外侧前缘的经脉是,A,足阳明胃经,足少阳胆经,足太阳膀胱经,足少阴肾经,
能加强表里两经在体内联系的是,B,经筋,经别,别 络,奇 经,
十二经别的循行特点是,A,离、入、出、合,起、结、聚、布,多交叉于十二经脉,多从肘膝以下分出,
《灵枢》所谓足阳明“气盛”的 表现是,C,足不收胫枯,胃中寒胀满,身以前皆热,身以前皆寒栗,
其循行多从肘膝以下分出的经络 是,A,别络,经别,奇 经,经筋,
"具有濡养眼目，""分主一身左右",C,冲 脉,督脉,阴、阳跷脉,阴、阳维脉,
足阳明经“气不足”病机的表,B,消谷善饥,身以前皆寒栗,溺色黄,狂 癫,
足阳明胃经与它经相交的部位是,A,在足大趾端交于足太阴脾经,在目内眦交于足太阳膀胱经,在食指端交于手阳明大肠经,在足小趾端交于足少阴肾经,
十二经脉的别络分出的部位是,D,头面部,胸背部,肘膝以上,肘膝以下,
交 接 于 目 内 眦 的 两 条 经 脉 是,A,手太阳与足太阳,手少阳与足少阳,手阳明与足阳明,手太阴与手阳明,
十二经脉气血贯注的形式是,A,循环贯注,手足贯注,左右贯注,上下贯注,
具有“主束骨而利机关”作用,B,十二经别,十二经筋,十五别络,十二皮部,
交接于足小趾端两条经脉是,D,足少阳经与足厥阴经,足太阴经与手少阴经,足阳明经与足太阴经,足太阳经与足少阴经,
经络气血逆乱，“厥气上逆”发,A,足太阴之别经气逆乱,足厥阴之别经气逆乱,足少阴之别经气逆乱,足太阳之别经气逆乱,
十二经脉气血有余则渗注于,C,经别,经筋,奇经,别络,孙络
经脉中可用离、入、出合来概括其循行特点的是,B,十五别络,十二经别,十二经筋,十二经脉,奇经八脉
《素问 · 气穴论》称其具有“溢 奇邪”、 “通营卫”作用的是,B,皮 部,孙络,浮络,别络,大络
加强足三阴、足三阳经脉与心脏 联系的是,A,经别,别络,阴维脉,阳维脉,阴跷脉
"临证所见“面黑齿长而垢，腹 胀闭，上下不通”,其病机是",E,太阳之脉终结,少阳之脉终结,阳明之脉终结,太阴之脉终结,少阴之脉终结
"《灵枢 · 经脉》所载“实则狂 癫，虚则足不收，胫枯”,此为 何经之别的病变",D,手少阴心经,任脉,足厥阴肝经,足阳明胃经,足太阴脾经
下列哪组经脉的循行均通过其经 别到达头部,B,手太阳与足少阴,手少阴与足太阴,手阳明与足阳明,手太阳与足太阳,手太阳与足阳明
少 阴 经 脉 气 血 衰 竭 可 出 现,D,戴眼反折瘾疯，其色白,耳聋百节皆纵，目寰绝系,口目动作，善惊妄言,面黑齿长而垢，腹胀闭,腹胀闭不得息，善噫善呕
十二经筋多结聚于,C,胸腹部,肌肤体表,关节和骨骼附近,四肢末端,头面及项部
《灵枢 · 经脉》说何经“气不足，则身以前皆寒栗”,D,手少阴心经,任脉,冲脉,足阳明胃经,足太阴脾经
《素问 · 诊要经终论》载，临床 见“戴眼，反折，瘾疯，其色,E,太阴之脉,少阴之脉,阳明之脉,少阳之脉,太阳之脉
经筋的生理功能是,D,主蓄积渗灌气血,主联络机体内外,主运行气血津液,主束骨而利关节,主经气的感应传导
何经“气盛则身以前皆热”,B,手少明心经,足阳明胃经,足太阴脾经,足厥阴肝经,冲脉
奇经八脉中与任脉在咽喉部相会 的经脉是,B,督脉,阴维脉,阳维脉,阴跷脉,阳跷脉
其循行既至目外眦，又至目内眦 的经脉是,C,手少阳三焦经,足少阳胆经,手太阳小肠经,手阳明大肠经,足太阳膀胱经
下述经脉的循行过程中，哪组经 脉经过气街,E,足少阴与足太阳,手少阳与足少阳,手阳明与足阳明,足厥阴与足太阳,足阳明与足少阳
耳聋百节皆纵的病机是,C,太阳之脉终绝,太阴之脉终绝,少阳之脉终绝,少阴之脉终绝,
腹胀闭不得息、善噫的病机是,B,太阳之脉终绝,太阴之脉终绝,少阳之脉终绝,少阴之脉终绝,
面黑齿长而垢，上下不通的病机 是,B,太阳之脉终绝,少阴之脉终绝,少阳之脉终绝,厥阴之脉终绝,
中热嗌干，善溺心烦，舌卷卵缩 的病机是,D,太阳之脉终绝,少阴之脉终绝,少阳之脉终绝,厥阴之脉终绝,
冲脉为,D,髓海,阴脉之海,气 海,十二经脉之海,
膻中为,C,髓海,阴脉之海,气 海,十二经脉之海,
其经脉“入上齿中，还出挟口， 环唇”的是,A,胃 经,肾经,小 肠 经,心经,
"其经脉分支，既至“目锐眦”,",C,胃 经,肾经,小 肠 经,心经,
手厥阴心包经起于,C,中 焦,胞 中,胸中,手小指端,足大趾端
冲脉起于,B,中 焦,胞 中,胸中,手小指端,足大趾端
连舌本，散舌下的经脉是,C,肝经,肾经,脾经,心经,肺经
经脉上行与督脉会于头顶部的是,A,肝经,肾经,脾经,心经,肺经
足太阳之脉终绝，可见,A,戴眼，反折，瘾疯，绝汗出,耳聋，百节皆纵，目寰绝系,口目动作，善惊妄言,腹胀闭不得息，善噫善呕,中热嗌干，善溺心烦，舌卷 卵缩
足太阴之脉终绝，可见,D,戴眼，反折，瘾疯，绝汗出,耳聋，百节皆纵，目寰绝系,口目动作，善惊妄言,腹胀闭不得息，善噫善呕,中热嗌干，善溺心烦，舌卷 卵缩
经过会阴的经脉是,C,督脉,任脉,二者均是,二者均非,
进入脑的经脉是,A,督脉,任脉,二者均是,二者均非,
"依据《素问 · 刺志论》,能够导 致气虚身热的原因是",D,伤风,伤寒,伤湿,伤暑,
劳力过度对身体的重要损害是,D,伤神,耗血,伤精,耗气,
“皮槁而毛拔”(《素问 · 五脏生成篇》)的原因是,A,多食苦,多食甘,多食辛,多食咸,
风邪伤人，痛无定处，所体现的 是,D,风为阳邪,风性数变,风性开泄,风性善行,
“脉凝泣而变色”(《素问 · 五藏生成篇》)的原因是,A,多 食 咸,多食苦,多食甘,多食辛,
根据《素问 · 调经论》所述，神 不足则,A,容易悲伤,喜哭不休,思虑不详,容易恐惧,
下列各项中，不属于六淫致病特 点的是,A,传染性,季节性,地域性,相兼性,
根据情志致病的理论，可导致二便失禁，遗精滑泄的是,C,思虑过度,愤思不已,恐惧过度,悲伤至极,
易侵犯人体上部和肌腠的外邪是,A,风邪,寒邪,湿邪,燥邪,
根据《素问 · 生气通天论》饮食偏嗜伤及五脏的论述，过于苦 则,B,大骨气劳，短肌,脾气不濡，胃气乃厚,筋脉沮驰，精神乃央,心气喘满，色黑,
易致心神耗伤、脾气郁结的原因 是,A,思虑过度,喜乐过度,恼怒过度,悲伤过度,
根据《素问 · 宣明五气篇》所述，“久行”易伤的是,B,血,筋,骨,肉,多食辛
导致心气涣散不收的病机是,D,悲则气消,恐则气下,惊则气乱,喜则气缓,
导致心无所倚、神无所归、虑无所定的病机是,A,惊则气乱,恐则气下,悲则气消,喜则气缓,
暑邪为病，烦渴、气短、乏力， 是由于,D,暑为阳邪，易损肺气,暑应于心，耗气伤血,暑多挟湿，易困脾气,暑性升散，耗气伤津,
《素问 · 举痛论》所说导致“心 系急，肺布叶举，而上焦不通，营卫不散，热气在中”的是,C,怒则气上,喜则气缓,悲则气消,恐则气下,
导致“心气喘满，色黑，肾气不衡”的因素是,A,味过于甘,味过于苦,悲则气消,味过于咸,
引起“肉胝皱而唇揭”病证的饮食偏嗜是,A,多食酸,多食咸,多食苦,多食甘,
暑邪为病，症见汗多，气短，乏 力，是因为,C,暑性炎热,暑多挟湿,暑性升散,暑扰心神,暑易化火
影响疾病发生、发展与变化的根本原因，主要是,E,禀赋的强弱,邪气的性质,邪气的强弱,受邪的部位,正气的盛衰
急躁易怒主要与下列哪项功能失调有关,D,魂不守舍,髓海空虚,肝血不足,肝升太过,心神失养
“大怒则形气绝，而血菀于上”的病机是,B,肝气上逆,血随气升,气机逆乱,火气上逆,肺气上逆
《三因极一病证方论》认为，七 情内伤先自哪些脏腑郁发,B,心、肺、脾,心、肝、脾,心、肝、肾,心、肺、肝,心、肝、胃
"《内经》所说""味过于辛"",则",E,肝气以津，脾气乃绝,大骨气劳，短肌，心气抑,脾气不濡，胃气乃厚,心气喘满，色黑，肾气不衡,筋脉沮弛，精神乃央
"《素问 · 五脏生成篇》说“多食 咸""可致",A,脉凝泣而变色,皮槁而毛拔,筋急而爪枯,肉胝皱而唇揭,骨痛而发落
把病因区分为“外所因”“内所 因”与“不内外因”的医家是,B,唐 · 王冰,宋 · 陈无择,汉 · 张仲景,晋 · 陶弘景,宋 · 钱乙
暑邪为病而见汗多，气短，乏 力，这是由于,D,暑为阳邪，其性炎热,暑应于心，易扰心神,暑多夹湿，易因脾土,暑性升散，耗气伤津,暑为阳邪，化火伤阴
产 生 “ 薄 厥 ” 的 病 因 ， 多 是,A,大怒,过悲,过喜,大惊,卒恐
"《素问 · 五脏生成篇》说：“多 食辛”,可致",C,脉凝泣而变色,皮槁而毛拔,筋急而爪枯,肉胝皱而唇揭,骨痛而发落
寒邪致病，引发肢体屈伸不利或冷厥不仁，是由于,D,寒为阴邪，易伤阳气,寒客肌表，卫阳被遏,寒性凝滞，痹阻经脉,寒性收引，筋脉挛急,
"“味过于酸”,则",B,大骨气劳，短肌，心气抑,肝气以津，脾气乃绝,"心气喘满，色黑,肾气不衡",脾气不濡，胃气乃厚,筋脉沮弛，精神乃央
血有余则,C,悲,喜,怒,恐,
饮邪停于胃肠者称为,A,痰饮,溢 饮,支饮,悬饮,
六淫邪气中，易阻遏气机的是,D,风邪,寒邪,暑 邪,湿邪,
六淫邪气中，易耗伤津液的是,C,风邪,寒邪,暑 邪,湿邪,
易侵犯头面部的邪气是,B,湿邪,火邪,暑邪,寒 邪,
易侵犯人体下部的邪气是,A,湿邪,火邪,暑邪,寒 邪,
风邪的性质是,D,炎上,干涩,升散,善行,
火邪的性质是,A,炎上,干涩,升散,善行,
火邪的致病特点是,D,重浊,凝 滞,善 行,炎上,
湿邪的致病特点是,A,重浊,凝 滞,善 行,炎上,
燥邪的特性是,D,炎上动血,重浊黏滞,善行数变,干涩伤津,收引凝滞
风邪的特性是,C,炎上动血,重浊黏滞,善行数变,干涩伤津,收引凝滞
疖的产生原因是,C,湿热火毒内蕴,肝火妄动，湿热熏蒸,暑湿阻于肌肤,暴气毒邪，袭于皮肤，传注 经络,寒痰凝滞
疽的产生原因是,E,湿热火毒内蕴,肝火妄动，湿热熏蒸,暑湿阻于肌肤,暴气毒邪，袭于皮肤，传注 经络,寒痰凝滞
疫病发生的原因是,C,四时不正之气,湿雾瘴气,二者均是,二者均非,
六淫邪气形成的原因是,A,四时不正之气,湿雾瘴气,二者均是,二者均非,
脏腑气滞多见于,A,肺、肝、脾、胃,肺、肾、肝、胆,心、肾、肝、胆,心、肝、脾、胃,
"“发汗多，若重发汗者，亡其阳” 《伤寒论》,其病机是",C,津亏气耗,津随气脱,气随津脱,津伤液脱,
下列各项中，不属于“内风”的 是,C,血燥生风,阴虚风动,风中络脉,热极生风,
易发生内燥病态的脏腑是,B,脾、胃、大肠,肺、胃、大肠,肝、肾、小肠,肺、肾、小肠,
肝经风热可见,B,两目干涩,目赤痒痛,目暗昏花,目斜上视,
多出现气逆病变的脏腑是,B,肺、脾、胃,肝、胃、肺,肺、脾、胆,胃、肝、心,
脾脏功能失常的病理变化中，易 致脾阳不振的是,C,脾阴亏损,胃阴不足,脾气虚弱,胃气不足,
阴寒极盛，阳气浮越于外所反映 的是,D,阴阳偏盛,阴阳亡失,阴阳互损,阴阳格拒,
湿浊内生的主要原因是,C,肾失气化,肺失宣肃,脾失运化,肝失疏泄,
因实邪结聚，气血不能外达的病 机是,D,由实转虚,虚实夹杂,真虚假实,真实假虚,
《临证指南医案》所谓“阳气之 变动”指的是,A,风气内动,气机逆乱,火热内生,暑热扰神,
真虚假实中假象出现的机理是,D,脏腑机能虚损，水液内停,脏腑气血失调，功能障碍,脏腑阴阳失调，功能失常,脏腑气血不足，运化无力,
导致孔窍干涩的病机是,C,火热内生,暑热伤津,津伤化燥,风气内盛,
《临证指南医案》指出“内风” 的机理是、,C,气机之逆乱,阴血之不足,阳气之变动,筋脉之失养,
两目干涩，视物昏花，甚则夜 盲，多因,E,肝气上逆,肝火上炎,肝阳上亢,肝风上扰,肝血不足
实邪结聚，阻滞经络，气血不能 外达的病机是,D,由实转虚,虚实夹杂,真虚假实,真实假虚,因虚致实
与未老先衰，头发枯萎、早脱、 早白密切相关的病机是,B,肝血不足,肾精亏损,肺气虚衰,肾气不固,脾虚不运
“虚”的主要病机是,A,正气不足,功能减退,抗病能力下降,气血亏虚,津液亏耗
阴损及阳的病机主要是指,E,阴虚不足，虚阳上越,外感阴寒之邪，伤及阳气,阴液亏损，虚热内生,阴寒雍盛，阳气浮越于外,阴液亏损，累及阳气化生 不足
久病卧床不起，周身疼痛，多由 于,C,寒邪凝滞经络,湿热疫毒，阻滞气血,气血亏虚，经脉失养,气滞血瘀，经脉不和,风湿损伤营卫
气逆的病理表现，下列哪项不确 切,D,嗳气、呃逆,头胀痛，甚则昏厥,咳逆气喘,眩晕耳鸣如蝉,面红目赤易怒
易于出现阴虚阳亢(火旺)病 理变化的脏腑是,D,肺、脾、肾,心、脾、肾,脾、肝、肾,心、肝、肾,肺、脾、肝
由于实邪结聚，阻滞经络，导致 气血不能外达，属于,E,由实转虚,虚实夹杂,真虚假实,因虚致实,真实假虚
阳损及阴的病机，主要指,D,阳气虚损，气化不利，水湿 积聚,外感温热阳邪，伤及阴液,阳虚不能制阴，阴寒内盛,阳气虚损，阴液化生不足,阳热遏伏，拒阴于外
未老先衰，头发枯萎，早脱、早 白的病机是,B,肝 失 疏 泄,肾精不足,肾气不固,脾虚不运,肺气虚衰
“寒从中生”的主要机制，是由 于,D,肺气不足，寒饮内停,胸阳不振，阴寒内盛,恣食生冷，寒从中生,脾肾阳虚，阴寒内生,痰湿内阻，从阴化寒
“实”的病机最根本的是,A,邪气亢盛,脏腑功能亢盛,气血郁滞,水液停积,痰浊壅阻
患者突然冷汗淋漓，四肢厥逆， 其病机是,C,气 陷,气闭,气 脱,气 亡,
阳损及阴是指,B,阳气亢盛，损伤阴精,阳气虚损，阴气无以化生， 导致阴阳两虚,阳气虚衰，阴气相对偏盛,阳盛至极，热盛于内，排斥 阴气于外,
阳盛格阴是指,D,阳气亢盛，损伤阴精,阳气虚损，阴气无以化生， 导致阴阳两虚,阳气虚衰，阴气相对偏盛,阳盛至极，热盛于内，排斥 阴气于外,
导致肢体麻木不仁，筋肉跳动的 病机是,B,热极生风,血虚生风,阴虚风动,肝阳化风,
导致肢体麻木震颤，眩晕欲仆的 病机是,D,热极生风,血虚生风,阴虚风动,肝阳化风,
阴盛格阳者治宜,D,以热治寒,以寒治热,以寒治寒,以热治热,
阴寒内盛者治宜,A,以热治寒,以寒治热,以寒治寒,以热治热,
情志不遂，气郁日久易致,A,肝火上炎,肝不藏血,肝阳上亢,肝血不足,
房室劳倦，肾阴耗伤易致,C,肝火上炎,肝不藏血,肝阳上亢,肝血不足,
症见筋挛肉睏、手足蠕动，其病 机是,C,肝阳化风,热极生风,阴虚风动,血虚生风,
症见肢麻不仁、甚则手足拘挛不 伸，其病机是,D,肝阳化风,热极生风,阴虚风动,血虚生风,
症见五心烦热、神志不宁，其病 机是,A,心阴不足,心血亏损,肝阴不足,肝血亏虚,
症见肢麻不仁、眩晕、目花干,D,心阴不足,心血亏损,肝阴不足,肝血亏虚,
气滞的病机是,B,元气耗损，脏腑功能衰退,气机不畅，脏腑经络功能 障碍,气机失常，脏腑之气逆上,气虚升举无力，脏腑位置 下移,
气陷的病机是,D,元气耗损，脏腑功能衰退,气机不畅，脏腑经络功能 障碍,气机失常，脏腑之气逆上,气虚升举无力，脏腑位置 下移,
血燥生风的病因是,B,生血不足或失血过多,久病耗血或年老精亏,产后恶露日久不净,热病后期，阴津亏损,水不涵木，浮阳不潜
阴虚风动的病因是,D,生血不足或失血过多,久病耗血或年老精亏,产后恶露日久不净,热病后期，阴津亏损,水不涵木，浮阳不潜
形成瘀血的原因是,C,气 虚,血热,二者均是,二者均非,
形成出血的病机是,C,气 虚,血热,二者均是,二者均非,
温热病过程中，邪热里结，阴液大伤，应选用的治则是,D,治本,治标,先治标后治本,标本兼治,
“益火之源，以消阴翳”属于,C,阴中求阳,阳病治阴,阴病治阳,阳中求阴,
治未病强调“法于阴阳”的含义 是,D,养 性 调 神,护肾保精,体魄锻炼,顺应自然,
"""壮水之主，以制阳光""属于",A,阳病治阴,阴病治阳,阳中求阴,阴中求阳,
阴虚之体，慎用温热之剂属于,D,热者寒之,用热远热,阴中求阳,因人制宜,
热病见寒的治则是,D,逆 治,扶 正,治 标,从 治,
见肝之病，知肝传脾，当先实脾属于,A,先安未受邪之地,早期诊治,扶正祛邪,未病先防,
病人正虚邪实而又不耐攻伐时， 其治疗原则是,D,扶助正气,祛除邪气,攻补兼施,先补后攻,
“法于阴阳，和于术数”属于,B,顺应气机的调养原则,顺应自然的调养原则,顺应情志的调养原则,顺应体质的调养原则,
脾虚运化无力而致脘腹胀满者， 治宜,A,以补开塞,攻补兼施,消食导滞,以通为主,
温热病伤及胃阴后，在甘寒养胃 方药中加入咸寒滋肾之品，意在,B,提高机体的抗邪能力,先安未受邪之地,早期治疗,未病先防,
阳病治阴的具体应用是,C,善补阳者，必于阴中求阳,善补阴者，必于阳中求阴,壮水之主，以制阳光,益火之源，以消阴翳,
阴病治阳的具体应用是,B,诸寒之而热者，应壮水之主,诸热之而寒者，应益火之源,虚则补之,寒者热之,
"《素问 · 阴阳应象大论》指出调 整阴阳的具体应用，""其高者"" 的治法是",A,因而越之,引而竭之,汗而发之,散而泻之,
“诸寒之而热者，取之阴”指的 是,A,阳病治阴,阴病治阳,阴中求阳,阳中求阴,
治疗暑季感冒常配伍芳香化浊药，体现的治则是,C,辨病论治,急则治标,因时制宜,升清降浊,
"《素问 · 五常政大论》说：“西 北 之 气 ， 散 而 寒 之 "" , 是 指",D,收敛阳气，温其里寒,辛温解表，温其内寒,解表祛湿，表里双解,散其外寒，清其里热,
《素问 · 阴阳应象大论》指出调 整阴阳的具体应用，“其有邪 者”应,C,汗而发之,因而越之,渍形以为汗,引而竭之,
临床治疗虚衰病证，为求阴阳相 济，在补阴时适当配用补阳药， 此为,B,阴中求阳,阳中求阴,阴阳双补,阳病治阴,阴病治阳
"""诸寒之而热者，取之阴"",是 指",A,阳病治阴,阴中求阳,寒因寒用,热者寒之,用寒远寒
用活血化瘀药治疗崩漏，属于,C,热因热用,寒因寒用,通因通用,塞因塞用,
用温热药治疗阴盛格阳证，属于,A,热因热用,寒因寒用,通因通用,塞因塞用,
用消积导滞的方法治疗腹泻，属 于,E,热者寒之,寒者热之,热因热用,塞因塞用,通因通用
用温热药治疗寒证的方法，属于,B,热者寒之,寒者热之,热因热用,塞因塞用,通因通用
辨证论治的原则是,B,既病防变,治病求本,因人制宜,因时制宜,因地制宜
"《素问 · 五常政大论》所说“西 北之气，散而寒之”,体现的原 则是",E,既病防变,治病求本,因人制宜,因时制宜,因地制宜
用补益药治疗闭塞不通症状的病 证，属于,C,热因热用,寒因寒用,塞因塞用,通因通用,热者寒之
用热性药治疗具有假热症状的病 证，属于,A,热因热用,寒因寒用,塞因塞用,通因通用,热者寒之
热结旁流病证的治疗，属于,B,热者寒之,通因通用,二者均是,二者均非,
精血虚少便秘的治疗，属于,D,热者寒之,通因通用,二者均是,二者均非,
膀胱湿热所致病证，用清利方法,C,热者寒之,通因通用,两者均是,两者均非,
久病精血不足所致病证，用益气,D,热者寒之,通因通用,两者均是,两者均非,