Question,answer,A,B,C,D,E,分类,题型,,,
小儿“脏腑娇嫩，形气未充”，其中“气”是指：,C,形体结构,血少气弱,生理功能,先天之气,后天之气,儿科学,单选,,,
麻疹早期的诊断依据是：,C,发热,畏光流泪,麻疹粘膜斑,淋巴结肿大,咳嗽,儿科学,单选,,,
肾病患儿面目皆肿，以下肢为甚，面白无华，畏寒肢冷，神疲蜷卧，纳少便溏，舌淡胖，苔白滑，脉沉细无力，证属：,B,脾虚湿困,脾肾阳虚,肝肾阴虚,气滞血瘀,肺脾气虚,儿科学,单选,,,
治疗小儿疳证“疳气”的首选方剂是：,C,枳术丸,肥儿丸,资生健脾丸,木香大安丸,以上都不是,儿科学,单选,,,
水痘的主要表现，下列哪项是错误的？,E,发热1—2天出疹,皮疹以躯干为多,疹色红润，疱浆清稀,丘疹、疱疹、结痂同时并见,愈后脱屑，留有瘢痕,儿科学,单选,,,
下列哪项是湿热泻之粪便改变？,B,泄泻清稀,大便内有粘液,大便中多泡沫,大便色淡,臭味不甚,儿科学,单选,,,
小儿感冒可出现的兼证是：,D,挟火、挟痰、挟湿,挟火、挟痰、挟食,挟风、挟痰、挟食,挟痰、挟惊、挟滞,挟湿、挟惊、挟食,儿科学,单选,,,
小儿哮喘的好发季节是：,A,冬春,夏秋,秋冬,春夏,春秋,儿科学,单选,,,
急惊风的“四证”是指：,B,风、火、积、热,风、痰、热、惊,痰、积、惊、热,惊、热、痰、火,痰、火、积、热,儿科学,单选,,,
注意力缺陷多动症的治疗原则是：,B,清热化痰,调和阴阳,滋肾平肝,补益心脾,补益心肾,儿科学,单选,,,
下列哪项属新生儿的正常舌象：,E,舌红无苔,舌红少津,舌质绛红,舌生红刺,舌质淡白,儿科学,单选,,,
患儿咳喘反复发作，面色咣白，形寒肢冷，脚软无力，大便澄清。其证候是：,B,肺气虚弱,脾虚气弱,肾虚不纳,肺脾气虚,阴虚肺热,儿科学,单选,,,
患儿，2岁。面色少华，不思纳食，精神正常，舌苔薄腻。其治法是：,A,健脾益气,和脾助运,消食和中,消补兼施,养胃育阴,儿科学,单选,,,
不易继发肺炎的是：,A,疳症,上感,哮喘,麻疹,以上均是,儿科学,单选,,,
治疗厌食的基本原则是：,A,调理脾胃,调肝理脾,清热通腑,消食导滞,健脾益肾,儿科学,单选,,,
下列不属急惊风成因的是：,E,感受风邪,温热疫邪,湿热疫邪,暴受惊恐,气滞血瘀,儿科学,单选,,,
病毒性心肌炎症见胸闷气短，心悸，头晕，胸痛叹息，时欲呕恶，咳嗽痰多，甚至咳喘不能平卧，舌微紫，苔白腻，脉滑或结代。其治疗方法为：,D,清热解毒,温振心阳,养心固本,化痰泄浊,活血化瘀,儿科学,单选,,,
大便呈果酱色，伴阵发性哭吵，常为：,C,痢疾,肠炎,肠套叠,食积,便秘,儿科学,单选,,,
治疗肺炎喘嗽风寒闭肺证，应首选的方剂是,B,三拗汤,华盖散,麻杏石甘汤,小青龙汤,金沸草散,儿科学,单选,,,
上述各项，属解颅临床特征,D,苦笑面容,前囟凹陷,三凹征,落日状,多汗夜惊，烦躁不安发稀枕天,儿科学,单选,,,
"治疗水痘邪炽气营证, 应首选的方剂是",C,柴葛解肌汤,宣毒发表汤,清胃解毒汤,清瘟败毒饮,五味消毒饮,儿科学,单选,,,
肺炎喘嗽症见恶寒发热，头身痛，无汗，鼻塞流清涕，呼吸气急，痰稀色白。其病机是,A,风寒闭肺,风热闭肺,毒热闭肺,肺脾气虚,痰热闭肺,儿科学,单选,,,
尿频脾肾气虚证的治法是,C,健脾益气，温肾固摄,益肺健脾，固涩膀胱,温补脾肾，升提固摄,滋阴补肾，固涩小便,健脾补肾，通利膀胱,儿科学,单选,,,
痱腮的病位主要是,B,太阳经脉,少阳经脉,阳明经脉,太阴经脉,少阴经脉,儿科学,单选,,,
男孩，8 岁。症见多动多语，冲动任性，难于制约，注意力不集中，胸中烦热，懊侬不眠，便秘尿赤，舌质红，苔黄腻，脉滑数。治疗应首选方剂是,E,龙胆泻肝汤,泻心导赤散,泻心汤,清心涤痰汤,黄连温胆汤,儿科学,单选,,,
水痘邪伤肺卫证的治法是,B,"宣肺解毒, 利湿清热","疏风清热, 利湿解毒","疏风解表, 清热宣肺","辛凉解表, 清热渗湿","清热渗湿, 解毒凉营",儿科学,单选,,,
佝偻病的病机主要是,A,脾肾虚亏,心肝血虚,肝肾阴虚,肝风阴虚,肺脾两虚,儿科学,单选,,,
腹痛常用辨证思路不包括,D,辨病位,辨寒热,辨虚实,辨年龄,分轻重,儿科学,单选,,,
"治疗手足口病湿热壅盛证,应首选的方剂是",E,透疹凉解汤,清胃解毒汤,宣毒发表汤,清解透表汤,清瘟败毒饮,儿科学,单选,,,
疳肿胀的病位是,A,脾肾,肝脾,心脾,脾肺,脾胃,儿科学,单选,,,
患儿，2岁。起病1天，发热，口颊、齿龈见多个溃疡点，周围掀红，口臭流涎，舌红，苔黄。应首选方剂是,E,导赤散,泻黄散,清胃散,凉膈散,银翘散,儿科学,单选,,,
丘疹、疱疹、结痂并见，疱疹内有水液色清的疾病是,B,脓疱疮,水痘,奶麻,丹痧,瘾疹,儿科学,单选,,,
患儿，5 岁。突然壮热，神志昏迷，烦躁谵妄，反复抽搐，惊厥不已，呕吐腹痛，大便夹脓血，舌质红，苔黄腻，脉象滑数。治疗应首选的方剂是,C,羚角钩藤汤,普济消毒饮,黄连解毒汤合白头翁汤,白虎汤合玉枢丹,清瘟败毒饮,儿科学,单选,,,
下列各项，不属小儿的生理特点的是,C,行气未充,生机蓬勃,易趋康复,脏腑娇嫩,发育迅速,儿科学,单选,,,
小儿生长发育最快的时期是,B,新生儿期,婴儿期,幼儿期,学龄前期,学龄期,儿科学,单选,,,
小儿风热感冒与风寒感冒的鉴别要点是,C,恶风发热,恶寒发热,咽红肿痛,咳嗽不爽,咳嗽频作,儿科学,单选,,,
患儿，3 岁半。面色潮红，身热消瘦，手足心热，肢体拘挛或强直，时或抽搐，大便干结，舌光无苔，质绛少津，脉象细数。治疗应首选的方剂是,A,大定风珠,地黄饮子,大补阴丸,理中汤,四逆汤,儿科学,单选,,,
疳肿胀的主要病机是,C,脾病及肝，肝血不足,脾病及心，心火上炎,脾病及肾，阳气虚衰,脾病及肝，肝阳上亢,脾病及肾，阴虚火旺,儿科学,单选,,,
对于感冒的诊断标准描述错误的是,A,肺部听诊可闻及中、细湿啰音,感冒伴兼夹证者，可见睡卧不宁，惊惕抽搐,感冒伴兼夹证者，可见咳嗽加剧，喉间痰鸣,发热、恶风寒、鼻塞流涕、喷嚏、咳嗽等为主症,感冒伴兼夹证者，可见脘腹胀满，不思饮食，呕吐酸腐，大便失调,儿科学,单选,,,
胎儿期易发生先天畸形的是,B,妊娠早期4周,妊娠早期12周,妊娠中期10周,妊娠中期15周,妊娠晚期13周,儿科学,单选,,,
水痘的好发年龄是,D,6月~1岁,1~3岁,3~6岁,6~9岁,9岁以上,儿科学,单选,,,
患儿，6 岁半。经常夜间遗尿，白天尿频量多，平素易感，面色少华，食欲不振，大便溏薄，舌淡苔白，脉沉无力。治疗应首选的方剂是,D,菟丝子散,导赤散,缩泉丸合玉屏风散,补中益气汤合缩泉丸,桑螵蛸散,儿科学,单选,,,
患儿，4 岁。反复外感，面白颧红少华食少纳呆，口渴，盗汗自汗，手足心热，大便干结，舌质红，苔花剥，脉细数。其证候是,D,肺脾气虚,营卫失调,脾肾两虚,肺脾阴虚,气阴两虚,儿科学,单选,,,
口疳的病位是,A,心脾,肝脾,脾胃,脾肾,心肝,儿科学,单选,,,
"患儿,1岁3个月,突发高热4天,神智正常, 现热已退, 肌肤出现玫瑰色丘疹, 皮疹始发于躯干, 很快延及全身, 肤无痒感。舌质偏红，苔薄少津,指纹淡紫。其治法是",E,"辛凉透表, 清宣肺卫","清凉解毒, 透疹达邪","疏风解表, 清热解毒","疏风清热, 利湿解毒","清热生津, 以助康复",儿科学,单选,,,
时疫感冒证的治法是,E,辛温解表,辛凉解表,清暑解表,消食导滞,清瘟解表消毒,儿科学,单选,,,
患儿，3岁。舌苔厚腻垢浊不化，便秘，腹胀。其病机是,B,寒湿内停,宿食内积,湿热内蕴,脾虚失运,心脾积热,儿科学,单选,,,
治疗哮喘痰热阻肺证应首选的方剂是,C,大青龙汤,麻杏石甘汤,麻杏石甘汤合苏葶丸,黄连解毒汤合麻杏石甘汤,麻杏石甘汤合葶苈大枣泻肺汤,儿科学,单选,,,
传染性单核细胞增多症痰热流注证的治法是,D,辛凉解表，清暑化湿,清气凉营，解毒化痰,清气凉营，泻火涤痰,清热化痰，通络散瘀,清热解毒，泻火涤痰,儿科学,单选,,,
"患儿,6岁。发热轻微,鼻塞流涕,喷嚏, 咳嗽, 起病后 1~2 天出皮疹, 疹色红润, 疱浆清亮, 根盘红晕, 皮疹瘙痒, 分布稀疏, 此起彼伏, 以躯干为多, 舌苔薄白, 脉浮数。其病机是",A,邪伤肺卫,邪伤肺胃,邪炽气营,邪炽心肝,邪伤肺肾,儿科学,单选,,,
婴儿后半年平均每月增长的体重是,C,0.3kg,0.4kg,0.5kg,0.7kg,1kg,儿科学,单选,,,
肺炎喘嗽的病机关键是,C,肺卫失宣,肺失宣肃,肺气郁闭,痰饮内伏,痰阻气道,儿科学,单选,,,
反复呼吸道感染脾肾两虚证的治法是,B,养阴润肺，益气健脾,温补肾阳，健脾益气,调和营卫，益气固表,补肺固表，健脾益气,温补脾肾，固摄纳气,儿科学,单选,,,
下列属于病理性黄疸的是,A,生后 24h 以内出现黄疸,生后第 2~3 日出现黄疸，第4~6日达高峰,足月儿在生后2周消退，早产儿可延迟至3~4 周消退,足月儿血清总胆红素≤221umol/L，早产儿≤257umol/L,小儿一般情况良好，除偶有轻微食欲不振外，不伴有其他临床症状,儿科学,单选,,,
麻疹好发的年龄是,C,1个月,1~5个月,6个月~5岁,6~7岁,10~12岁,儿科学,单选,,,
乳牙正常开始萌出的时间是,D,2～4个月,4～5个月,5～6个月,4～10个月,12～18个月,儿科学,单选,,,
腹痛腹部中寒证的主方为,C,香砂平胃散,大承气汤,养脏汤,小建中汤,少腹逐瘀汤,儿科学,单选,,,
患儿，5岁。平素易感冒。最近咳嗽反复不愈，痰白清稀，面白无华，气短懒言，语声低微，自汗盗汗，舌淡嫩，边有齿痕，脉细无力。其证候是,D,风寒咳嗽,风热咳嗽,风燥咳嗽,气虚咳嗽,痰湿咳嗽,儿科学,单选,,,
小儿诊法既主张四诊合参，又特别重视的诊法是,E,按诊,脉诊,问诊,闻诊,望诊,儿科学,单选,,,
治疗水肿气阴两虚证，应首选方剂的是,E,知柏地黄丸,防己黄芪汤合五苓散,真武汤合黄芪桂枝五物汤,实脾饮,六味地黄丸加黄芪,儿科学,单选,,,
预防脐风最重要的措施是,D,孕妇勿感风邪,产妇勿感风邪,小儿生后避风,清洁断脐护脐,脐疮防其走黄,儿科学,单选,,,
传染性单核细胞增多症气营两燔证的治法是,B,辛凉解表，清暑化湿,清气凉营，解毒化痰,清气凉营，泻火涤痰,清热化痰，通络散瘀,清热解毒，泻火涤痰,儿科学,单选,,,
患儿，11个月。出牙延迟，头颅方大，肋骨串珠，行走迟缓。证属,C,肾阳不足,肝肾阴虚,肾精亏损,脾气虚弱,肺气不足,儿科学,单选,,,
患儿，7 岁。全身浮肿，尿少或尿闭，头晕头痛，恶心呕吐，嗜睡，甚则昏迷，舌质淡胖，苔垢腻，脉弦。治疗应首选的方剂是,D,龙胆泻肝汤合羚角钩藤汤,五味消毒饮合小蓟饮子,己椒苈黄丸合参附汤,温胆汤合附子泻心汤,参附龙牡救逆汤合小蓟饮子,儿科学,单选,,,
患儿，5 岁。发热咳嗽3天。发热烦躁，咳嗽喘促，气急鼻扇，咯痰黄稠，喉间痰鸣，咽红肿，面色红赤，口渴欲饮，大便干结，小便短黄，舌质红，苔黄，脉滑数。应首选的方剂是,E,华盖散,麻杏石甘汤,人参五味子汤,黄连解毒汤合麻杏石甘汤,麻杏石甘汤合葶苈大枣泻肺汤,儿科学,单选,,,
患儿，5 岁。发热咳嗽7天。咳喘持久，低热盗汗，手足心热，干咳少痰，面色潮红，口干便结，舌红少津，苔少，脉细数。其治法是,D,清热解毒，泻肺开闭,清热涤痰，开肺定喘,辛温宣肺，化痰止咳,养阴清肺，润肺止咳,补肺益气，健脾化痰,儿科学,单选,,,
炸腮临床上最为常见的变证是,E,亡阴亡阳,水饮凌心,水毒内闭,心阳暴脱,邪陷心肝,儿科学,单选,,,
按公式计算，6岁小儿正常体重是,D,15kg,16kg,18kg,20kg,22kg,儿科学,单选,,,
患儿，6岁。时有尿频，小便清长，每晚尿床1次以上，面白少华，神疲乏力，肢冷畏寒，舌淡，苔白滑，脉沉无力。其诊断是,B,尿频，脾肾气虚,遗尿，肾气不足,遗尿，心肾失交,尿频，脾肾阳虚,遗尿，肺脾气虚,儿科学,单选,,,
奶麻好发年龄是,C,1~3个月,3~6个月,6~18个月,18~24个月,3岁以上,儿科学,单选,,,
患儿，3岁。体重13kg，自人幼儿园2个月来，食欲不振，面色少华，偶尔多食后则脘腹饱胀，恶心，精神尚可，二便调，舌苔薄腻。其治法是,E,消食导滞，理气行滞,健脾益气，开胃助运,滋脾养胃，佐以助运,疏肝开郁，理气助运,调和脾胃，运脾开胃,儿科学,单选,,,
不属于推拿疗法治疗的疾病是,C,斜颈,腹痛,紫癜,痿证,泄泻,儿科学,单选,,,
水肿水凌心肺证的治法是,B,泻肺逐水，清心泻火,泻肺逐水，温阳扶正,泻肺逐水，止咳平喘,平肝泻火，清心利水,止咳平喘，温阳扶正,儿科学,单选,,,
时疫感冒证应首选的方剂是,E,荆防败毒散,新加香薷饮,银翘散合黄连解毒汤,银翘散合清瘟败毒散,银翘散合普济消毒饮,儿科学,单选,,,
病毒性心肌炎的发病内因是,B,痰瘀内阻,正气亏虚,外感风温邪毒,湿热邪毒侵袭,饮食内滞,儿科学,单选,,,
治疗急惊风湿热疫毒证应首选的方剂是,B,羚角钩藤汤,黄连解毒汤合白头翁汤,清瘟败毒饮,普济消毒饮,白虎汤合紫雪丹,儿科学,单选,,,
患儿，6 岁。反复外感，面黄少华，形体消瘦，肌肉松软，少气懒言，气短，自汗多汗，食少纳呆，大便不调，舌质淡，苔薄白，脉无力。其治法是,D,调和营卫，益气固表,温补肾阳，健脾益气,养阴润肺，益气健脾,补肺固表，健脾益气,健脾益气，养阴益胃,儿科学,单选,,,
治疗小儿传染性单核细胞增多症湿热蕴滞证，应首选的方剂是,B,温胆汤,甘露消毒丹,银翘散,涤痰汤,龙胆泻肝汤,儿科学,单选,,,
"患儿,3岁。壮热口渴,烦躁哭闹,疹色鲜红, 部分紫暗, 疹点稠密, 皮疹融合成片, 皮肤猩红, 小便短赤, 大便秘结, 舌红苔黄, 脉数有力。其病机是",B,邪犯肺卫,邪入气营,邪热入血,血热夹瘀,血热妄行,儿科学,单选,,,
患儿，9岁。紫搬时发时止，低热，盗汗，心烦少寐，小便黄赤，大便干燥，舌光红，苔少，脉细数。其证候是,A,阴虚火旺,气滞血瘀,风热伤络,血热妄行,气不摄血,儿科学,单选,,,
下列各项，有关鹅口疮的预防与调护，错误的是,E,孕妇注意个人卫生，患阴道霉菌病者要及时治愈,注意口腔清洁，婴儿奶具要消毒,注意小儿营养，积极治疗原发病,注意观察口腔黏膜白屑变化，如发现患儿吞咽或呼吸困难，应立即处理,可长期应用抗生素或肾上腺皮质激素辅助治疗,儿科学,单选,,,
麻疹疹点先见于的部位是,E,头面,颈部,胸腹,四肢,耳后发际,儿科学,单选,,,
患儿，3岁。发热，咳嗽，咳声嘶哑如犬吠状，其诊断是,E,咽炎,感冒,哮喘,顿咳,急喉风,儿科学,单选,,,
下列各项，不属小儿的病理特点的是,D,发病容易,传变迅速,易趋康复,脏腑娇嫩,脏气清灵,儿科学,单选,,,
患儿，2岁。流涕，喷嚏，咳嗽1天，次日高热，于体温骤升时突然发生惊厥，咽喉红赤，苔薄黄，指纹浮紫于气关。其证候是,C,风热感冒,邪陷心肝,风热动风,气营两燔,湿热疫毒,儿科学,单选,,,
小儿指纹色青紫，其证是,A,瘀热内结,外感风寒,外感风热,内有虚寒,邪热郁滞,儿科学,单选,,,
患儿，15天。口内舌上白屑成片，烦躁多啼。其诊断是,E,马牙,口糜,白喉,口疮,鹅口疮,儿科学,单选,,,
"患儿,1岁。突然发热,T37.8C,伴咳嗽, 流涕, 纳差;1天后口腔硬腭、颊部黏膜出比疱疹, 2 天后出现米粒大小皮疹, 以手、足、臀部为主, 部分为疱疹, 质地较硬, 内有混浊液体,周围绕有红晕。其诊断是",E,水痘,风痧,奶麻,丹痧,手足口病,儿科学,单选,,,
麻疹收没期的皮肤特点是,E,无色素沉着及脱屑,"无色素沉着, 有大片脱皮","有色素沉着, 无脱屑","有色素沉着, 少有脱皮","有色素沉着, 并有麦麸状细微脱屑",儿科学,单选,,,
患儿，5 岁。咳嗽4 天。咳声重浊，痰多壅盛，色白清稀，胸闷纳呆，困倦乏力，舌淡红，苔白腻，脉滑。其证候是,E,风寒咳嗽,风热咳嗽,风燥咳嗽,痰热咳嗽,痰湿咳嗽,儿科学,单选,,,
炸腮的肿胀部位是,E,颌下,颈前,耳后,面颊部,以耳垂为中心,儿科学,单选,,,
"患儿,5岁。麻疹第5天,壮热持续,起伏如潮、烦躁不安、目赤眵多、皮疹布发、疹点逐渐稠密,皮疹凸起,触之碍手,压之退色,大便干结, 小便短少, 舌质红赤, 舌苔黄腻, 脉数有力。其证候是",C,邪犯肺卫,邪毒闭肺,邪入肺胃,邪毒攻喉,阴津耗伤,儿科学,单选,,,
尿频脾肾气虚证的症状特点是,B,病程长，小便频数，尿急，尿痛,病程长，小便频数，滴沥不尽，纳差畏寒,病程长，小便频数短赤，五心烦热,起病急，小便频数，滴沥不尽，小腹坠胀,病程长，小便频数，尿液混浊,儿科学,单选,,,
奶麻好发季节是,A,冬春,春夏,夏秋,秋冬,盛夏,儿科学,单选,,,
营养性缺铁性贫血肝肾阴虚证症见,C,面色苍白，唇甲色淡，头晕心悸,面色苍黄，纳呆消瘦，大便不调,面色苍白，头晕目眩，四肢震颤,面色白，精神萎靡，四肢不温,面色苍白，形体消瘦，发黄稀疏,儿科学,单选,,,
丹痧毒炽气营证的治法是,A,"清气凉营, 泻火解毒","清热解毒, 软坚消肿","养阴益气, 清解余邪","辛凉宣透, 清热利咽","辛凉透表, 清宣肺卫",儿科学,单选,,,
小儿出生时正常头围是,A,33～34cm,36～38cm,42cm,46cm,48cm,儿科学,单选,,,
治疗尿频湿热下注证，应首选的方剂是,A,八正散,缩泉丸,菟丝子散,龙胆泻肝汤,桑螵蛸散,儿科学,单选,,,
急惊风的“四证”是指,B,风、火、积、热,风、痰、热、惊,痰、积、惊、热,惊、热、痰、火,痰、火、积、热,儿科学,单选,,,
患儿，6岁。突然出现小便频数短赤，尿道灼热疼痛，尿液淋沥混浊，小腹坠胀，腰部酸痛，伴有发热，烦躁口渴，甚有恶心呕吐，舌质红，苔黄腻，脉数有力。治疗应首选的方剂是,B,龙胆泻肝汤,八正散,缩泉丸,桑螵蛸散,知柏地黄丸,儿科学,单选,,,
小儿反复呼吸道感染病位主要在肺，常涉及的脏腑是,A,脾肾,心肝,脾胃,肝肾,心肾,儿科学,单选,,,
治疗蛔虫病肠虫证，应首选的方剂是,A,使君子散,化虫丸,追虫丸,乌梅丸,驱虫粉,儿科学,单选,,,
患儿，5岁。大便秘结，欲便不得，甚或胸胁痞满，腹胀疼痛，嗳气频作，舌质红，苔薄白，脉弦。治宜,C,消积导滞通便,清热润肠通便,理气导滞通便,益气润肠通便,养血润肠通便,儿科学,单选,,,
风痧邪犯肺卫证的治法是,B,辛凉宣肺透表,疏风清热透疹,辛温解表,清热解毒,调和营卫,儿科学,单选,,,
风痧的主要临床特征是,D,热退疹出,口腔黏膜斑,口周苍白圈,耳后、枕后淋巴结肿大,丘疹、疱疹、结痂同时存在,儿科学,单选,,,
小儿咳嗽的主要内因是,A,肺脾虚弱,肝肾阴虚,肺肾两虚,肝脾不和,心脾两虚,儿科学,单选,,,
治疗咳嗽风寒咳嗽证，应首选的方剂是,E,三拗汤,华盖散,麻杏石甘汤,小青龙汤,金沸草散,儿科学,单选,,,
壮热，肤布疹点，舌绛如草莓者的疾病是,D,麻疹,风痧,奶麻,丹痧,瘾疹,儿科学,单选,,,
气虚便秘的治法为,D,消积导滞通便,清热润肠通便,理气导滞通便,益气润肠通便,养血润肠通便,儿科学,单选,,,
患儿，3岁。体重11kg，身高93cm，精神好，食欲差。应首先考虑的诊断是,E,佝偻病,肥胖症,侏儒症,解颅,营养不良,儿科学,单选,,,
下列对哮喘的描述错误的是,B,反复发作,痼疾难愈,发作可由异物过敏引起,可因呼吸道感染而诱发,发作时呼吸困难，呼气延长，伴有哮鸣音,儿科学,单选,,,
按公式计算，10个月婴儿正常体重是,C,8kg,8.5kg,9kg,9.5kg,9.8kg,儿科学,单选,,,
过敏性紫癜皮疹的常见部位是,E,头面部,四肢,躯干,四肢及头面部,下肢伸侧及臀部,儿科学,单选,,,
治疗小儿传染性单核细胞增多症湿热壅滞证，应首选的方剂是,D,消风散,止痉散,白虎汤,甘露消毒丹,清瘟败毒饮,儿科学,单选,,,
水痘的基本治疗原则是,E,清热宣肺利湿,健脾益气利湿,宣肺化痰利湿,益气温阳利湿,清热解毒利湿,儿科学,单选,,,
小儿咳嗽外感风寒证的主要症状是,E,干咳无痰，咽痒声嘶,咳嗽不爽，痰黄黏稠,咳声重浊，痰白清稀,咳声重浊，痰多壅盛，色白而稀,咳嗽频作，声重咽痒，咳痰清稀,儿科学,单选,,,
患儿，2岁。发热重，体温 38.8℃，有汗或少汗，头痛，鼻塞，流浊涕，喷嚏，咳嗽，咽红肿痛，舌质红，苔薄黄，指纹浮紫。应首选的方剂是,B,桑菊饮,银翘散,大柴胡汤,荆防败毒散,新加香薷饮,儿科学,单选,,,
痄腮邪犯少阳证的治法是,A,疏风清热，散结消肿,清热解毒，软坚散结,清热凉血，散瘀消肿,辛凉解表，软坚散结,清肝泻火，活血止痛,儿科学,单选,,,
丹痧邪侵肺卫证的治法是,D,"清气凉营, 泻火解毒","清热解毒, 软坚消肿","养阴益气, 清解余邪","辛凉宣透, 清热利咽","辛凉透表, 清宣肺卫",儿科学,单选,,,
乳蛾肺胃阴虚证应首选的方剂是,C,银翘马勃散,牛蒡甘桔汤,养阴清肺汤,普济消毒饮,荆防败毒散,儿科学,单选,,,
患儿，5 岁。反复外感，面白颧红少华，食少纳呆，口渴，盗汗自汗，手足心热，大便干结，舌质红，苔花剥，脉细数。其治法是,C,调和营卫，益气固表,温补肾阳，健脾益气,养阴润肺，益气健脾,补肺固表，健脾益气,健脾益气，养阴益胃,儿科学,单选,,,
"愿儿，6岁。因左腮部肿痛3天，抽搐1次就诊。现症见发热,耳下腮部漫肿，神昏，嗜睡，项强，呕吐，舌红，苔黄脉弦数。治疗应首选的方剂是",E,仙方活命饮,普济消毒饮,黄连解毒汤,羚角钩藤汤,清瘟败毒饮,儿科学,单选,,,
治风寒腹痛，炒热后布包熨腹部的中药是,C,肉桂,干姜,吴茱萸,延胡索,白芥子,儿科学,单选,,,
治疗肺炎喘嗽痰热闭肺证应首选的方剂是,E,大青龙汤,麻杏石甘汤,麻杏石甘汤合苏葶丸,黄连解毒汤合麻杏石甘汤,麻杏石甘汤合葶苈大枣泻肺汤,儿科学,单选,,,
"患儿，1岁。体重7.2kg,面色无华，精神萎靡不振，不思饮食，腹膨如鼓，一身浮肿，双踝肿甚，按之凹陷，舌质淡，苔薄白，指纹淡。其治法是",D,补益气血，佐以运脾,养血柔肝，活血化瘀,滋阴生津，养血安神,健脾温阳，利水消肿,调脾健运，开胃进食,儿科学,单选,,,
恒牙正常开始萌出的时间是,A,6岁,8岁,10岁,12岁,15岁,儿科学,单选,,,
麻疹的主要临床特征是,B,热退疹出,口腔黏膜斑,口周苍白圈,耳后、枕后淋巴结肿大,丘疹、疱疹、结痂同时存在,儿科学,单选,,,
"患儿，7岁。气喘，喉间哮鸣，咳嗽痰壅，痰黏色黄难咯，胸闷，呼吸困难，流涕黄稠,烦躁不宁，大便干，咽红、舌质红，苔黄腻，脉滑数。其证候是",B,寒性哮喘,热性哮喘,外寒内热证,肺实肾虚证,肺脾气虚证,儿科学,单选,,,
治疗肺炎喘嗽风寒闭肺证，应首选的方剂是,B,三拗汤,华盖散,麻杏石甘汤,小青龙汤,金沸草散,儿科学,单选,,,
上述各项，属解颅临床特征,D,苦笑面容,前囟凹陷,三凹征,落日状,多汗夜惊，烦躁不安发稀枕天,儿科学,单选,,,
"治疗水痘邪炽气营证, 应首选的方剂是",C,柴葛解肌汤,宣毒发表汤,清胃解毒汤,清瘟败毒饮,五味消毒饮,儿科学,单选,,,
肺炎喘嗽症见恶寒发热，头身痛，无汗，鼻塞流清涕，呼吸气急，痰稀色白。其病机是,A,风寒闭肺,风热闭肺,毒热闭肺,肺脾气虚,痰热闭肺,儿科学,单选,,,
尿频脾肾气虚证的治法是,C,健脾益气，温肾固摄,益肺健脾，固涩膀胱,温补脾肾，升提固摄,滋阴补肾，固涩小便,健脾补肾，通利膀胱,儿科学,单选,,,
痱腮的病位主要是,B,太阳经脉,少阳经脉,阳明经脉,太阴经脉,少阴经脉,儿科学,单选,,,
男孩，8 岁。症见多动多语，冲动任性，难于制约，注意力不集中，胸中烦热，懊侬不眠，便秘尿赤，舌质红，苔黄腻，脉滑数。治疗应首选方剂是,E,龙胆泻肝汤,泻心导赤散,泻心汤,清心涤痰汤,黄连温胆汤,儿科学,单选,,,
水痘邪伤肺卫证的治法是,B,"宣肺解毒, 利湿清热","疏风清热, 利湿解毒","疏风解表, 清热宣肺","辛凉解表, 清热渗湿","清热渗湿, 解毒凉营",儿科学,单选,,,
佝偻病的病机主要是,A,脾肾虚亏,心肝血虚,肝肾阴虚,肝风阴虚,肺脾两虚,儿科学,单选,,,
腹痛常用辨证思路不包括,D,辨病位,辨寒热,辨虚实,辨年龄,分轻重,儿科学,单选,,,
"治疗手足口病湿热壅盛证,应首选的方剂是",E,透疹凉解汤,清胃解毒汤,宣毒发表汤,清解透表汤,清瘟败毒饮,儿科学,单选,,,
疳肿胀的病位是,A,脾肾,肝脾,心脾,脾肺,脾胃,儿科学,单选,,,
患儿，2岁。起病1天，发热，口颊、齿龈见多个溃疡点，周围掀红，口臭流涎，舌红，苔黄。应首选方剂是,D,导赤散,泻黄散,清胃散,凉膈散,银翘散,儿科学,单选,,,
丘疹、疱疹、结痂并见，疱疹内有水液色清的疾病是,B,脓疱疮,水痘,奶麻,丹痧,瘾疹,儿科学,单选,,,
患儿，5 岁。突然壮热，神志昏迷，烦躁谵妄，反复抽搐，惊厥不已，呕吐腹痛，大便夹脓血，舌质红，苔黄腻，脉象滑数。治疗应首选的方剂是,C,羚角钩藤汤,普济消毒饮,黄连解毒汤合白头翁汤,白虎汤合玉枢丹,清瘟败毒饮,儿科学,单选,,,
下列各项，不属小儿的生理特点的是,C,行气未充,生机蓬勃,易趋康复,脏腑娇嫩,发育迅速,儿科学,单选,,,
小儿生长发育最快的时期是,B,新生儿期,婴儿期,幼儿期,学龄前期,学龄期,儿科学,单选,,,
小儿风热感冒与风寒感冒的鉴别要点是,C,恶风发热,恶寒发热,咽红肿痛,咳嗽不爽,咳嗽频作,儿科学,单选,,,
患儿，3 岁半。面色潮红，身热消瘦，手足心热，肢体拘挛或强直，时或抽搐，大便干结，舌光无苔，质绛少津，脉象细数。治疗应首选的方剂是,A,大定风珠,地黄饮子,大补阴丸,理中汤,四逆汤,儿科学,单选,,,
疳肿胀的主要病机是,C,脾病及肝，肝血不足,脾病及心，心火上炎,脾病及肾，阳气虚衰,脾病及肝，肝阳上亢,脾病及肾，阴虚火旺,儿科学,单选,,,
对于感冒的诊断标准描述错误的是,A,肺部听诊可闻及中、细湿啰音,感冒伴兼夹证者，可见睡卧不宁，惊惕抽搐,感冒伴兼夹证者，可见咳嗽加剧，喉间痰鸣,发热、恶风寒、鼻塞流涕、喷嚏、咳嗽等为主症,感冒伴兼夹证者，可见脘腹胀满，不思饮食，呕吐酸腐，大便失调,儿科学,单选,,,
胎儿期易发生先天畸形的是,B,妊娠早期4周,妊娠早期12周,妊娠中期10周,妊娠中期15周,妊娠晚期13周,儿科学,单选,,,
水痘的好发年龄是,D,6月~1岁,1~3岁,3~6岁,6~9岁,9岁以上,儿科学,单选,,,
患儿，6 岁半。经常夜间遗尿，白天尿频量多，平素易感，面色少华，食欲不振，大便溏薄，舌淡苔白，脉沉无力。治疗应首选的方剂是,D,菟丝子散,导赤散,缩泉丸合玉屏风散,补中益气汤合缩泉丸,桑螵蛸散,儿科学,单选,,,
患儿，4 岁。反复外感，面白颧红少华食少纳呆，口渴，盗汗自汗，手足心热，大便干结，舌质红，苔花剥，脉细数。其证候是,D,肺脾气虚,营卫失调,脾肾两虚,肺脾阴虚,气阴两虚,儿科学,单选,,,
口疳的病位是,A,心脾,肝脾,脾胃,脾肾,心肝,儿科学,单选,,,
"患儿,1岁3个月,突发高热4天,神智正常, 现热已退, 肌肤出现玫瑰色丘疹, 皮疹始发于躯干, 很快延及全身, 肤无痒感。舌质偏红，苔薄少津,指纹淡紫。其治法是",E,"辛凉透表, 清宣肺卫","清凉解毒, 透疹达邪","疏风解表, 清热解毒","疏风清热, 利湿解毒","清热生津, 以助康复",儿科学,单选,,,
时疫感冒证的治法是,E,辛温解表,辛凉解表,清暑解表,消食导滞,清瘟解表消毒,儿科学,单选,,,
患儿，3岁。舌苔厚腻垢浊不化，便秘，腹胀。其病机是,B,寒湿内停,宿食内积,湿热内蕴,脾虚失运,心脾积热,儿科学,单选,,,
治疗哮喘痰热阻肺证应首选的方剂是,C,大青龙汤,麻杏石甘汤,麻杏石甘汤合苏葶丸,黄连解毒汤合麻杏石甘汤,麻杏石甘汤合葶苈大枣泻肺汤,儿科学,单选,,,
传染性单核细胞增多症痰热流注证的治法是,D,辛凉解表，清暑化湿,清气凉营，解毒化痰,清气凉营，泻火涤痰,清热化痰，通络散瘀,清热解毒，泻火涤痰,儿科学,单选,,,
"患儿,6岁。发热轻微,鼻塞流涕,喷嚏, 咳嗽, 起病后 1~2 天出皮疹, 疹色红润, 疱浆清亮, 根盘红晕, 皮疹瘙痒, 分布稀疏, 此起彼伏, 以躯干为多, 舌苔薄白, 脉浮数。其病机是",A,邪伤肺卫,邪伤肺胃,邪炽气营,邪炽心肝,邪伤肺肾,儿科学,单选,,,
婴儿后半年平均每月增长的体重是,C,0.3kg,0.4kg,0.5kg,0.7kg,1kg,儿科学,单选,,,
肺炎喘嗽的病机关键是,C,肺卫失宣,肺失宣肃,肺气郁闭,痰饮内伏,痰阻气道,儿科学,单选,,,
反复呼吸道感染脾肾两虚证的治法是,B,养阴润肺，益气健脾,温补肾阳，健脾益气,调和营卫，益气固表,补肺固表，健脾益气,温补脾肾，固摄纳气,儿科学,单选,,,
下列属于病理性黄疸的是,A,生后 24h 以内出现黄疸,生后第 2~3 日出现黄疸，第4~6日达高峰,足月儿在生后2周消退，早产儿可延迟至3~4 周消退,足月儿血清总胆红素≤221umol/L，早产儿≤257umol/L,小儿一般情况良好，除偶有轻微食欲不振外，不伴有其他临床症状,儿科学,单选,,,
麻疹好发的年龄是,C,1个月,1~5个月,6个月~5岁,6~7岁,10~12岁,儿科学,单选,,,
乳牙正常开始萌出的时间是,D,2～4个月,4～5个月,5～6个月,4～10个月,12～18个月,儿科学,单选,,,
腹痛腹部中寒证的主方为,C,香砂平胃散,大承气汤,养脏汤,小建中汤,少腹逐瘀汤,儿科学,单选,,,
患儿，5岁。平素易感冒。最近咳嗽反复不愈，痰白清稀，面白无华，气短懒言，语声低微，自汗盗汗，舌淡嫩，边有齿痕，脉细无力。其证候是,D,风寒咳嗽,风热咳嗽,风燥咳嗽,气虚咳嗽,痰湿咳嗽,儿科学,单选,,,
小儿诊法既主张四诊合参，又特别重视的诊法是,E,按诊,脉诊,问诊,闻诊,望诊,儿科学,单选,,,
治疗水肿气阴两虚证，应首选方剂的是,E,知柏地黄丸,防己黄芪汤合五苓散,真武汤合黄芪桂枝五物汤,实脾饮,六味地黄丸加黄芪,儿科学,单选,,,
预防脐风最重要的措施是,D,孕妇勿感风邪,产妇勿感风邪,小儿生后避风,清洁断脐护脐,脐疮防其走黄,儿科学,单选,,,
传染性单核细胞增多症气营两燔证的治法是,B,辛凉解表，清暑化湿,清气凉营，解毒化痰,清气凉营，泻火涤痰,清热化痰，通络散瘀,清热解毒，泻火涤痰,儿科学,单选,,,
患儿，11个月。出牙延迟，头颅方大，肋骨串珠，行走迟缓。证属,C,肾阳不足,肝肾阴虚,肾精亏损,脾气虚弱,肺气不足,儿科学,单选,,,
患儿，7 岁。全身浮肿，尿少或尿闭，头晕头痛，恶心呕吐，嗜睡，甚则昏迷，舌质淡胖，苔垢腻，脉弦。治疗应首选的方剂是,D,龙胆泻肝汤合羚角钩藤汤,五味消毒饮合小蓟饮子,己椒苈黄丸合参附汤,温胆汤合附子泻心汤,参附龙牡救逆汤合小蓟饮子,儿科学,单选,,,
患儿，5 岁。发热咳嗽3天。发热烦躁，咳嗽喘促，气急鼻扇，咯痰黄稠，喉间痰鸣，咽红肿，面色红赤，口渴欲饮，大便干结，小便短黄，舌质红，苔黄，脉滑数。应首选的方剂是,E,华盖散,麻杏石甘汤,人参五味子汤,黄连解毒汤合麻杏石甘汤,麻杏石甘汤合葶苈大枣泻肺汤,儿科学,单选,,,
患儿，5 岁。发热咳嗽7天。咳喘持久，低热盗汗，手足心热，干咳少痰，面色潮红，口干便结，舌红少津，苔少，脉细数。其治法是,D,清热解毒，泻肺开闭,清热涤痰，开肺定喘,辛温宣肺，化痰止咳,养阴清肺，润肺止咳,补肺益气，健脾化痰,儿科学,单选,,,
炸腮临床上最为常见的变证是,E,亡阴亡阳,水饮凌心,水毒内闭,心阳暴脱,邪陷心肝,儿科学,单选,,,
按公式计算，6岁小儿正常体重是,D,15kg,16kg,18kg,20kg,22kg,儿科学,单选,,,
患儿，6岁。时有尿频，小便清长，每晚尿床1次以上，面白少华，神疲乏力，肢冷畏寒，舌淡，苔白滑，脉沉无力。其诊断是,B,尿频，脾肾气虚,遗尿，肾气不足,遗尿，心肾失交,尿频，脾肾阳虚,遗尿，肺脾气虚,儿科学,单选,,,
奶麻好发年龄是,C,1~3个月,3~6个月,6~18个月,18~24个月,3岁以上,儿科学,单选,,,
患儿，3岁。体重13kg，自人幼儿园2个月来，食欲不振，面色少华，偶尔多食后则脘腹饱胀，恶心，精神尚可，二便调，舌苔薄腻。其治法是,E,消食导滞，理气行滞,健脾益气，开胃助运,滋脾养胃，佐以助运,疏肝开郁，理气助运,调和脾胃，运脾开胃,儿科学,单选,,,
不属于推拿疗法治疗的疾病是,C,斜颈,腹痛,紫癜,痿证,泄泻,儿科学,单选,,,
水肿水凌心肺证的治法是,B,泻肺逐水，清心泻火,泻肺逐水，温阳扶正,泻肺逐水，止咳平喘,平肝泻火，清心利水,止咳平喘，温阳扶正,儿科学,单选,,,
时疫感冒证应首选的方剂是,E,荆防败毒散,新加香薷饮,银翘散合黄连解毒汤,银翘散合清瘟败毒散,银翘散合普济消毒饮,儿科学,单选,,,
病毒性心肌炎的发病内因是,B,痰瘀内阻,正气亏虚,外感风温邪毒,湿热邪毒侵袭,饮食内滞,儿科学,单选,,,
治疗急惊风湿热疫毒证应首选的方剂是,B,羚角钩藤汤,黄连解毒汤合白头翁汤,清瘟败毒饮,普济消毒饮,白虎汤合紫雪丹,儿科学,单选,,,
患儿，6 岁。反复外感，面黄少华，形体消瘦，肌肉松软，少气懒言，气短，自汗多汗，食少纳呆，大便不调，舌质淡，苔薄白，脉无力。其治法是,D,调和营卫，益气固表,温补肾阳，健脾益气,养阴润肺，益气健脾,补肺固表，健脾益气,健脾益气，养阴益胃,儿科学,单选,,,
治疗小儿传染性单核细胞增多症湿热蕴滞证，应首选的方剂是,B,温胆汤,甘露消毒丹,银翘散,涤痰汤,龙胆泻肝汤,儿科学,单选,,,
"患儿,3岁。壮热口渴,烦躁哭闹,疹色鲜红, 部分紫暗, 疹点稠密, 皮疹融合成片, 皮肤猩红, 小便短赤, 大便秘结, 舌红苔黄, 脉数有力。其病机是",B,邪犯肺卫,邪入气营,邪热入血,血热夹瘀,血热妄行,儿科学,单选,,,
患儿，9岁。紫搬时发时止，低热，盗汗，心烦少寐，小便黄赤，大便干燥，舌光红，苔少，脉细数。其证候是,A,阴虚火旺,气滞血瘀,风热伤络,血热妄行,气不摄血,儿科学,单选,,,
下列各项，有关鹅口疮的预防与调护，错误的是,E,孕妇注意个人卫生，患阴道霉菌病者要及时治愈,注意口腔清洁，婴儿奶具要消毒,注意小儿营养，积极治疗原发病,注意观察口腔黏膜白屑变化，如发现患儿吞咽或呼吸困难，应立即处理,可长期应用抗生素或肾上腺皮质激素辅助治疗,儿科学,单选,,,
麻疹疹点先见于的部位是,E,头面,颈部,胸腹,四肢,耳后发际,儿科学,单选,,,
患儿，3岁。发热，咳嗽，咳声嘶哑如犬吠状，其诊断是,E,咽炎,感冒,哮喘,顿咳,急喉风,儿科学,单选,,,
下列各项，不属小儿的病理特点的是,D,发病容易,传变迅速,易趋康复,脏腑娇嫩,脏气清灵,儿科学,单选,,,
患儿，2岁。流涕，喷嚏，咳嗽1天，次日高热，于体温骤升时突然发生惊厥，咽喉红赤，苔薄黄，指纹浮紫于气关。其证候是,C,风热感冒,邪陷心肝,风热动风,气营两燔,湿热疫毒,儿科学,单选,,,
小儿指纹色青紫，其证是,A,瘀热内结,外感风寒,外感风热,内有虚寒,邪热郁滞,儿科学,单选,,,
患儿，15天。口内舌上白屑成片，烦躁多啼。其诊断是,E,马牙,口糜,白喉,口疮,鹅口疮,儿科学,单选,,,
"患儿,1岁。突然发热,T37.8C,伴咳嗽, 流涕, 纳差;1天后口腔硬腭、颊部黏膜出比疱疹, 2 天后出现米粒大小皮疹, 以手、足、臀部为主, 部分为疱疹, 质地较硬, 内有混浊液体,周围绕有红晕。其诊断是",E,水痘,风痧,奶麻,丹痧,手足口病,儿科学,单选,,,
麻疹收没期的皮肤特点是,E,无色素沉着及脱屑,"无色素沉着, 有大片脱皮","有色素沉着, 无脱屑","有色素沉着, 少有脱皮","有色素沉着, 并有麦麸状细微脱屑",儿科学,单选,,,
患儿，5 岁。咳嗽4 天。咳声重浊，痰多壅盛，色白清稀，胸闷纳呆，困倦乏力，舌淡红，苔白腻，脉滑。其证候是,E,风寒咳嗽,风热咳嗽,风燥咳嗽,痰热咳嗽,痰湿咳嗽,儿科学,单选,,,
炸腮的肿胀部位是,E,颌下,颈前,耳后,面颊部,以耳垂为中心,儿科学,单选,,,
"患儿,5岁。麻疹第5天,壮热持续,起伏如潮、烦躁不安、目赤眵多、皮疹布发、疹点逐渐稠密,皮疹凸起,触之碍手,压之退色,大便干结, 小便短少, 舌质红赤, 舌苔黄腻, 脉数有力。其证候是",C,邪犯肺卫,邪毒闭肺,邪入肺胃,邪毒攻喉,阴津耗伤,儿科学,单选,,,
尿频脾肾气虚证的症状特点是,B,病程长，小便频数，尿急，尿痛,病程长，小便频数，滴沥不尽，纳差畏寒,病程长，小便频数短赤，五心烦热,起病急，小便频数，滴沥不尽，小腹坠胀,病程长，小便频数，尿液混浊,儿科学,单选,,,
奶麻好发季节是,A,冬春,春夏,夏秋,秋冬,盛夏,儿科学,单选,,,
营养性缺铁性贫血肝肾阴虚证症见,C,面色苍白，唇甲色淡，头晕心悸,面色苍黄，纳呆消瘦，大便不调,面色苍白，头晕目眩，四肢震颤,面色白，精神萎靡，四肢不温,面色苍白，形体消瘦，发黄稀疏,儿科学,单选,,,
丹痧毒炽气营证的治法是,A,"清气凉营, 泻火解毒","清热解毒, 软坚消肿","养阴益气, 清解余邪","辛凉宣透, 清热利咽","辛凉透表, 清宣肺卫",儿科学,单选,,,
小儿出生时正常头围是,A,33～34cm,36～38cm,42cm,46cm,48cm,儿科学,单选,,,
治疗尿频湿热下注证，应首选的方剂是,A,八正散,缩泉丸,菟丝子散,龙胆泻肝汤,桑螵蛸散,儿科学,单选,,,
急惊风的“四证”是指,B,风、火、积、热,风、痰、热、惊,痰、积、惊、热,惊、热、痰、火,痰、火、积、热,儿科学,单选,,,
患儿，6岁。突然出现小便频数短赤，尿道灼热疼痛，尿液淋沥混浊，小腹坠胀，腰部酸痛，伴有发热，烦躁口渴，甚有恶心呕吐，舌质红，苔黄腻，脉数有力。治疗应首选的方剂是,B,龙胆泻肝汤,八正散,缩泉丸,桑螵蛸散,知柏地黄丸,儿科学,单选,,,
小儿反复呼吸道感染病位主要在肺，常涉及的脏腑是,A,脾肾,心肝,脾胃,肝肾,心肾,儿科学,单选,,,
治疗蛔虫病肠虫证，应首选的方剂是,A,使君子散,化虫丸,追虫丸,乌梅丸,驱虫粉,儿科学,单选,,,
患儿，5岁。大便秘结，欲便不得，甚或胸胁痞满，腹胀疼痛，嗳气频作，舌质红，苔薄白，脉弦。治宜,C,消积导滞通便,清热润肠通便,理气导滞通便,益气润肠通便,养血润肠通便,儿科学,单选,,,
风痧邪犯肺卫证的治法是,B,辛凉宣肺透表,疏风清热透疹,辛温解表,清热解毒,调和营卫,儿科学,单选,,,
风痧的主要临床特征是,D,热退疹出,口腔黏膜斑,口周苍白圈,耳后、枕后淋巴结肿大,丘疹、疱疹、结痂同时存在,儿科学,单选,,,
小儿咳嗽的主要内因是,A,肺脾虚弱,肝肾阴虚,肺肾两虚,肝脾不和,心脾两虚,儿科学,单选,,,
治疗咳嗽风寒咳嗽证，应首选的方剂是,A,三拗汤,华盖散,麻杏石甘汤,小青龙汤,金沸草散,儿科学,单选,,,
壮热，肤布疹点，舌绛如草莓者的疾病是,D,麻疹,风痧,奶麻,丹痧,瘾疹,儿科学,单选,,,
气虚便秘的治法为,D,消积导滞通便,清热润肠通便,理气导滞通便,益气润肠通便,养血润肠通便,儿科学,单选,,,
患儿，3岁。体重11kg，身高93cm，精神好，食欲差。应首先考虑的诊断是,E,佝偻病,肥胖症,侏儒症,解颅,营养不良,儿科学,单选,,,
下列对哮喘的描述错误的是,B,反复发作,痼疾难愈,发作可由异物过敏引起,可因呼吸道感染而诱发,发作时呼吸困难，呼气延长，伴有哮鸣音,儿科学,单选,,,
按公式计算，10个月婴儿正常体重是,C,8kg,8.5kg,9kg,9.5kg,9.8kg,儿科学,单选,,,
过敏性紫癜皮疹的常见部位是,E,头面部,四肢,躯干,四肢及头面部,下肢伸侧及臀部,儿科学,单选,,,
治疗小儿传染性单核细胞增多症湿热壅滞证，应首选的方剂是,D,消风散,止痉散,白虎汤,甘露消毒丹,清瘟败毒饮,儿科学,单选,,,
水痘的基本治疗原则是,E,清热宣肺利湿,健脾益气利湿,宣肺化痰利湿,益气温阳利湿,清热解毒利湿,儿科学,单选,,,
小儿咳嗽外感风寒证的主要症状是,E,干咳无痰，咽痒声嘶,咳嗽不爽，痰黄黏稠,咳声重浊，痰白清稀,咳声重浊，痰多壅盛，色白而稀,咳嗽频作，声重咽痒，咳痰清稀,儿科学,单选,,,
患儿，2岁。发热重，体温 38.8℃，有汗或少汗，头痛，鼻塞，流浊涕，喷嚏，咳嗽，咽红肿痛，舌质红，苔薄黄，指纹浮紫。应首选的方剂是,B,桑菊饮,银翘散,大柴胡汤,荆防败毒散,新加香薷饮,儿科学,单选,,,
痄腮邪犯少阳证的治法是,A,疏风清热，散结消肿,清热解毒，软坚散结,清热凉血，散瘀消肿,辛凉解表，软坚散结,清肝泻火，活血止痛,儿科学,单选,,,
丹痧邪侵肺卫证的治法是,D,"清气凉营, 泻火解毒","清热解毒, 软坚消肿","养阴益气, 清解余邪","辛凉宣透, 清热利咽","辛凉透表, 清宣肺卫",儿科学,单选,,,
乳蛾肺胃阴虚证应首选的方剂是,C,银翘马勃散,牛蒡甘桔汤,养阴清肺汤,普济消毒饮,荆防败毒散,儿科学,单选,,,
患儿，5 岁。反复外感，面白颧红少华，食少纳呆，口渴，盗汗自汗，手足心热，大便干结，舌质红，苔花剥，脉细数。其治法是,C,调和营卫，益气固表,温补肾阳，健脾益气,养阴润肺，益气健脾,补肺固表，健脾益气,健脾益气，养阴益胃,儿科学,单选,,,
"愿儿，6岁。因左腮部肿痛3天，抽搐1次就诊。现症见发热,耳下腮部漫肿，神昏，嗜睡，项强，呕吐，舌红，苔黄脉弦数。治疗应首选的方剂是",E,仙方活命饮,普济消毒饮,黄连解毒汤,羚角钩藤汤,清瘟败毒饮,儿科学,单选,,,
治风寒腹痛，炒热后布包熨腹部的中药是,C,肉桂,干姜,吴茱萸,延胡索,白芥子,儿科学,单选,,,
治疗肺炎喘嗽痰热闭肺证应首选的方剂是,E,大青龙汤,麻杏石甘汤,麻杏石甘汤合苏葶丸,黄连解毒汤合麻杏石甘汤,麻杏石甘汤合葶苈大枣泻肺汤,儿科学,单选,,,
"患儿，1岁。体重7.2kg,面色无华，精神萎靡不振，不思饮食，腹膨如鼓，一身浮肿，双踝肿甚，按之凹陷，舌质淡，苔薄白，指纹淡。其治法是",D,补益气血，佐以运脾,养血柔肝，活血化瘀,滋阴生津，养血安神,健脾温阳，利水消肿,调脾健运，开胃进食,儿科学,单选,,,
恒牙正常开始萌出的时间是,A,6岁,8岁,10岁,12岁,15岁,儿科学,单选,,,
麻疹的主要临床特征是,B,热退疹出,口腔黏膜斑,口周苍白圈,耳后、枕后淋巴结肿大,丘疹、疱疹、结痂同时存在,儿科学,单选,,,
"患儿，7岁。气喘，喉间哮鸣，咳嗽痰壅，痰黏色黄难咯，胸闷，呼吸困难，流涕黄稠,烦躁不宁，大便干，咽红、舌质红，苔黄腻，脉滑数。其证候是",B,寒性哮喘,热性哮喘,外寒内热证,肺实肾虚证,肺脾气虚证,儿科学,单选,,,
相传我国最早的儿科专著是,D,《幼幼新书》,《幼科发挥》,《幼幼集成》,《颅囟经》,《小儿药证直诀》,儿科学,单选,,,
将小儿体质特点概括为“脏腑柔弱，易虚易实，易寒易热”的古代医家是,B,孙思邈,钱乙,董汲,陈文中,曾世荣,儿科学,单选,,,
不属于万全“育婴四法”内容的一项是,D,蓐养,鞠养,胎养,保养,预养,儿科学,单选,,,
新生儿期是指出生后脐带结扎开始至满,B,24天,28天,30天,42天,60天,儿科学,单选,,,
6周岁小儿按公式计算，体重应为,E,15kg,16kg,17kg,18kg,20kg,儿科学,单选,,,
按公式计算，10岁小儿的身高应为,C,120cm,130cm,140cm,150cm,160cm,儿科学,单选,,,
正常小儿前囟关闭的年龄是生后,D,6~8个月,8~10个月,10～12个月,12～18个月,18~24个月,儿科学,单选,,,
小儿开始出乳牙的年龄是生后,C,2~3个月,3～6个月,4～10个月,7～11个月,9～12个月,儿科学,单选,,,
小儿脏腑娇嫩，形气未充，突出表现这一特点的脏腑是,C,心、肝、脾,肝、脾、肾,肺、脾、肾,肝、脾、肺,心、肝、肺,儿科学,单选,,,
小儿纯阳之体的含义是,E,虚阳,有阳无阴,阳亢阴亏,阳常有余,生长发育迅速,儿科学,单选,,,
肺系疾病成为儿科发病率最高疾病的原因是,A,肺常不足,肺脾气虚,肺肾阴虚,金实不鸣,木火刑金,儿科学,单选,,,
小儿易见呕吐、积滞、厌食等病的原因是,C,脾胃不和,食滞伤中,脾常不足,乳食不节,脾胃虚弱,儿科学,单选,,,
古代医家认为诊断小儿疾病最重要的是,B,按诊,望诊,闻诊,问诊,切诊,儿科学,单选,,,
面呈青色不属于,D,寒证,痛证,瘀证,水饮证,惊痫,儿科学,单选,,,
解颅不表现为,D,头大颌缩,前囟宽大,头缝开解,眼窝凹陷,眼睑下垂,儿科学,单选,,,
舌体不能伸出唇外，转动伸缩不灵，言语不清，称为,C,重舌,木舌,连舌,弄舌,舔舌,儿科学,单选,,,
婴儿大便呈果酱色，伴阵阵哭闹，多为,C,痢疾,伤食,肠套迭,消化道溃疡,肠痉挛,儿科学,单选,,,
胎粪不表现为,B,黏稠糊状,黑色,无臭气,日行2～3次,生后3～4天内排完,儿科学,单选,,,
呼吸窘迫，面青不咳或呛咳，常是,A,异物堵塞气道,肺气闭郁,肺蕴痰热,顿咳,急喉风,儿科学,单选,,,
下列不属于个人史内容项是,D,胎产史,喂养史,生长发育史,过敏史,预防接种史,儿科学,单选,,,
小儿肌肤嫩薄，腠理疏松，清阳发越，入睡之时，头额微微汗出而无其他症者，多为,E,自汗,盗汗,阳热上蒸,营不内守,不属病态,儿科学,单选,,,
不属于小儿基本脉象的是,E,浮脉,沉脉,迟脉,数脉,弦脉,儿科学,单选,,,
不属于儿科内治用药原则的1项是,D,治疗及时审慎,重视先证而治,注意顾护脾胃,处方峻剂速攻,不可乱投补益,儿科学,单选,,,
不属于儿科内治给药方法的1项是,C,直肠给药法,吹鼻法,擦拭法,气雾吸入法,注射给药法,儿科学,单选,,,
小儿推拿疗法一般不用于治疗,D,泄泻,腹痛,厌食,水肿,斜颈,儿科学,单选,,,
刺四缝疗法操作错误的1项是,B,皮肤局部消毒,选五指中节横纹中点,手持三棱针,刺入1分深,挤出黄白色黏液,儿科学,单选,,,
新生儿护养的主要措施一般不包括,E,拭口洁眼,断脐护哝,祛除胎毒,洗浴衣着,避免外伤,儿科学,单选,,,
不适合断奶的季节是,B,春季,夏季,秋季,冬季,秋、冬季,儿科学,单选,,,
不属于小儿添加辅食的原则的1项是,C,由少到多,由稀到稠,由粗到细,由1种到多种,在婴儿健康时添,儿科学,单选,,,
胎怯概念的要点是,B,早产,出生体重低下,出生身材矮小,形体不充实,功能不完善,儿科学,单选,,,
硬肿症不出现下列哪种表现,A,皮肤红肿,皮下脂肪硬化,局部皮肤水肿,低体温,多器官功能低下,儿科学,单选,,,
硬肿症的好发季节是,E,春、秋季,春、夏季,夏、秋季,秋、冬季,冬、春季,儿科学,单选,,,
病理性胎黄出现的时间一般是在生后,A,24小时内,36小时内,48小时内,60小时内,72小时内,儿科学,单选,,,
生理性胎黄自行消退的时间是生后,D,3～6天,6～8天,8～10天,10～14天,14～18天,儿科学,单选,,,
下列不是湿热郁蒸型胎黄的临床表现项是,B,面目皮肤发黄,色淡晦暗,烦躁口渴,大便秘结,小便短赤,儿科学,单选,,,
治疗寒湿阻滞型胎黄的首选方剂是,C,茵陈蒿汤,理中汤,茵陈理中汤,三仁汤,小建中汤,儿科学,单选,,,
小儿感冒出现的兼证是,A,夹痰、夹滞、夹惊,夹风、夹痰、夹食,夹火、夹痰、夹瘀,夹风、夹惊、夹滞,夹食、夹滞、夹惊,儿科学,单选,,,
治疗时邪感冒常选银翘散合,B,清瘟败毒饮,普济消毒饮,防风通圣散,柴葛解肌汤,荆防败毒散,儿科学,单选,,,
风寒咳嗽的首选方剂是,A,金沸草散,桑菊饮,清金化痰汤,人蔘五味子汤,二陈汤,儿科学,单选,,,
痰热咳嗽的首选方剂是,E,参苏饮,杏苏散,桑菊饮,二陈汤,清金化痰汤,儿科学,单选,,,
不属于肺炎喘嗽典型症状的1项是,A,寒,热,咳,喘,煽,儿科学,单选,,,
肺炎喘嗽的治疗原则除化痰止咳平喘外，还应,A,开肺,宣肺,肃肺,清肺,温肺,儿科学,单选,,,
肺炎喘嗽的病机主要是,C,肺气上逆,肺失清肃,邪热闭肺,痰阻肺络,肺气失宣,儿科学,单选,,,
肺炎喘嗽的病位多不累及,E,心,肝,脾,肺,肾,儿科学,单选,,,
下列不是肺炎喘嗽变证心阳虚衰的临床表现的1项是,A,面唇红润,呼吸浅促,四肢厥冷,右胁下瘀块,虚烦不安,儿科学,单选,,,
痰热闭肺型肺炎喘嗽的首选方是葶苈大枣泻肺汤合,E,六君子汤,银翘散,桑菊饮,二陈汤,五虎汤,儿科学,单选,,,
诊断婴幼儿哮喘的标准之一是患儿咳喘哮鸣发作次数必须超过,A,3次,6次,10次,5次,8次,儿科学,单选,,,
诊断咳嗽变异性哮喘的基本条件是,A,支气管扩张剂有效,激素有效,抗生素无效,咳嗽1个月,有过敏史,儿科学,单选,,,
下列不是热性哮喘的症状特征的1项是,D,咳嗽哮鸣,痰稠色黄,渴喜冷饮,形寒肢冷,舌红苔黄,儿科学,单选,,,
肺肾阴虚型哮喘首选,B,六味地黄丸,麦味地黄丸,杞菊地黄丸,附桂地黄丸,知柏地黄丸,儿科学,单选,,,
治疗鹅口疮心脾积热型首选方剂是,C,清胃散,泻黄散,清热泻脾散,导赤散,凉膈散,儿科学,单选,,,
治疗鹅口疮虚火上炎型的酋选方剂是,A,知柏地黄丸,杞菊地黄丸,补益地黄丸,六味地黄丸,麦味地黄丸,儿科学,单选,,,
小儿口疮其溃疡一般不见于,E,齿龈,舌体,两颊,上腭,咽喉,儿科学,单选,,,
治疗虚火上浮型口疮，常选六味地黄丸加,B,桂枝,肉桂,牛膝,生石膏,犀角,儿科学,单选,,,
泄泻多发生在,B,春、夏季,夏、秋季,秋、冬季,冬、春季,春、秋季,儿科学,单选,,,
治疗风寒泻的首选方剂是,A,藿香正气散,参苏饮,杏苏散,保和丸,荆防败毒散,儿科学,单选,,,
下列不是脾虚泄泻的临床表现的1项是,B,大便稀溏,色黄而臭,面色萎黄,神疲倦怠,舌淡苔白,儿科学,单选,,,
下列不是泄泻变证阴竭阳脱型的临床表现的1项是,E,暴泻不止,面色苍白,神疲气弱,四肢厥冷,唇红舌绛,儿科学,单选,,,
治疗脾失健运型小儿厌食的首选方剂是,E,七味白术散,参苓白术散,健脾丸,资生健脾丸,不换金正气散,儿科学,单选,,,
下列不是脾胃阴虚型厌食的临床表现的1项是,D,口干多饮,不喜多食,皮肤干燥,大便多稀溏,舌红苔光少津,儿科学,单选,,,
积滞不表现为,B,不思乳食,形体消瘦,食而不化,脘腹胀满,大便酸臭,儿科学,单选,,,
治疗脾虚夹积型积滞的首选方剂是,D,消乳丸,保和丸,肥儿丸,健脾丸,枳实导滞丸,儿科学,单选,,,
疳证按病情轻重的顺序应为,D,疳积→疳气→干疳,干疳→疳积→疳气,疳气→干疳→疳积,疳气→疳积→干疳,疳积→千疳→疳气,儿科学,单选,,,
治疗疳积的首选方剂是,A,肥儿丸,健脾丸,曲麦枳术丸,保和丸,资生健脾丸,儿科学,单选,,,
疳肿胀的治法应是,B,清心导赤,温阳利水,健脾祛湿,补益脾肾,淡渗利湿,儿科学,单选,,,
营养性缺铁性贫血是一种,E,大细胞性贫血,正细胞性贫血,单纯小细胞性贫血,小细胞低色素性贫血,正细胞正色素性贫血,儿科学,单选,,,
用铁剂治疗营养性缺铁性贫血时，为帮助铁剂吸收，宜同时口服,C,维生素A,维生素B,维生素C,维生素D,维生素E,儿科学,单选,,,
治疗肺卫不固型汗证的首选方剂是牡蛎散合,A,玉屏风散,四君子汤,人蔘五味子汤,六君子汤,异功散,儿科学,单选,,,
营卫失调型汗证的汗出主要见于,A,遍身,手足心,头部与肩背,头额,胸胁,儿科学,单选,,,
下列不是气阴亏虚型汗证临床表现的一项是,A,以自汗为主,身体消瘦,心烦少寐,手足心热,苔少，脉细弱,儿科学,单选,,,
对多发性抽动症的临床特征描述不正确的1项是,D,慢性,波动性,多发性,平滑肌,快速抽动,儿科学,单选,,,
治疗气郁化火型多发性抽动症1方宜首选,B,龙胆泻肝汤,清肝达郁汤,丹栀逍遥散,温胆汤,柴胡疏肝散,儿科学,单选,,,
下列不属惊风八候的1项是,D,颤,掣,窜,抖,视,儿科学,单选,,,
下列不是急惊风最突出的症状的一项是,C,痰,热,瘀,惊,风,儿科学,单选,,,
急惊风的治疗原则不包括,E,清热,镇惊,熄风,豁痰,开窍,儿科学,单选,,,
治疗湿热疫毒型急惊风的首选方剂是白头翁汤合,C,葛根芩连汤,清瘟败毒饮,黄连解毒汤,甘露消毒丹,大承气汤,儿科学,单选,,,
治疗脾肾阳虚型慢惊风的首选方剂是逐寒荡惊汤合,C,参附汤,真武汤,固真汤,肾气丸,右归丸,儿科学,单选,,,
癫痫的病位一般不累及,D,心,肝,脾,肺,肾,儿科学,单选,,,
治疗瘀血痫的首选方剂是,B,血府逐瘀汤,通窍活血汤,桃仁承气汤,失笑散,桃红四物汤,儿科学,单选,,,
下列不属于急性肾炎临床特征的1项是,D,浮肿,血尿,蛋白尿,管型尿,高血压,儿科学,单选,,,
急性肾炎的病变部位主要在,C,肺、肝、肾,肝、脾、肾,肺、脾、肾,心、肝、肺,心、肺、脾,儿科学,单选,,,
急性肾炎的病机为下列哪种病理产物与风热毒互结导致水液代谢障碍而发病,B,水液,水湿,水饮,痰湿,痰饮,儿科学,单选,,,
治疗风水相搏型急性肾炎的首选方剂是五苓散合,E,射干麻黄汤,银翘散,五皮饮,苓桂术甘汤,麻黄连翘赤小豆汤,儿科学,单选,,,
下列不是急性肾炎变证水毒内闭型的临床特征的1项是,B,全身浮肿,咳嗽气急,恶心呕吐,头痛头晕,尿少或尿闭,儿科学,单选,,,
下列不属于肾病主要特征的1项是,C,大量蛋白尿,低蛋白血症,高碳酸血症,高脂血症,不同程度的水利,儿科学,单选,,,
下列错误阐述肾病主要发病病机的1项是,A,肝脾肾功能亏虚,气化失常,封藏失职,精微外泄,水液停聚,儿科学,单选,,,
单纯型肾病不具备,C,全身浮肿,大量蛋白尿,明显血尿,低蛋白血症,高脂血症,儿科学,单选,,,
下列不是脾肾气虚型尿频的临床特征的1项是,B,小便混浊,尿道灼热疼痛,神倦面黄,眼睑微肿,易反复发作,儿科学,单选,,,
小儿不能自主控制排尿，熟睡时经常尿床，这种情况要诊断为遗尿，还应具备年龄超过,C,1岁,2岁,3岁,4岁,5岁,儿科学,单选,,,
治疗脾肾气虚型尿频的首选方剂是,B,菟丝子散,缩泉丸,济生肾气丸,参苓白术散,都气丸,儿科学,单选,,,
治疗心肾失交型遗尿常用导赤散合,A,交泰丸,牡蛎散,补心丹,朱砂安神丸,磁朱丸,儿科学,单选,,,
五迟所指，下列错误的1项是,D,立迟,行迟,齿迟,囟迟,语迟,儿科学,单选,,,
五软所指，下列错误的1项是,B,头项软,骨骼软,肌肉软,口软,手脚软,儿科学,单选,,,
治疗心脾两虚型五迟的首选方剂是,E,益气聪明汤,归脾汤,八珍汤,甘麦大枣汤,调元散,儿科学,单选,,,
治疗痰瘀阻滞型五迟、五软常选二陈汤合,A,通窍活血汤,通窍逐瘀汤,桃红四物汤,失笑散,桂枝茯苓丸,儿科学,单选,,,
麻疹的好发年龄是,D,0.5～2岁,0.5~3岁,0.5~4岁,0.5～5岁,0.5~6岁,儿科学,单选,,,
,,,,,,,,,,,
,,,,,,,,,,,
,,,,,,,,,,,
,,,,,,,,,,,
,,,,,,,,,,,
,,,,,,,,,,,
,,,,,,,,,,,
,,,,,,,,,,,
,,,,,,,,,,,
,,,,,,,,,,,
,,,,,,,,,,,
,,,,,,,,,,,
,,,,,,,,,,,
,,,,,,,,,,,
,,,,,,,,,,,
,,,,,,,,,,,
,,,,,,,,,,,
,,,,,,,,,,,
,,,,,,,,,,,
,,,,,,,,,,,
,,,,,,,,,,,
,,,,,,,,,,,
,,,,,,,,,,,
,,,,,,,,,,,
,,,,,,,,,,,
,,,,,,,,,,,
,,,,,,,,,,,
,,,,,,,,,,,
,,,,,,,,,,,
,,,,,,,,,,,
,,,,,,,,,,,
,,,,,,,,,,,
,,,,,,,,,,,
,,,,,,,,,,,
,,,,,,,,,,,
,,,,,,,,,,,
,,,,,,,,,,,
,,,,,,,,,,,
,,,,,,,,,,,
,,,,,,,,,,,
,,,,,,,,,,,
,,,,,,,,,,,
,,,,,,,,,,,
,,,,,,,,,,,
,,,,,,,,,,,
,,,,,,,,,,,
,,,,,,,,,,,
,,,,,,,,,,,
,,,,,,,,,,,
,,,,,,,,,,,
,,,,,,,,,,,
,,,,,,,,,,,
,,,,,,,,,,,
,,,,,,,,,,,
,,,,,,,,,,,
,,,,,,,,,,,
,,,,,,,,,,,
,,,,,,,,,,,
,,,,,,,,,,,
,,,,,,,,,,,
,,,,,,,,,,,
,,,,,,,,,,,
,,,,,,,,,,,
,,,,,,,,,,,
,,,,,,,,,,,
,,,,,,,,,,,
,,,,,,,,,,,
,,,,,,,,,,,
,,,,,,,,,,,
,,,,,,,,,,,
,,,,,,,,,,,
,,,,,,,,,,,
,,,,,,,,,,,
,,,,,,,,,,,
,,,,,,,,,,,
,,,,,,,,,,,
,,,,,,,,,,,
,,,,,,,,,,,
,,,,,,,,,,,
,,,,,,,,,,,
,,,,,,,,,,,
,,,,,,,,,,,
,,,,,,,,,,,
,,,,,,,,,,,
,,,,,,,,,,,
,,,,,,,,,,,
,,,,,,,,,,,
,,,,,,,,,,,
,,,,,,,,,,,
,,,,,,,,,,,
,,,,,,,,,,,
,,,,,,,,,,,
,,,,,,,,,,,
,,,,,,,,,,,
,,,,,,,,,,,
,,,,,,,,,,,
,,,,,,,,,,,
,,,,,,,,,,,
,,,,,,,,,,,
,,,,,,,,,,,
,,,,,,,,,,,
,,,,,,,,,,,
,,,,,,,,,,,
,,,,,,,,,,,
,,,,,,,,,,,
,,,,,,,,,,,
,,,,,,,,,,,
,,,,,,,,,,,
,,,,,,,,,,,
,,,,,,,,,,,
,,,,,,,,,,,
,,,,,,,,,,,
,,,,,,,,,,,
,,,,,,,,,,,
,,,,,,,,,,,
,,,,,,,,,,,
,,,,,,,,,,,
,,,,,,,,,,,
,,,,,,,,,,,
,,,,,,,,,,,
,,,,,,,,,,,
,,,,,,,,,,,
,,,,,,,,,,,
,,,,,,,,,,,
,,,,,,,,,,,
,,,,,,,,,,,
,,,,,,,,,,,
,,,,,,,,,,,
,,,,,,,,,,,
,,,,,,,,,,,
,,,,,,,,,,,
,,,,,,,,,,,
,,,,,,,,,,,
,,,,,,,,,,,
,,,,,,,,,,,
,,,,,,,,,,,
,,,,,,,,,,,
,,,,,,,,,,,
,,,,,,,,,,,
,,,,,,,,,,,
,,,,,,,,,,,
,,,,,,,,,,,
,,,,,,,,,,,
,,,,,,,,,,,
,,,,,,,,,,,
,,,,,,,,,,,
,,,,,,,,,,,
,,,,,,,,,,,
,,,,,,,,,,,
,,,,,,,,,,,
,,,,,,,,,,,
,,,,,,,,,,,
,,,,,,,,,,,
,,,,,,,,,,,
,,,,,,,,,,,
,,,,,,,,,,,
,,,,,,,,,,,
,,,,,,,,,,,
,,,,,,,,,,,
,,,,,,,,,,,
,,,,,,,,,,,
,,,,,,,,,,,
,,,,,,,,,,,
,,,,,,,,,,,
,,,,,,,,,,,
,,,,,,,,,,,
,,,,,,,,,,,
,,,,,,,,,,,
,,,,,,,,,,,
,,,,,,,,,,,
,,,,,,,,,,,
,,,,,,,,,,,
,,,,,,,,,,,
,,,,,,,,,,,
,,,,,,,,,,,
,,,,,,,,,,,
,,,,,,,,,,,
,,,,,,,,,,,
,,,,,,,,,,,
,,,,,,,,,,,
,,,,,,,,,,,
,,,,,,,,,,,
,,,,,,,,,,,
,,,,,,,,,,,
,,,,,,,,,,,
,,,,,,,,,,,
,,,,,,,,,,,
,,,,,,,,,,,
,,,,,,,,,,,
,,,,,,,,,,,
,,,,,,,,,,,
,,,,,,,,,,,
,,,,,,,,,,,
,,,,,,,,,,,
,,,,,,,,,,,
,,,,,,,,,,,
,,,,,,,,,,,
,,,,,,,,,,,
,,,,,,,,,,,
,,,,,,,,,,,
,,,,,,,,,,,
,,,,,,,,,,,
,,,,,,,,,,,
,,,,,,,,,,,
,,,,,,,,,,,
,,,,,,,,,,,
,,,,,,,,,,,
,,,,,,,,,,,
,,,,,,,,,,,
,,,,,,,,,,,
,,,,,,,,,,,
,,,,,,,,,,,
,,,,,,,,,,,
,,,,,,,,,,,
,,,,,,,,,,,
,,,,,,,,,,,
,,,,,,,,,,,
,,,,,,,,,,,
,,,,,,,,,,,
,,,,,,,,,,,
,,,,,,,,,,,
,,,,,,,,,,,
,,,,,,,,,,,
,,,,,,,,,,,
,,,,,,,,,,,
,,,,,,,,,,,
,,,,,,,,,,,
,,,,,,,,,,,
,,,,,,,,,,,
,,,,,,,,,,,
,,,,,,,,,,,
,,,,,,,,,,,
,,,,,,,,,,,
,,,,,,,,,,,
,,,,,,,,,,,
,,,,,,,,,,,
,,,,,,,,,,,
,,,,,,,,,,,
,,,,,,,,,,,
,,,,,,,,,,,
,,,,,,,,,,,
,,,,,,,,,,,
,,,,,,,,,,,
,,,,,,,,,,,
,,,,,,,,,,,
,,,,,,,,,,,
,,,,,,,,,,,
,,,,,,,,,,,
,,,,,,,,,,,
,,,,,,,,,,,
,,,,,,,,,,,
,,,,,,,,,,,
,,,,,,,,,,,
,,,,,,,,,,,
,,,,,,,,,,,
,,,,,,,,,,,
,,,,,,,,,,,
,,,,,,,,,,,
,,,,,,,,,,,
,,,,,,,,,,,
,,,,,,,,,,,
,,,,,,,,,,,
,,,,,,,,,,,
,,,,,,,,,,,
,,,,,,,,,,,
,,,,,,,,,,,
,,,,,,,,,,,
,,,,,,,,,,,
,,,,,,,,,,,
,,,,,,,,,,,
,,,,,,,,,,,
,,,,,,,,,,,
,,,,,,,,,,,
,,,,,,,,,,,
,,,,,,,,,,,
,,,,,,,,,,,
,,,,,,,,,,,
,,,,,,,,,,,
,,,,,,,,,,,
,,,,,,,,,,,
,,,,,,,,,,,
,,,,,,,,,,,
,,,,,,,,,,,
,,,,,,,,,,,
,,,,,,,,,,,
,,,,,,,,,,,
,,,,,,,,,,,
,,,,,,,,,,,
,,,,,,,,,,,
,,,,,,,,,,,
,,,,,,,,,,,
,,,,,,,,,,,
,,,,,,,,,,,
,,,,,,,,,,,
,,,,,,,,,,,
,,,,,,,,,,,
,,,,,,,,,,,
,,,,,,,,,,,
,,,,,,,,,,,
,,,,,,,,,,,
,,,,,,,,,,,
,,,,,,,,,,,
,,,,,,,,,,,
,,,,,,,,,,,
,,,,,,,,,,,
,,,,,,,,,,,
,,,,,,,,,,,
,,,,,,,,,,,
,,,,,,,,,,,
,,,,,,,,,,,
,,,,,,,,,,,
,,,,,,,,,,,
,,,,,,,,,,,
,,,,,,,,,,,
,,,,,,,,,,,
,,,,,,,,,,,
,,,,,,,,,,,
,,,,,,,,,,,
,,,,,,,,,,,
,,,,,,,,,,,
,,,,,,,,,,,
,,,,,,,,,,,
,,,,,,,,,,,
,,,,,,,,,,,
,,,,,,,,,,,
,,,,,,,,,,,
,,,,,,,,,,,
,,,,,,,,,,,
,,,,,,,,,,,
,,,,,,,,,,,
,,,,,,,,,,,
,,,,,,,,,,,
,,,,,,,,,,,
,,,,,,,,,,,
,,,,,,,,,,,
,,,,,,,,,,,
,,,,,,,,,,,
,,,,,,,,,,,
,,,,,,,,,,,
,,,,,,,,,,,
,,,,,,,,,,,
,,,,,,,,,,,
,,,,,,,,,,,
,,,,,,,,,,,
,,,,,,,,,,,
,,,,,,,,,,,
,,,,,,,,,,,
,,,,,,,,,,,
,,,,,,,,,,,
,,,,,,,,,,,
,,,,,,,,,,,
,,,,,,,,,,,
,,,,,,,,,,,
,,,,,,,,,,,
,,,,,,,,,,,
,,,,,,,,,,,
,,,,,,,,,,,
,,,,,,,,,,,
,,,,,,,,,,,
,,,,,,,,,,,
,,,,,,,,,,,
,,,,,,,,,,,
,,,,,,,,,,,
,,,,,,,,,,,
,,,,,,,,,,,
,,,,,,,,,,,
,,,,,,,,,,,
,,,,,,,,,,,
,,,,,,,,,,,
,,,,,,,,,,,
,,,,,,,,,,,
,,,,,,,,,,,
,,,,,,,,,,,
,,,,,,,,,,,
,,,,,,,,,,,
,,,,,,,,,,,
,,,,,,,,,,,
,,,,,,,,,,,
,,,,,,,,,,,
,,,,,,,,,,,
,,,,,,,,,,,
,,,,,,,,,,,
,,,,,,,,,,,
,,,,,,,,,,,
,,,,,,,,,,,
,,,,,,,,,,,
,,,,,,,,,,,
,,,,,,,,,,,
,,,,,,,,,,,
,,,,,,,,,,,
,,,,,,,,,,,
,,,,,,,,,,,
,,,,,,,,,,,
,,,,,,,,,,,
,,,,,,,,,,,
,,,,,,,,,,,
,,,,,,,,,,,
,,,,,,,,,,,
,,,,,,,,,,,
,,,,,,,,,,,
,,,,,,,,,,,
,,,,,,,,,,,
,,,,,,,,,,,
,,,,,,,,,,,
,,,,,,,,,,,
,,,,,,,,,,,
,,,,,,,,,,,
,,,,,,,,,,,
,,,,,,,,,,,
,,,,,,,,,,,
,,,,,,,,,,,
,,,,,,,,,,,
,,,,,,,,,,,
,,,,,,,,,,,
,,,,,,,,,,,
,,,,,,,,,,,
,,,,,,,,,,,
,,,,,,,,,,,
,,,,,,,,,,,
,,,,,,,,,,,
,,,,,,,,,,,
,,,,,,,,,,,
,,,,,,,,,,,
,,,,,,,,,,,
,,,,,,,,,,,
,,,,,,,,,,,
,,,,,,,,,,,
,,,,,,,,,,,
,,,,,,,,,,,
,,,,,,,,,,,
,,,,,,,,,,,
,,,,,,,,,,,
,,,,,,,,,,,
,,,,,,,,,,,
,,,,,,,,,,,
,,,,,,,,,,,
,,,,,,,,,,,
,,,,,,,,,,,
,,,,,,,,,,,
,,,,,,,,,,,
,,,,,,,,,,,
,,,,,,,,,,,
,,,,,,,,,,,
,,,,,,,,,,,
,,,,,,,,,,,
,,,,,,,,,,,
,,,,,,,,,,,
,,,,,,,,,,,
,,,,,,,,,,,
,,,,,,,,,,,
,,,,,,,,,,,
,,,,,,,,,,,
,,,,,,,,,,,
,,,,,,,,,,,
,,,,,,,,,,,
,,,,,,,,,,,
,,,,,,,,,,,
,,,,,,,,,,,
,,,,,,,,,,,
,,,,,,,,,,,
,,,,,,,,,,,
,,,,,,,,,,,
,,,,,,,,,,,
,,,,,,,,,,,
,,,,,,,,,,,
,,,,,,,,,,,
,,,,,,,,,,,
,,,,,,,,,,,
,,,,,,,,,,,
,,,,,,,,,,,
,,,,,,,,,,,
,,,,,,,,,,,
,,,,,,,,,,,
,,,,,,,,,,,
,,,,,,,,,,,
,,,,,,,,,,,
,,,,,,,,,,,
,,,,,,,,,,,
,,,,,,,,,,,
,,,,,,,,,,,
,,,,,,,,,,,
,,,,,,,,,,,
,,,,,,,,,,,
,,,,,,,,,,,
,,,,,,,,,,,
,,,,,,,,,,,
,,,,,,,,,,,
,,,,,,,,,,,
,,,,,,,,,,,
,,,,,,,,,,,
,,,,,,,,,,,
,,,,,,,,,,,
,,,,,,,,,,,
,,,,,,,,,,,
,,,,,,,,,,,
,,,,,,,,,,,
,,,,,,,,,,,
,,,,,,,,,,,
,,,,,,,,,,,
,,,,,,,,,,,
,,,,,,,,,,,
,,,,,,,,,,,
,,,,,,,,,,,
,,,,,,,,,,,
,,,,,,,,,,,
,,,,,,,,,,,
,,,,,,,,,,,
,,,,,,,,,,,
,,,,,,,,,,,
,,,,,,,,,,,
,,,,,,,,,,,
,,,,,,,,,,,
,,,,,,,,,,,
,,,,,,,,,,,
,,,,,,,,,,,
,,,,,,,,,,,
,,,,,,,,,,,
,,,,,,,,,,,
,,,,,,,,,,,
,,,,,,,,,,,
,,,,,,,,,,,
,,,,,,,,,,,
,,,,,,,,,,,
,,,,,,,,,,,
,,,,,,,,,,,
,,,,,,,,,,,
,,,,,,,,,,,
,,,,,,,,,,,
,,,,,,,,,,,
,,,,,,,,,,,
,,,,,,,,,,,
,,,,,,,,,,,
,,,,,,,,,,,
,,,,,,,,,,,
,,,,,,,,,,,
,,,,,,,,,,,
,,,,,,,,,,,
,,,,,,,,,,,
,,,,,,,,,,,
,,,,,,,,,,,
,,,,,,,,,,,
,,,,,,,,,,,
,,,,,,,,,,,
,,,,,,,,,,,
,,,,,,,,,,,
,,,,,,,,,,,
,,,,,,,,,,,
,,,,,,,,,,,
,,,,,,,,,,,
,,,,,,,,,,,
,,,,,,,,,,,
,,,,,,,,,,,
,,,,,,,,,,,
,,,,,,,,,,,
,,,,,,,,,,,
,,,,,,,,,,,
,,,,,,,,,,,
,,,,,,,,,,,
,,,,,,,,,,,
,,,,,,,,,,,
,,,,,,,,,,,
,,,,,,,,,,,
,,,,,,,,,,,
,,,,,,,,,,,
,,,,,,,,,,,
,,,,,,,,,,,
,,,,,,,,,,,
,,,,,,,,,,,
,,,,,,,,,,,
,,,,,,,,,,,
,,,,,,,,,,,
,,,,,,,,,,,
,,,,,,,,,,,
,,,,,,,,,,,
,,,,,,,,,,,
,,,,,,,,,,,
,,,,,,,,,,,
,,,,,,,,,,,
,,,,,,,,,,,
,,,,,,,,,,,
,,,,,,,,,,,
,,,,,,,,,,,
,,,,,,,,,,,
,,,,,,,,,,,
,,,,,,,,,,,
,,,,,,,,,,,
,,,,,,,,,,,
,,,,,,,,,,,
,,,,,,,,,,,
,,,,,,,,,,,
,,,,,,,,,,,
,,,,,,,,,,,
,,,,,,,,,,,
,,,,,,,,,,,
,,,,,,,,,,,
,,,,,,,,,,,
,,,,,,,,,,,
,,,,,,,,,,,
,,,,,,,,,,,
,,,,,,,,,,,
,,,,,,,,,,,
,,,,,,,,,,,
,,,,,,,,,,,
,,,,,,,,,,,
,,,,,,,,,,,
,,,,,,,,,,,
,,,,,,,,,,,
,,,,,,,,,,,
,,,,,,,,,,,
,,,,,,,,,,,
,,,,,,,,,,,
,,,,,,,,,,,
,,,,,,,,,,,
,,,,,,,,,,,
,,,,,,,,,,,
,,,,,,,,,,,
,,,,,,,,,,,
,,,,,,,,,,,
,,,,,,,,,,,
,,,,,,,,,,,
,,,,,,,,,,,
,,,,,,,,,,,
,,,,,,,,,,,
,,,,,,,,,,,
,,,,,,,,,,,
,,,,,,,,,,,
,,,,,,,,,,,
,,,,,,,,,,,
,,,,,,,,,,,
,,,,,,,,,,,
,,,,,,,,,,,
,,,,,,,,,,,
,,,,,,,,,,,
,,,,,,,,,,,
,,,,,,,,,,,
,,,,,,,,,,,
,,,,,,,,,,,
,,,,,,,,,,,
,,,,,,,,,,,
,,,,,,,,,,,
,,,,,,,,,,,
,,,,,,,,,,,
,,,,,,,,,,,
,,,,,,,,,,,
,,,,,,,,,,,
,,,,,,,,,,,
,,,,,,,,,,,
,,,,,,,,,,,
,,,,,,,,,,,
,,,,,,,,,,,
,,,,,,,,,,,
,,,,,,,,,,,
,,,,,,,,,,,
,,,,,,,,,,,
,,,,,,,,,,,
,,,,,,,,,,,
,,,,,,,,,,,
,,,,,,,,,,,
,,,,,,,,,,,
,,,,,,,,,,,
,,,,,,,,,,,
,,,,,,,,,,,
,,,,,,,,,,,
,,,,,,,,,,,
,,,,,,,,,,,
,,,,,,,,,,,
,,,,,,,,,,,
,,,,,,,,,,,
,,,,,,,,,,,
,,,,,,,,,,,
,,,,,,,,,,,
,,,,,,,,,,,
,,,,,,,,,,,
,,,,,,,,,,,
,,,,,,,,,,,
,,,,,,,,,,,
,,,,,,,,,,,
,,,,,,,,,,,
,,,,,,,,,,,
,,,,,,,,,,,
,,,,,,,,,,,
,,,,,,,,,,,
,,,,,,,,,,,
,,,,,,,,,,,
,,,,,,,,,,,
,,,,,,,,,,,
,,,,,,,,,,,
,,,,,,,,,,,
,,,,,,,,,,,
,,,,,,,,,,,
,,,,,,,,,,,
,,,,,,,,,,,
,,,,,,,,,,,
,,,,,,,,,,,
,,,,,,,,,,,
,,,,,,,,,,,
,,,,,,,,,,,
,,,,,,,,,,,
,,,,,,,,,,,
,,,,,,,,,,,
,,,,,,,,,,,
,,,,,,,,,,,
,,,,,,,,,,,
,,,,,,,,,,,
,,,,,,,,,,,
,,,,,,,,,,,
,,,,,,,,,,,
,,,,,,,,,,,
,,,,,,,,,,,
,,,,,,,,,,,
,,,,,,,,,,,
,,,,,,,,,,,
,,,,,,,,,,,
,,,,,,,,,,,
,,,,,,,,,,,
,,,,,,,,,,,
,,,,,,,,,,,
,,,,,,,,,,,
,,,,,,,,,,,
,,,,,,,,,,,
,,,,,,,,,,,
,,,,,,,,,,,
,,,,,,,,,,,
,,,,,,,,,,,
,,,,,,,,,,,
,,,,,,,,,,,
,,,,,,,,,,,
,,,,,,,,,,,
,,,,,,,,,,,
,,,,,,,,,,,
,,,,,,,,,,,
,,,,,,,,,,,
,,,,,,,,,,,
,,,,,,,,,,,
,,,,,,,,,,,
,,,,,,,,,,,
,,,,,,,,,,,
,,,,,,,,,,,
,,,,,,,,,,,
,,,,,,,,,,,
,,,,,,,,,,,
,,,,,,,,,,,
,,,,,,,,,,,
,,,,,,,,,,,
,,,,,,,,,,,
,,,,,,,,,,,
,,,,,,,,,,,
,,,,,,,,,,,
,,,,,,,,,,,
,,,,,,,,,,,
,,,,,,,,,,,
,,,,,,,,,,,
,,,,,,,,,,,
,,,,,,,,,,,
,,,,,,,,,,,
,,,,,,,,,,,
,,,,,,,,,,,
,,,,,,,,,,,
,,,,,,,,,,,
,,,,,,,,,,,
,,,,,,,,,,,
,,,,,,,,,,,
,,,,,,,,,,,
,,,,,,,,,,,
,,,,,,,,,,,
,,,,,,,,,,,
,,,,,,,,,,,
,,,,,,,,,,,
,,,,,,,,,,,
,,,,,,,,,,,
,,,,,,,,,,,
,,,,,,,,,,,
,,,,,,,,,,,
,,,,,,,,,,,
,,,,,,,,,,,
,,,,,,,,,,,
,,,,,,,,,,,
,,,,,,,,,,,
,,,,,,,,,,,
,,,,,,,,,,,
,,,,,,,,,,,
,,,,,,,,,,,
,,,,,,,,,,,
,,,,,,,,,,,
,,,,,,,,,,,
,,,,,,,,,,,
,,,,,,,,,,,
,,,,,,,,,,,
,,,,,,,,,,,
,,,,,,,,,,,
,,,,,,,,,,,
,,,,,,,,,,,
,,,,,,,,,,,
,,,,,,,,,,,
,,,,,,,,,,,
,,,,,,,,,,,
,,,,,,,,,,,
,,,,,,,,,,,
,,,,,,,,,,,
,,,,,,,,,,,
,,,,,,,,,,,
,,,,,,,,,,,
,,,,,,,,,,,
,,,,,,,,,,,
,,,,,,,,,,,
,,,,,,,,,,,
,,,,,,,,,,,
,,,,,,,,,,,
,,,,,,,,,,,
,,,,,,,,,,,
,,,,,,,,,,,
,,,,,,,,,,,
,,,,,,,,,,,
,,,,,,,,,,,
,,,,,,,,,,,
,,,,,,,,,,,
,,,,,,,,,,,
,,,,,,,,,,,
,,,,,,,,,,,
,,,,,,,,,,,
,,,,,,,,,,,
,,,,,,,,,,,
,,,,,,,,,,,
,,,,,,,,,,,
,,,,,,,,,,,
,,,,,,,,,,,
,,,,,,,,,,,
,,,,,,,,,,,
,,,,,,,,,,,
,,,,,,,,,,,
,,,,,,,,,,,
,,,,,,,,,,,
,,,,,,,,,,,
,,,,,,,,,,,
,,,,,,,,,,,
,,,,,,,,,,,
,,,,,,,,,,,
,,,,,,,,,,,
,,,,,,,,,,,
,,,,,,,,,,,
,,,,,,,,,,,
,,,,,,,,,,,
,,,,,,,,,,,
,,,,,,,,,,,
,,,,,,,,,,,
,,,,,,,,,,,
,,,,,,,,,,,
,,,,,,,,,,,
,,,,,,,,,,,
,,,,,,,,,,,
,,,,,,,,,,,
,,,,,,,,,,,
,,,,,,,,,,,
,,,,,,,,,,,
,,,,,,,,,,,
,,,,,,,,,,,
,,,,,,,,,,,
,,,,,,,,,,,
,,,,,,,,,,,
,,,,,,,,,,,
,,,,,,,,,,,
,,,,,,,,,,,
,,,,,,,,,,,
,,,,,,,,,,,
,,,,,,,,,,,
,,,,,,,,,,,
,,,,,,,,,,,
,,,,,,,,,,,
,,,,,,,,,,,
,,,,,,,,,,,
,,,,,,,,,,,
,,,,,,,,,,,
,,,,,,,,,,,
,,,,,,,,,,,
,,,,,,,,,,,
,,,,,,,,,,,
,,,,,,,,,,,
,,,,,,,,,,,
,,,,,,,,,,,
,,,,,,,,,,,
,,,,,,,,,,,
,,,,,,,,,,,
,,,,,,,,,,,
,,,,,,,,,,,
,,,,,,,,,,,
,,,,,,,,,,,
,,,,,,,,,,,
,,,,,,,,,,,
,,,,,,,,,,,
,,,,,,,,,,,
,,,,,,,,,,,
,,,,,,,,,,,
,,,,,,,,,,,
,,,,,,,,,,,
,,,,,,,,,,,
,,,,,,,,,,,
,,,,,,,,,,,
,,,,,,,,,,,
,,,,,,,,,,,
,,,,,,,,,,,
,,,,,,,,,,,
,,,,,,,,,,,
,,,,,,,,,,,
,,,,,,,,,,,
,,,,,,,,,,,
,,,,,,,,,,,
,,,,,,,,,,,
,,,,,,,,,,,
,,,,,,,,,,,
,,,,,,,,,,,
,,,,,,,,,,,
,,,,,,,,,,,
,,,,,,,,,,,
,,,,,,,,,,,
,,,,,,,,,,,
,,,,,,,,,,,
,,,,,,,,,,,
,,,,,,,,,,,
,,,,,,,,,,,
,,,,,,,,,,,
,,,,,,,,,,,
,,,,,,,,,,,
,,,,,,,,,,,
,,,,,,,,,,,
,,,,,,,,,,,
,,,,,,,,,,,
,,,,,,,,,,,
,,,,,,,,,,,
,,,,,,,,,,,
,,,,,,,,,,,
,,,,,,,,,,,
,,,,,,,,,,,
,,,,,,,,,,,
,,,,,,,,,,,
,,,,,,,,,,,
,,,,,,,,,,,
,,,,,,,,,,,
,,,,,,,,,,,
,,,,,,,,,,,
,,,,,,,,,,,
,,,,,,,,,,,
,,,,,,,,,,,
,,,,,,,,,,,
,,,,,,,,,,,
,,,,,,,,,,,
,,,,,,,,,,,
,,,,,,,,,,,
,,,,,,,,,,,
,,,,,,,,,,,
,,,,,,,,,,,
,,,,,,,,,,,
,,,,,,,,,,,
,,,,,,,,,,,
,,,,,,,,,,,
,,,,,,,,,,,
,,,,,,,,,,,
,,,,,,,,,,,
,,,,,,,,,,,
,,,,,,,,,,,
,,,,,,,,,,,
,,,,,,,,,,,
,,,,,,,,,,,
,,,,,,,,,,,
,,,,,,,,,,,
,,,,,,,,,,,
,,,,,,,,,,,
,,,,,,,,,,,
,,,,,,,,,,,
,,,,,,,,,,,
,,,,,,,,,,,
,,,,,,,,,,,
,,,,,,,,,,,
,,,,,,,,,,,
,,,,,,,,,,,