Question,A,B,C,D,E,answer,分类,题型,
五苓散与五皮散的共同病机为：,祛风利水之剂,脾肾阳虚，水气内停,水湿内停，小便不利,脾虚肝郁，湿浊不化,健脾利水之剂,C,方剂学,单选,
气分热盛证。壮热面赤，烦渴引饮，汗出恶热，脉洪大有力。治宜选用,白虎汤,白虎加人参汤,生脉饮,桂枝汤,竹叶石膏汤,A,方剂学,单选,
酸枣仁汤的药组是,酸枣仁.知母.人参.甘草.川芎,酸枣仁.山药.知母.川 芎 .茯苓,酸枣仁.甘草.山栀 .茯苓.川芎,酸枣仁.知母.大枣.茯苓.川 芎,酸枣仁.知母.甘草.茯苓.川 芎,E,方剂学,单选,
四物汤的主治证是,阴虚内热证,阴阳不足证,阴血亏虚证,血虚阳浮发热证,营血虚滞证,E,方剂学,单选,
补阳还五汤的药物组成中含有：,黄芪.地龙.甘草,当归.川芎.桃仁.红花,赤芍.川芎.丹皮,柴胡.瓜蒌根.芍药,穿山甲.大黄.甘草,B,方剂学,单选,
脾虚湿盛证。饮食不化，胸脘痞闷，肠鸣泄泻，四肢乏力，形体消瘦，舌淡苔白腻，脉虚缓。宜选,真人养脏汤,参苓白术散,芍药汤,理中丸,葛根芩连汤,B,方剂学,单选,
脏躁。精神恍惚，心中烦乱，睡眠不安，舌淡红苔少，脉细略数。宜选,甘麦大枣汤,磁硃丸,归脾丸,真人养脏汤,朱砂安神丸,A,方剂学,单选,
组成中有猪苓.茯苓.泽泻的方剂有：,猪苓汤,萆薢分清饮,防已黄芪汤,八正散,五皮散,A,方剂学,单选,
桃核承气汤证的病机是：,下焦蓄血,下焦湿热,下焦热结,下焦实热,下焦蓄水,A,方剂学,单选,
旋覆代赭汤的功用是,温中益气.降逆化痰,降逆化痰.益气和胃,降逆止呕.益气健脾,降逆止呕.益气清热,温中益气.降逆止呕,B,方剂学,单选,
枳术丸的主治证是,食滞胃脘证,脾虚气滞，寒热互结证,脾胃虚弱，饮食停滞证,脾虚食积证,湿热食积证,C,方剂学,单选,
具有温中祛寒，补气健脾功用的方剂是：,桂枝人参汤,吴茱萸汤,大建中汤,理中丸,小建中汤,D,方剂学,单选,
柴胡在补中益气汤中的作用为,疏肝理气,升阳举陷,和解少阳,引药上行,发表退热,B,方剂学,单选,
真人养脏汤的主治病证是：,脾肾虚寒之久泄久痢,寒湿泄泻,肝脾不和之泄泻,脾虚挟湿泄泻,脾虚泄泻,A,方剂学,单选,
平胃散证涉及的脏腑是；,脾肾,肠胃,脾胃,肺脾,肝脾,C,方剂学,单选,
大便干结，小便频数，舌苔微黄。宜选用：,麻子仁丸,济川煎,五仁丸,黄龙汤,增液承气汤,A,方剂学,单选,
清营汤中起“透热转气”作用的药物是,银花.竹叶.连翘,生地.连翘.银花,柴胡.当归.泽泻,当归.木通.车前子,木通.车前子.泽泻,A,方剂学,单选,
阳证痈疡肿毒初起。红肿焮痛，或身热凛寒，苔薄白或黄，脉数有力。治宜选用,仙方活命饮,四妙勇安汤,导赤散,五味消毒饮,黄连解毒汤,A,方剂学,单选,
肾气丸的君药是,熟地.附子,熟地.山药,附子.桂枝,山茱萸.桂枝,附子.泽泻,C,方剂学,单选,
消风散中渗利湿热的药物是：,滑石,车前子,木通,山栀,通草,C,方剂学,单选,
麻黄汤主治,外寒里饮证,外感风邪，邪热壅肺证,外感风寒表虚证,外感风寒表实证,风邪犯肺证,D,方剂学,单选,
保和丸的药组中有,人参.砂仁.麦芽.山楂,人参.薏苡仁.麦芽.山楂,人参.半夏.连翘.山楂,麦芽.半夏.连翘.山楂,半夏.连翘.山楂.莱菔子,E,方剂学,单选,
何方的组成为人参、干姜、黄芩、黄连、半夏、甘草、大枣,生姜泻心汤,参苓白术散,异功散,半夏泻心汤,黄连解毒汤,D,方剂学,单选,
木火刑金而致的咳血证，治疗宜选：,四生丸,知柏地黄汤,咳血方,百合固金汤,十灰散,C,方剂学,单选,
除哪项以外均为丸剂的特点,便于服用与携带,吸收较慢,节省药材,药力持久,可根据病情随证加减,E,方剂学,单选,
大补阴丸的功用为,清肝降火,解表清热,滋阴清热,清热泻火,滋阴降火,E,方剂学,单选,
仙方活命饮的功用是,清心泻火，消肿溃坚，活血止痛,清热解毒，消肿溃坚，活血止痛,清热泻火，活血消肿，散瘀通经,清热解毒，疏风散邪，活血止痛,清热凉血，消肿溃坚，散瘀止痛,B,方剂学,单选,
吴茱萸汤主治证为：,脾胃虚寒证,肝胃虚寒，浊阴上逆证,中阳衰弱，阴寒内盛证,中焦虚寒，肝脾不和证,少阴病,B,方剂学,单选,
生化汤的组成中含有：,桂枝.芍药.丹皮,桃仁.红花.炮姜,当归.川芎.炮姜,茯苓.泽泻.桂枝,大黄.芒硝.桂枝,C,方剂学,单选,
五苓散的功用是：,利水渗湿，通淋泄浊,健脾利水，益气祛风,利水渗湿，清热养阴,利水渗湿，温阳化气,清热利湿，行气消肿,D,方剂学,单选,
丁香柿蒂汤的功用是,降逆止呕.益气健脾,温中益气.降逆化痰,降逆止呕.益气清热,降逆化痰.益气和胃,温中益气.降逆止呕,E,方剂学,单选,
逍遥散中健脾的药物是,山药、人参,黄芪、白术,白术、茯苓,人参、茯苓,人参、白术,C,方剂学,单选,
普济消毒饮的功用是,清热解毒，疏风止痛,清热解毒，凉血散瘀,清热泻火，疏风散邪,清热解毒，疏风散邪,清热凉血，疏风散邪,D,方剂学,单选,
患者胃脘痞满不舒，时有恶心呕吐，肠鸣下利，舌苔薄腻而微黄，脉弦数，。治疗应选用,旋覆代赭汤,痛泻要方,四君子汤,半夏泻心汤,逍遥散,D,方剂学,单选,
热毒痢疾。腹痛，里急后重，肛门灼热，下痢脓血，赤多白少，渴欲饮水，舌红苔黄，脉弦数。治宜选用,黄芩汤,芍药汤,葛根芩连汤,乌梅丸,白头翁汤,E,方剂学,单选,
桂枝汤中的桂枝属于,反佐药,使药,君药,臣药,佐助药,C,方剂学,单选,
小蓟饮子的君药是：,藕节,小蓟,滑石,生地,蒲黄,D,方剂学,单选,
肝火犯胃证。胁肋疼痛，嘈杂吞酸，呕吐口苦，舌红苔黄，脉弦数。治宜选用,清胃散,左金丸,龙胆泻肝汤,香连丸,逍遥丸,B,方剂学,单选,
参苓白术散的主治病证是,脾肾两虚证,脾虚湿盛证,脾胃不和证,气虚下陷证,脾胃气虚证,B,方剂学,单选,
患者，女，35岁。近两日头痛发热，汗出恶风，鼻鸣干呕，苔白不渴，脉浮缓。宜选用,败毒散,桂枝汤,玉屏风散,麻黄汤,再造散,B,方剂学,单选,
天王补心丹的功用是,清心安神，平肝潜阳,养血安神，清热除烦,滋阴凉血，益气安神,滋阴清热，养血安神,清热凉血，养阴安神,D,方剂学,单选,
患者，男，30岁。往来寒热，两胁胀满，心烦喜呕，口苦咽干，目眩，舌苔薄白，脉弦。治疗宜选用,小柴胡汤,大柴胡汤,四逆散,逍遥散,蒿芩清胆汤,A,方剂学,单选,
定喘汤的君药是,麻黄.白果,厚朴,半夏,香附,苍术,A,方剂学,单选,
半夏厚朴汤的君药是,半夏,麻黄.白果,厚朴,苍术,香附,A,方剂学,单选,
龙胆泻肝汤的臣药是,泽泻.木通,柴胡.车前子,黄芩.泽泻,黄芩.山栀,当归.生地,D,方剂学,单选,
白头翁汤的功用是,清热解毒，活血止痛,清热解毒，调气和血,清热燥湿，凉血止痢,清热解毒，燥湿健脾,清热解毒，凉血止痢,E,方剂学,单选,
酸枣仁汤的功用是,养血安神，清热除烦,清心安神，平肝潜阳,滋阴清热，养血安神,滋阴凉血，益气安神,清热凉血，养阴安神,A,方剂学,单选,
清营汤的功用是,清营解毒，凉血散瘀,清营解毒，透热养阴,清营凉血，透热散邪,清心解毒，养阴生津,清营透热，益气养阴,B,方剂学,单选,
四逆散中一散一收的药物配伍是,柴胡配甘草,柴胡配枳实,芍药配甘草,柴胡配芍药,枳实配芍药,D,方剂学,单选,
半夏厚朴汤中的佐药是：,茯苓.厚朴.苏叶,茯苓.生姜.苏叶,厚朴.生姜.苏叶,茯苓.生姜.苏梗,茯苓.厚朴.生姜,B,方剂学,单选,
患者，男，15岁。发热，头痛口渴，无汗，咽喉疼痛，咳嗽，舌尖红，苔薄黄，脉浮数。治疗应首选,麻黄汤,败毒散,桑菊饮,银翘散,麻黄杏仁甘草石膏汤,D,方剂学,单选,
银翘散中“去性取用”的药物是,荆芥穗、淡豆豉,竹叶、芦根E.桔梗、甘草二.A2型题,牛蒡子、薄荷,"银花、连翘
答案：A
53、胃脘痞闷或胀满，按之不痛，频频嗳气，舌苔白腻，脉弦或滑。宜选","橘皮竹茹汤
B、理中丸
C、旋覆代赭汤
D、丁香柿蒂汤
E、平胃散",A,方剂学,单选,
阴虚火旺证。骨蒸潮热，盗汗遗精，咳嗽咯血，心烦易怒，足膝疼热，舌红少苔，尺脉数而有力。宜选,杞菊地黄丸,蒿芩清胆汤,大补阴丸,青蒿鳖甲汤,左归丸,C,方剂学,单选,
主治大头瘟的代表方剂是,黄连解毒汤,大黄牡丹汤,仙方活命饮,普济消毒饮,犀黄丸,D,方剂学,单选,
病人小便不利，头痛微热，烦渴欲饮，甚则水入即吐，苔白脉浮，可选：,三仁汤,藿香正气散,五苓散,猪苓汤,防已黄芪汤,C,方剂学,单选,
现存最古老的方书为,《五十二病方》,《神农本草经》,《小品方》,《皇帝内经》,《伤寒杂病论》,A,方剂学,单选,
芍药汤的功用是,清热解毒，调气和血,清热燥湿，理气止痛,清热凉血，燥湿止利,清肠解毒，活血止痛,清热燥湿，调气和血,E,方剂学,单选,
桃核承气汤的组成中有：,当归.川芎.炮姜,桃仁.红花.炮姜,大黄.芒硝.桂枝,桂枝.芍药.丹皮,茯苓.泽泻.桂枝,B,方剂学,单选,
患者，男，51岁。常因情志不舒而致大便泄泻，泻必腹痛，泻后痛减，两胁不舒，舌苔薄白，脉弦而缓，治宜选用,四君子汤,痛泻要方,逍遥散,参苓白术散,补中益气汤,B,方剂学,单选,
半夏泻心汤主治,水热互结之痞,胃气虚弱之痞,寒热错杂之痞,热结心下之痞,气机郁滞之痞,C,方剂学,单选,
平胃散主治证的病机是：,脾虚失运,湿滞脾胃,湿热中阻,湿热下注,外寒内湿,B,方剂学,单选,
八正散中大黄的作用是：,清热解毒,泄热降火,泻下湿热,清热散瘀,攻导大便,B,方剂学,单选,
按八阵分类的方书是,《医方集解》,《备急千金要方》,《医方考》,《景岳全书》,《医学心悟》,D,方剂学,单选,
再造散的功用是,助阳解表，理气化痰,滋阴解表,益气解表，理气和胃,散寒祛湿，益气解表,助阳益气，解表散寒,E,方剂学,单选,
具有疏风养血，清热除湿作用的方剂是：,小活络丹,玉真散,消风散,大秦艽汤,牵正散,C,方剂学,单选,
按病证分类的方书，首推,《景岳全书》,《五十二病方》,《小品方》,《黄帝内经》,《祖方》,B,方剂学,单选,
凉开方剂中长于熄风止痉者是：,至宝丹,安宫牛黄丸,行军散,紫雪,牛黄清心丸,D,方剂学,单选,
回阳救急汤主治证是：,四肢厥逆，恶寒蜷卧，神疲欲寐，面色苍白，腹痛下利，呕吐不渴，舌苔白滑，脉微细。,手足厥寒，舌淡苔白，脉沉细或细而欲绝。,四肢厥冷，神衰欲寐，恶寒蜷卧，吐泻腹痛，口不渴，舌淡苔白，脉沉微，甚或无脉。,肌肤麻木不仁，脉微涩而紧者。,手足厥逆，下利清谷，身反不恶寒，面色赤，脉微欲绝。,C,方剂学,单选,
养阴清肺汤中含有,麦门冬汤,增液汤,二陈汤,三拗汤,四物汤,B,方剂学,单选,
梅核气。咽中如有物阻，咯吐不出，吞咽不下，胸膈满闷，舌苔白润或白滑，脉弦缓或弦滑。宜选,越鞠丸,半夏厚朴汤,厚朴湿中汤,橘皮竹茹汤,以上都是,B,方剂学,单选,
具有疏风养血，清热除湿作用，用于治疗风疹.湿疹的方剂是：,消风散,银翘散,败毒散,升麻葛根汤,柴葛解肌汤,A,方剂学,单选,
麻黄杏仁甘草石膏汤的君药是,麻黄、石膏,石膏、杏仁,麻黄、杏仁,麻黄、甘草,石膏、甘草,A,方剂学,单选,
下列除┉┉之外均为理中丸主治病证常见脉症：,吐,冷,脉细数,痛,利,C,方剂学,单选,
四神丸的君药是:,五味子,吴茱萸,补骨脂,姜.枣,肉豆蔻,C,方剂学,单选,
具有养心安神，和中缓急功用的方剂是,朱砂安神丸,归脾丸,甘麦大枣汤,酸枣仁汤,天王补心丹,C,方剂学,单选,
治疗寒痰咳嗽宜选用,贝母瓜蒌散,定痫丸,苓甘五味姜辛汤,清气化痰丸,茯苓丸,C,方剂学,单选,
真人养脏汤的组成中有：,肉豆蔻.肉桂,肉豆蔻.吴茱萸,肉豆蔻.山茱萸,肉豆蔻.白豆蔻,肉豆蔻.草豆蔻,A,方剂学,单选,
补中益气汤的功用为,益气补血，健脾和胃,补中益气，升阳举陷,益气健脾，升阳止泻,补中益气，渗湿止泻,健脾益气，升阳举陷,B,方剂学,单选,
肝经实火上炎及肝经湿热下注证。治宜选用,泻青丸,龙脑丸,龙胆泻肝汤,大柴胡汤,泻白散,C,方剂学,单选,
用于气虚发热，体现甘温除热法的方剂是,参苓白术散,四君子汤,生脉散,玉屏风散,补中益气汤,E,方剂学,单选,
汗出恶风，脉浮虚，属何方主治证的临床表现,玉屏风散,白虎汤,牡蛎散,生脉散,桂枝汤,A,方剂学,单选,
汗多神疲，脉虚数，属何方主治证的临床表现,牡蛎散,生脉散,白虎汤,桂枝汤,玉屏风散,B,方剂学,单选,
玉女煎的君药是,熟地,知母,牛膝,麦冬,石膏,E,方剂学,单选,
患者，男，30岁。近来因食油腻之物，致心下满痛，呕吐不止，往来寒热，心烦口苦，大便秘结，舌苔黄，脉弦数有力，治宜选用,大柴胡汤,蒿芩清胆汤,大承气汤,小柴胡汤,小承气汤,A,方剂学,单选,
半夏泻心汤的功用是,和胃消痞，散结除水,寒热平调，消痞散结,和胃补中，降逆消痞,泻火解毒，燥湿除痞,化痰清热，和胃降逆,B,方剂学,单选,
补阳还五汤证的病机是：,痰湿血瘀，脉络不畅,寒凝气滞，瘀血阻络,风寒湿邪，阻于经络,阳虚血凝，脉络不畅,气虚血滞，脉络瘀阻,E,方剂学,单选,
四君子汤加何药为六君子汤,山药.陈皮,陈皮.木香,半夏.砂仁,陈皮.半夏,半夏.桔梗,D,方剂学,单选,
天王补心丹主治,阴血不足，虚火内扰证,肝血不足，虚热内扰证,心肾不交，心火上炎证,阴虚血少，神志不安证,心火亢盛，阴血不足证,D,方剂学,单选,
患者近日皮肤瘙痒，全身皮肤有红色疹点，抓破后渗出津水，舌苔薄黄，脉浮数，治宜选用：,败毒散,黄连解毒汤,消风散,普济消毒饮,五味消毒饮,C,方剂学,单选,
体现甘温除热法的方剂是,大补阴丸,逍遥丸,一贯煎,玉屏风散,补中益气汤,E,方剂学,单选,
温经汤证的病机是：,子宫虚冷，带脉不固,冲任虚寒，痰湿郁阻,寒凝血瘀，湿阻胞宫,冲任虚损，瘀血阻滞,冲任虚寒，瘀血阻滞,E,方剂学,单选,
具有温经散寒，养血通脉功用的方剂是：,黄芪桂枝五物汤,通脉四逆汤,当归四逆汤,阳和汤,回阳救急汤,C,方剂学,单选,
桂枝汤中桂枝与芍药的比例是,2∶1,2∶3,1∶2,1∶1,6∶1,D,方剂学,单选,
桃核承气汤含有下列哪首方剂：,调胃承气汤,大承气汤,小承气汤,复方大承气汤,增液承气汤,A,方剂学,单选,
凉膈散的组成含有,大黄.山栀.黄芩,大黄.芒硝.厚朴,大黄.山栀.黄连,芒硝.连翘.黄柏,芒硝.薄荷.银花,A,方剂学,单选,
黄芪桂枝五物汤的主治证是：,虚劳里急证,血虚寒厥证,虚寒腹痛证,血痹证,脾胃虚寒证,D,方剂学,单选,
玉女煎的功用是,清胃热.滋胃阴,泻火解毒,清肝泻火,清热解毒，凉血泻火,清心利水养阴,A,方剂学,单选,
旋覆代赭汤的臣药是,旋覆花.人参.半夏,代赭石.半夏.人参,旋覆花.生姜.半夏,代赭石.生姜.半夏,代赭石.人参.生姜,D,方剂学,单选,
败毒散主治,阴虚外感,气血两虚,阳虚外感,血虚外感,气虚外感,E,方剂学,单选,
桑菊饮中体现“升降配伍”的药对是（ ）,连翘与甘草,桑叶与菊花,桔梗与杏仁,连翘与杏仁,薄荷与芦根,C,方剂学,单选,
因肝血不足而致虚烦失眠，咽干口燥，头目眩晕，脉细数者，治宜用( ),酸枣仁汤,炙甘草汤,天王补心丹,朱砂安神丸,归脾汤,A,方剂学,单选,
下列何项不是越鞠丸的药组（ ）,法夏,香附,苍术,神曲,栀子,A,方剂学,单选,
小建中汤的功用是（ ）,温中补虚，和里缓急,温中散寒，健脾养血,温中散寒，补气健脾,温中补虚，降逆止呕,温中补虚，降逆止痛,A,方剂学,单选,
桂枝汤中桂枝与芍药的用药比例是（ ）,3∶1,3∶3,2∶1,1∶2,1∶3,B,方剂学,单选,
不是肾气丸辨证要点的是（ ）,小便多,脉弱,舌胖,腰痛,体瘦,E,方剂学,单选,
下列各方除（ ）外，均用生姜？,小建中汤,温经汤,真武汤,防己黄芪汤,小青龙汤,E,方剂学,单选,
壮热烦渴，口干舌燥，面赤恶热，大汗，脉洪大有力，治宜用（ ）,白虎加人参汤,凉膈散,竹叶石膏汤,白虎汤,清暑益气汤,D,方剂学,单选,
下列何项不是清燥救肺汤的药组（ ）,麦冬,粳米,人参,石膏,阿胶,B,方剂学,单选,
五苓散中桂枝的功用是（ ）,温健中阳,温经和营,温阳化气,温经止痛,通行血脉,C,方剂学,单选,
下列何项不是乌梅丸的药组（ ）,细辛,干姜,黄连,人参,黄芩,E,方剂学,单选,
桂枝汤中体现“散收配伍”，能调和营卫的药对是（ ）,桂枝与芍药,芍药与甘草,桂枝与生姜,芍药与生姜,桂枝与大枣,A,方剂学,单选,
实脾散中行气导滞，化湿行水的药物是（ ）,陈皮,白豆蔻,草果,枳壳,砂仁,C,方剂学,单选,
茵陈蒿汤的功用是（ ）,利湿化浊，清热解毒,利湿清热，疏风止痛,温里助阳，利湿退黄,清热利湿退黄,宣畅气机，清利湿热,D,方剂学,单选,
仙方活命饮中的臣药有（ ）,陈皮,白芷,防风,穿山甲,金银花,A,方剂学,单选,
下列何项不是完带汤的功用（ ）,疏肝,补脾,化湿,养阴,止带,D,方剂学,单选,
炙甘草汤中桂枝，生姜的作用为（ ）,温肾暖脾,温阳化气,温阳利水,温阳通脉,温经散寒,D,方剂学,单选,
下列何项不是茵陈蒿汤的辨证要点（ ）,脉数,苔黄腻,一身面目俱黄,黄色鲜明,黄色暗淡,E,方剂学,单选,
往来寒热，胸胁苦满，呕不止，郁郁微烦，心下痞硬，下利，舌苔黄，脉弦数有力，宜选用（ ）,半夏泻心汤,蒿芩清胆汤,葛根芩连汤,大柴胡汤,小柴胡汤,D,方剂学,单选,
定喘汤中清热化痰的药是（ ）,胆南星、黄芩,黄芩、桑白皮,黄芩、瓜蒌,石膏、法夏,石膏、苏子,B,方剂学,单选,
补中益气汤的组方配伍特点主要是（ ）,补气与理气配用,补气与燥湿配用,补气与升提配用,补气与健脾配用,补气与养血配用,C,方剂学,单选,
阳和汤中用量最重的药物是（ ）,炮姜,肉桂,白芥子,熟地,鹿角胶,D,方剂学,单选,
下列何项不是血府逐瘀汤的药组（ ）,白芍,牛膝,川芎,柴胡,枳壳,A,方剂学,单选,
大枣在十枣汤中是（ ）,引经药,佐药,调和药,臣药,君药,B,方剂学,单选,
麻子仁丸的组成中含有（ ）,枣仁,大黄,郁李仁,芒硝,苡仁,B,方剂学,单选,
除（ ）外，均为五苓散的主治病证。,水湿内停之水肿,痰饮、脐下动悸,水湿下注之泄泻,湿热下注之癃闭,外有表证，内停水饮,D,方剂学,单选,
桂枝汤的药物组成是（ ）,桂枝、芍药、生姜、大枣、杏仁,桂枝、芍药、杏仁、甘草、人参,桂枝、芍药、大枣、生姜、甘草,桂枝、芍药、麻黄、生姜、甘草,桂枝、芍药、生姜、大枣、人参,C,方剂学,单选,
下列何项为麻子仁丸的配伍特点？（ ）,攻润相合,一散一收,降中寓升,寓通于补,寓温补于攻下,A,方剂学,单选,
大定风珠的药组有（ ）,生龟板、生牡蛎,怀牛膝、川楝子,生赭石、生龙骨,生麦芽、茵陈,钩藤、天麻,A,方剂学,单选,
下列何项不是麦门冬汤的功用（ ）,下气,养血,润肺,降逆,益胃,B,方剂学,单选,
芍药汤中的反佐药为（ ）,黄连,大黄,芍药,槟榔,肉桂,E,方剂学,单选,
药物配伍体现了辛甘化阳之中，又具酸甘化阴之用的方剂是（ ）,理中丸,吴茱萸汤,小建中汤,归脾汤,四君子汤,C,方剂学,单选,
下列何方的配伍体现了以祛邪为主，兼顾正气，以和解为主，兼和胃气（ ）,大柴胡汤,逍遥散,葛根芩连汤,小柴胡汤,蒿芩清胆汤,D,方剂学,单选,
下列何项与麻子仁丸方义不符（ ）,大黄通便泄热,芍药养阴和里,杏仁降气润肠,枳实、厚朴行气宽中,麻子仁润肠通便,D,方剂学,单选,
下列何方中的大黄与他药配伍苦寒之性被制，而泻下之功犹存（ ）,凉膈散,温脾汤,大黄牡丹汤,大承气汤,麻子仁丸,B,方剂学,单选,
下列何项不是补中益气汤中黄芪的作用（ ）,益气,补中,行水,补阳,固表,C,方剂学,单选,
下列何项不是生化汤的药组（ ）,全当归,桂枝,甘草,桃仁,川芎,B,方剂学,单选,
十灰散的配伍体现了下列何项（ ）,凉血与养血并用，收涩与化瘀兼顾,凉血与清降并用，收涩与滋阴兼顾,养血与清降并用，收涩与滋阴兼顾,凉血与清降并用，收涩与化瘀兼顾,养血与补气并用，收涩与化瘀兼顾,D,方剂学,单选,
十枣汤的最佳服用时间是（ ）,睡前服,清晨空腹服,饭后服,饭前服,不拘时服,B,方剂学,单选,
下列何方的药物配伍体现了外科阳证内治消法的配伍特点（ ）,清胃散,凉膈散,芍药汤,桑菊饮,仙方活命饮,E,方剂学,单选,
不属真人养脏汤药组的是（ ）,人参,五味子,白芍,当归,木香,B,方剂学,单选,
生脉散的功用为（ ）,清暑益气，养阴生津,补肺益肾，止咳定喘,清热生津，益气和胃,益气生津，敛阴止汗,益气养阴，生津止渴,D,方剂学,单选,
麦门冬汤的功用是（ ）,清养肺胃，降逆下气,滋阴润肺，益气补脾,养阴清肺，解毒利咽,益气滋阴，固肾止渴,增液润燥,A,方剂学,单选,
患者尿中带血，小便频数，赤涩热痛，舌红脉数，治宜用（ ）,黄土汤,导赤散,八正散,小蓟饮子,清心莲子饮,D,方剂学,单选,
下列何项不是桃核承气汤的辨证要点（ ）,脉实,小便自利,脉涩,少腹急结,小便不利,E,方剂学,单选,
四逆汤主治证中无下列何项（ ）,恶寒肢厥,舌苔白滑,脉微细数,神衰欲寐,呕吐下利,C,方剂学,单选,
九味羌活汤主治证中的症状为（ ）,腰脊疼痛,头痛汗出,肢体酸楚疼痛,肢体沉重水肿,无汗而喘,C,方剂学,单选,
四神丸中补骨脂的作用是（ ）,暖肝温脾,暖胃散寒,固肾益气,补火暖土,固涩止泻,D,方剂学,单选,
肾气丸的主治有（ ）,发狂,霍乱,痰饮,胸痹,慢惊风,C,方剂学,单选,
患者阳衰阴盛，四肢厥逆，恶寒蜷卧，口不渴，舌淡苔白，脉沉细，治宜用（ ）,大承气汤,四逆汤,乌梅丸,四逆散,当归四逆汤,B,方剂学,单选,
下列何项不是玉屏风散的药组（ ）,黄芪,防已,白术,大枣,防风,B,方剂学,单选,
青蒿鳖甲汤中青蒿与鳖甲的配伍体现的配伍特点为（ ）,出入结合，先入后出,出入结合，里出表入,出入结合，先出后入,出入结合，只入不出,出入结合，只出不入,A,方剂学,单选,
最早提出制方理论的医书是（ ）,《黄帝内经》,《医方集解》,《伤寒论》,《肘后备急方》,《圣济总录》,A,方剂学,单选,
下列何方的配伍体现了各有专功，合而用之，攻逐水饮之功甚著（ ）,十枣汤,五苓散,苓桂术甘汤,八正散,真武汤,A,方剂学,单选,
银翘散，桑菊饮中共有的药物为（ ）,银花、连翘、杏仁、竹叶、甘草,银花、连翘、桔梗、芦根、竹叶,菊花、薄荷、桔梗、连翘、甘草,连翘、桔梗、甘草、薄荷、芦根,桑叶、菊花、连翘、芦根、甘草,D,方剂学,单选,
下列何项不是参苓白术散的君药（ ）,白术、茯苓,白术,茯苓,淮山,人参,D,方剂学,单选,
痛泻要方中白芍与白术的配伍体现了（ ）,培土生金,补土荣木,土中泻木,实则泻其子,金水相生,C,方剂学,单选,
八正散的药组有（ ）,芒硝、滑石,黄柏、滑石,大黄、滑石,黄芩、滑石,黄连、滑石,C,方剂学,单选,
患者头痛身热，干咳无痰，气逆而喘，咽喉干燥，鼻燥，心烦口渴，舌干无苔，脉虚大而数，治宜用（ ）,麦门冬汤,养阴清肺汤,清燥救肺汤,竹叶石膏汤,桑杏汤,C,方剂学,单选,
下列何项不是大定风珠的药组（ ）,生牡蛎,阿胶,生龙骨,生龟板,生鳖甲,C,方剂学,单选,
不是地黄饮子功用的一项是（ ）,滋阴,开窍,化痰,疏肝,补阳,D,方剂学,单选,
生化汤中重用（ ）为君。,炮姜,全当归,桃仁,赤芍,川芎,B,方剂学,单选,
可用于脾气不足之肌衄证的方剂是（ ）,四君子汤,归脾汤,四物汤,理中丸,七厘散,B,方剂学,单选,
阳和汤的功用是（ ）,温阳补血，散寒通滞,温经散寒，养血通脉,温阳补虚，和中缓急,益气温经，和血通痹,化痰除湿，祛瘀通络,A,方剂学,单选,
羚角钩藤汤的臣药是（ ）,川贝母,淡竹茹,鲜生地,茯神木,桑叶,E,方剂学,单选,
下列何项不是四逆散的功用（ ）,透邪,温阳,理脾,疏肝,解郁,B,方剂学,单选,
恶寒发热，无汗头痛，肢体沉重酸楚疼痛，口苦而渴，舌淡苔白，脉浮，最宜选用下列何方？（ ）,香薷散,败毒散,桂枝汤,麻黄汤,九味羌活汤,E,方剂学,单选,
下列何项不是补阳还五汤的药组（ ）,川芎,赤芍,地龙,归尾,人参,E,方剂学,单选,
四君子汤若呕吐者，最宜加（ ）,生姜,旋覆花,半夏,蜀椒,吴茱萸,C,方剂学,单选,
苏子降气汤的药组有（ ）,肉桂,杏仁,桔梗,百部,附子,A,方剂学,单选,
大补阴丸中熟地、龟板与知母、黄柏的用量比例为（ ）,0.127083333,0.084027778,0.125694444,0.085416667,0.126388889,E,方剂学,单选,
有温肾益精，润肠通便功效的方剂是（ ）,麻子仁丸,新加黄龙汤,肾气丸,增液汤,济川煎,E,方剂学,单选,
治疗痈疡肿毒阳证宜用（ ）,犀黄丸,仙方活命饮,透脓散,小金丹,阳和汤,B,方剂学,单选,
朱砂安神丸的药物组成有（ ）,黄连,玄参,木通,竹叶,丹参,A,方剂学,单选,
白虎汤中石膏与知母相配为下列何项（ ）,相须为用,相制为用,相反相成,相畏相使,以上都不是,A,方剂学,单选,
热病后期，阴液大伤，邪伏阴分，症见夜热早凉，热退无汗，舌红苔少，脉细数者，治宜用（ ）,麦门冬汤,当归六黄汤,清骨散,青蒿鳖甲汤,清暑益气汤,D,方剂学,单选,
下列何项不是理中丸的主治证（ ）,气虚脾不统血证,病后喜唾证,霍乱吐泻证,小儿慢惊,胸痹证,A,方剂学,单选,
不是四神丸药组的是（ ）,补骨脂,吴茱萸,五味子,人参,肉豆蔻,D,方剂学,单选,
迄今为止我国已发现的最早收载方剂的医书名为（ ）,《五十二病方》,《黄帝内经》,《诸病源候论》,《华佗神方》,《神农本草经》,A,方剂学,单选,
小青龙汤与苓桂术甘汤相同的功效是（ ）,宣肺平喘,温肺化饮,健脾利湿,解表散寒,燥湿化痰,B,方剂学,单选,
下列何项不是温脾汤的组成（ ）,大黄,人参,细辛,附子,当归,C,方剂学,单选,
第一部专门剖析方剂理论的专著是（ ）,《千金翼方》,《医方考》,《外台秘要》,《伤寒明理论》,《伤寒杂病论》,D,方剂学,单选,
在药物配伍上体现了“先入后出之妙”特点的方是（ ）,犀角地黄汤,当归六黄汤,青蒿鳖甲汤,清暑益气汤,竹叶石膏汤,C,方剂学,单选,
除（ ）外，以下均属小柴胡汤的主治证候。,胸胁苦满,泄利下重,口苦咽干,寒热往来,心烦喜呕,B,方剂学,单选,
下列何项不是小蓟饮子的药组（ ）,淡竹叶,当归,生地,大黄,滑石,D,方剂学,单选,
茵陈蒿汤的配伍体现了下列何项（ ）,祛湿与行气配伍,利湿与泄热相伍,利湿与养阴合用,燥湿与祛瘀同用,化湿与温阳相配,B,方剂学,单选,
旋覆代赭汤主治（ ）,胃气虚弱，痰浊内阻之呕吐,痰饮内停，胃气上逆之呕吐,湿阻气滞，胃失和降之呕吐,胃虚有热之呕吐,胃气虚寒之呕吐,A,方剂学,单选,
下列何项不是半夏泻心汤的证治要点（ ）,苔腻微黄,嗳腐吞酸,呕吐泻利,心下痞满,泻利,B,方剂学,单选,
四物汤的主治证为（ ）,血虚阴亏证,营血不足证,气血不足证,营血虚滞证,气滞血瘀证,D,方剂学,单选,
下列何项不是王氏清暑益气汤的功用（ ）,养阴,益气,生津,健脾,清暑,D,方剂学,单选,
下列何项不是养阴清肺汤的药组（ ）,白芍,薄荷,熟地,麦冬,丹皮,C,方剂学,单选,
较多配用反佐药的方剂是（ ）,治燥剂和祛风剂,清热剂和温里剂,和解剂和涌吐剂,解表剂和开窍剂,泻下剂和补益剂,B,方剂学,单选,
下列何项不是一贯煎的臣药（ ）,沙参,生地黄,当归,枸杞,麦冬,B,方剂学,单选,
小青龙汤中主治外寒的药物是（ ）,五味子、芍药、细辛,桂枝、芍药、甘草,麻黄、桂枝、细辛,麻黄、干姜、细辛,半夏、干姜、细辛,C,方剂学,单选,
下列何项不是芍药汤中大黄的作用（ ）,祛积,通因通用,通便,泻热,破瘀,C,方剂学,单选,
镇肝熄风汤中用量最重的药有（ ）,川楝子,生杭芍,怀牛膝,生龟板、生牡蛎,生龙骨,C,方剂学,单选,
下列何项是银翘散的正确煎煮法（ ）,先煮银花、连翘，再下余药,全方十味久煎,苇根煎汤，香气大出，即取服，勿过煎,先煎荆芥、豆豉，再下余药,以上都不正确,C,方剂学,单选,
发热喘急，口渴，苔黄，脉浮滑数，最宜选用（ ）,麻黄杏仁甘草石膏汤,桑菊饮,银翘散,止嗽散,泻白散,A,方剂学,单选,
藿香正气散的证治要点有（ ）,面目鲜黄,口中渴,咳嗽有痰,舌苔黄腻,恶寒发热,E,方剂学,单选,
当归补血汤中黄芪与当归的用量比例为（ ）,0.250694444,0.292361111,0.209027778,0.084027778,0.209722222,C,方剂学,单选,
以心悸失眠，体倦食少，崩漏，舌淡，脉细弱为证治要点的方剂是,四物汤,炙甘草汤,补中益气汤,参苓白术散,归脾汤,E,方剂学,单选,
麻子仁丸药物组成中包含,桃仁,杏仁,郁李仁,瓜蒌仁,柏子仁,B,方剂学,单选,
大柴胡汤的主治病证是(1),风热壅盛，表里俱实,外感表邪，化热入里,少阳病,少阳阳明合病,阳明腑实证,D,方剂学,单选,
大承气汤用治热厥，体现的治法是(),通因通用,寒因寒用,热因热用,塞因塞用,以泻代清,B,方剂学,单选,
外感风寒湿邪，内有蕴热证，治宜选用(),藿香正气散,葛根芩连汤,九味羌活汤,羌活胜湿汤,败毒散,C,方剂学,单选,
三仁汤中有“宣上、畅中、渗下”作用的药物是,杏仁、白蔻仁、桃仁,杏仁、桃仁、瓜蒌仁,杏仁、郁李仁、薏苡仁,杏仁、薏苡仁、桃仁,杏仁、白蔻仁、薏苡仁,E,方剂学,单选,
产后三日，不慎受寒，次日恶露停止，小腹冷痛，治宜选用（1分),少腹逐瘀汤,四物汤,失笑散,生化汤,温经汤,D,方剂学,单选,
肾气丸的主治病证是(),脾肾阳虚证,肾阳气不足证,肾阴精不足证,肝肾阴虚证,肺肾阴虚证,B,方剂学,单选,
蒿芩清胆汤组成中含有的药物是(),半夏、生姜,半夏、枳壳,半夏、厚朴,白茯苓、甘草,生姜、大枣,B,方剂学,单选,
清暑益气汤的组成中包含(),生地、当归,沙参、麦冬,沙参、玉竹,石斛、沙参,石斛、麦冬,E,方剂学,单选,
具有疏风止痛功用的方剂是,九味羌活汤,半夏白术天麻汤,银翘散,川芎茶调散,天麻钩藤饮,D,方剂学,单选,
四君子汤证的病机是,脾肾阳虚，水湿内停,脾胃阳虚，湿自内生,脾胃虚弱，食积内停,脾胃虚弱，中气下陷,脾胃气虚，纳谷与运化乏力,E,方剂学,单选,
肾气丸的药物组成中包含(),桂枝、附子,附子、干姜,附子、生姜,肉桂、干姜,肉桂、生姜,A,方剂学,单选,
由石膏、知母、粳米、甘草组成的方剂是(),白虎汤,黄连解毒汤,清营汤,犀角地黄汤,银翘散,A,方剂学,单选,
外感风寒，内伤湿滞证，治宜选用,藿香正气散,葛根芩连汤,九味羌活汤,羌活胜湿汤,败毒散,A,方剂学,单选,
真武汤具有的功用是(),温阳健脾，行气利水,益气祛风，健脾利水,温阳化饮，健脾利湿,温阳利水,利水渗湿，温阳化气,D,方剂学,单选,
小青龙汤主治证的病机是(),外感风寒湿邪，兼有里热,外寒内饮,外感风寒表实,风邪犯肺,外感风寒表虚,B,方剂学,单选,
具有清热燥湿，调气和血功用的方剂是(),葛根芩连汤,白头翁汤,芍药汤,理中丸,参苓白术散,C,方剂学,单选,
治疗脾阳不足，冷积内停之便秘，首选的方剂是(),麻子仁丸,十枣汤,温脾汤,济川煎,黄龙汤,C,方剂学,单选,
补阳还五汤具有的功用是,活血祛瘀，行气止痛,补气活血通络,活血化瘀，行气通络,养血活血通络,活血祛瘀，疏肝通络,B,方剂学,单选,
桂枝汤具有的功用是(),发汗解表，宣肺平喘,解肌发表，调和营卫,发汗祛湿，兼清里热,解表散寒，温肺止咳,解表化湿，理气和中,B,方剂学,单选,
具有滋阴息风功用的方剂是,羚角钩藤汤,镇肝熄风汤,大定风珠,天麻钩藤饮,安宫牛黄丸,C,方剂学,单选,
由石膏、知母、粳米、甘草组成的方剂是,白虎汤,黄连解毒汤,清营汤,犀角地黄汤,银翘散,A,方剂学,单选,
体现“透热转气”法的代表方剂是(),白虎汤,黄连解毒汤,清营汤,犀角地黄汤,银翘散,C,方剂学,单选,
理中丸药物组成中不包括,人参,干姜,白术·,甘草,生姜,E,方剂学,单选,
《温病条辨》称之为“辛凉轻剂”的方剂是(),桑菊饮,桂枝汤,九味羌活汤,麻杏石甘汤,银短散,A,方剂学,单选,
蒿芩清胆汤组成中含有的药物是,半夏、生姜,半夏、枳壳,半夏、厚朴,白茯苓、甘草,生姜、大枣,B,方剂学,单选,
保和丸中清热散结的药物是(),黄芩,黄连,连翘,栀子,黄柏,C,方剂学,单选,
热入营分证，治宜选用,白虎汤,黄连解毒汤,清营汤,犀角地黄汤,银翘散,C,方剂学,单选,
苏子降气汤主治证的病机是,外感风寒，水饮内停,外感风寒，痰热蕴肺,痰热蕴肺，肺气上逆,湿痰犯肺，肺气上逆,痰涎壅肺，肾阳不足,E,方剂学,单选,
温脾汤组成中含有的药物是(),生姜、附子,生姜、人参,干姜、大黄,干姜、大枣,生姜、大枣,C,方剂学,单选,
下列各项，不属于逍遥散证临床表现的是(),胸中刺痛,两胁作痛,头痛目眩,神疲食少,月经不调,A,方剂学,单选,
主治营血虚滞证的方剂是,当归补血汤,归脾汤·,四物汤,四君子汤,六味地黄丸,C,方剂学,单选,
旋覆代赭汤的主治证病机是,胃气虚弱，痰浊内阻,脾虚气滞，寒热互结,脾胃虚寒，胃失和降,胃虚气逆，痰热互结,脾胃虚弱，湿热中阻,A,方剂学,单选,
生脉散的药物组成是(),人参、白术、甘草,人参、麦门冬、五味子,五味子、麦门冬、甘草,知母、人参、杏仁,知母、人参、五味子,B,方剂学,单选,
具有“疏风清热，宣肺止咳”功用的方剂是(),桑菊饮,桂枝汤,九味羌活汤,麻黄汤,银翘散,A,方剂学,单选,
脾阳不足的便血（先便后血），治宜选(),归脾汤,理中丸,四物汤,当归补血汤,黄土汤,E,方剂学,单选,
治心下痞硬，嗳气不除，舌质淡，苔白滑，脉弦而虚，宜用,旋覆代赭汤,越鞠丸,半夏厚朴汤,定喘汤,苏子降气汤,A,方剂学,单选,
大承气汤具有的功用是,峻下热结,泻下逐水,温下积滞,润肠通便,缓下热结,A,方剂学,单选,
下列属于龙胆泻肝汤主治病证的是,肝胆实之上炎证,肝火犯胃证,肝郁气滞证,肝火犯肺证,肝脾郁滞证,A,方剂学,单选,
具有清泻肺热，止咳平喘功用的方剂是(),清骨散,苇茎汤,麻黄汤,定喘汤,泻白散,E,方剂学,单选,
具有益气健脾，渗湿止泻功用的方剂是,四君子汤·,参苓白术散,补中益气汤,玉屏风散,生脉散,B,方剂学,单选,
活血祛瘀剂补阳还五汤的君药是,桃仁,红花,当归,川芎,黄芪标准,E,方剂学,单选,
外感热病，热入血分证，治宜选用(),白虎汤,黄连解毒汤,清营汤,犀角地黄汤,银翘散,D,方剂学,单选,
大承气汤的辨证要点是,痞、满、实,痞、满,满、燥、实,痞、满、燥、实,燥、实,D,方剂学,单选,
患者见大便下血，先便后血，血色暗淡，伴有四肢不温，面色萎黄，舌淡苔白，脉沉细无力，治疗的最佳方剂是,导未散·,黄土汤,龙胆泻肝汤,十灰散,小蓟饮子,B,方剂学,单选,
川芎茶调散中，善治少阳、太阳、阳明经头痛的药是(),川芎、羌活、白芷,川芎、荆芥、防风,川芎、细辛、白芷,川芎、羌活、薄荷,川芎、防风、薄荷,A,方剂学,单选,
具有清泻肺热，止咳平喘功用的方剂是,清骨散,苇茎汤,麻黄汤,定喘汤,泻白散,E,方剂学,单选,
四神丸的药物组成中包含（1分),肉豆蔻、山茱萸,肉豆蔻、赤石脂,肉豆蔻、补骨脂,五味子、山茱萸,五味子、赤石脂,C,方剂学,单选,
清胃散的主治病证是,肝火犯胃证,胃热阴虚证,心经火热证,胃火上攻证,肝胆实火证,D,方剂学,单选,
归脾汤药物组成中含有的安神药是,酸枣仁,夜交藤,合欢皮,龙骨,柏子仁,A,方剂学,单选,
四逆汤的药物组成是,生附子、干姜、炙甘草·,吴茱萸、干姜、炙甘草,当归、干姜、炙甘草,生附子、干姜、芍药、炙甘草,生附子、生姜、炙甘草,A,方剂学,单选,
主治营血虚滞证的方剂是(),当归补血汤,归脾汤,四物汤,四君子汤,六味地黄丸,C,方剂学,单选,
生化汤证的病机是(),寒凝血瘀，留阻胞宫,子宫虚冷，经脉不调,冲任虚寒，瘀血阻滞,产后血虚，寒凝血瘀,产后气滞，瘀血阻滞,D,方剂学,单选,
清暑益气汤具有的功用是(),清暑益气，除湿健脾,祛暑解表，清热化显,清暑益气，养阴生津,清暑益气，和胃止呕,清暑利湿，和胃止呕,C,方剂学,单选,
大柴胡汤的主治病证是(),风热壅盛，表里俱实,外感表邪，化热入里,少阳病,少阳阳明合病,阳明腑实证,D,方剂学,单选,
葛根芩连汤的主治病证是,风热壅盛，表里俱实,表证未解，邪热入里证,少阳病,少阳阳明合病,阳明腑实证,B,方剂学,单选,
真武汤具有的功用是,温阳健脾，行气利水,益气祛风，健脾利水,温阳化饮，健脾利湿,温阳利水,利水渗湿，温阳化气,D,方剂学,单选,
患者头目眩晕，目胀耳鸣，脑部胀痛，心中烦热，面红如醉，舌红脉弦长有力。治疗应首选的方剂是,羚角钩藤汤,半夏白术天麻汤,银翘散,川芎茶调散,镇肝熄风汤,E,方剂学,单选,
立法体现行血则便脓自愈，调气则后重自除”的方剂是,葛根芩连汤,芍药汤,乌梅丸,四神丸,真人养脏汤,B,方剂学,单选,
理中丸的主治病证中不包括(),脾胃虚寒证,阳虚失血证,中阳不足，阴寒上乘之胸痹,中阳虚损，土不荣木之小儿慢惊,肝寒犯胃证,E,方剂学,单选,
四逆汤具有的功用是(),益气温阳,益气固表,回阳救逆,通阳破阴,散寒通脉,C,方剂学,单选,
玉屏风散的主治病证是,营卫失调，恶寒自汗,表虚自汗，易感风邪,阴虚火旺，汗液外泄,暑热耗气，短气自汗,湿热内盛，自汗盗汗,B,方剂学,单选,
《温病条辨》称之为“辛凉平剂的方剂是,桑菊饮,桂枝汤,九味羌活汤,麻杏石甘汤,银翘散,E,方剂学,单选,
苏子降气汤主治证的病机是(),外感风寒，水饮内停,外感风寒，痰热蕴肺,痰热蕴肺，肺气上逆,湿痰犯肺，肺气上逆,痰涎壅肺，肾阳不足,E,方剂学,单选,
归脾汤组成中含有的行气药是(),陈皮,砂仁,枳实,木香,厚朴,D,方剂学,单选,
主治脾胃虚寒证的方剂是(),四逆汤,小建中汤,大建中汤,理中丸,吴茱萸汤,D,方剂学,单选,
表虚自汗证，治宜选用(),四君子汤,青蒿鳖甲汤,小柴胡汤,"清骨散
参考答案：E
269.具有益气健脾，渗湿止泻功用的方剂是()
A、四君子汤
B、参苓白术散
C、补中益气汤
D、玉屏风散",生脉散,B,方剂学,单选,
大柴胡汤具有的功用是(),透邪解郁，疏肝理脾,和解少阳，内泄热结,和解少阳,疏肝理气，活血止痛,解肌发汗，调和营卫,B,方剂学,单选,
和解剂原为治疗伤寒何经病证而设,足厥阴肝经,足少阳胆经,足太阳膀胱经,足阳明胃经,足太阴脾经,B,方剂学,单选,
大柴胡汤具有的功用是,透邪解郁，疏肝理脾,和解少阳，内泄热结,和解少阳,疏肝理气，活血止痛,解肌发汗，调和营卫,B,方剂学,单选,
具有“辛凉透表，清热解毒”功用的方剂是(),桑菊饮,桂枝汤,九味羌活汤,麻杏石甘汤,银翘散,E,方剂学,单选,
由桃仁、红花、当归、生地黄、川芎、赤芍药、牛膝、桔梗、柴胡、枳壳、甘草组成中方剂是(),复原活血汤,生化汤,血府逐瘀汤,补阳还五汤,膈下逐瘀汤,C,方剂学,单选,
龙胆泻肝汤中清利湿热的药物是,泽泻、木通、车前子,泽泻、车前子、茯苓,茯苓、车前子、木通,木通、泽泻、茯苓,猪苓、泽泻、木通,A,方剂学,单选,
六味地黄丸中具有“三泻”作用的药物是,茯苓、山茱萸、牡丹皮,茯苓、山药、泽泻,泽泻、山药、牡丹皮,茯苓、泽泻、牡丹皮,熟地黄、山茱萸、山药,D,方剂学,单选,
具有清热生津功用的方剂是(),白虎汤,黄连解毒汤,清营汤,犀角地黄汤,银翘散,A,方剂学,单选,
治痰剂中常配伍的药物是,清热药,平肝药,温里药,理气药,泻下药,D,方剂学,单选,
清胃散中具有清热解毒作用，又寓“火郁发之”之意的药物是,黄连,丹皮,升麻,当归,生地,C,方剂学,单选,
六味地黄丸中具有“三补”作用的药物是,熟地黄、山茱萸、牡丹皮,熟地黄、山药、泽泻,山茱萸、山药、牡丹皮,茯苓、泽泻、牡丹皮,熟地黄、山茱萸、山药,E,方剂学,单选,
小蓟饮子的君药是(),小蓟,木通,蒲黄,滑石,藕节,A,方剂学,单选,
桃核承气汤主治证的病机是,下焦蓄水,下焦湿热,下焦实热,下焦热结,下焦蓄血,E,方剂学,单选,
具有清热燥湿，调气和血功用的方剂是,葛根芩连汤,白头翁汤,芍药汤,理中丸,参苓白术,C,方剂学,单选,
患者四肢厥逆，恶寒踡卧，吐利腹痛，下利清谷，神疲欲寐，口不渴，脉沉微细。治疗宜首选,四逆散,参附汤,当归四逆汤·,四逆汤,理中丸,D,方剂学,单选,
在服法中要求“香气大出，即取服，勿过煮”的方齐(),桑菊饮,桂枝汤,九味羌活汤,麻黄汤,银翘散,E,方剂学,单选,
大承气汤的辨证要点是(),痞、满、实,痞、满,满、燥、实,痞、满、燥、实,燥、实,D,方剂学,单选,
主治湿热痢疾的代表方剂是,葛根芩连汤,芍药汤,白头翁汤,理中丸,参苓白术散,B,方剂学,单选,
归脾汤药物组成中含有的安神药是(),酸枣仁,夜交藤,合欢皮,龙骨,柏子仁,A,方剂学,单选,
以心悸失眠，体倦食少，崩漏，舌淡，脉细弱为证要点的方剂是(),四物汤,炙甘草汤,补中益气汤,参苓白术散,归脾汤,E,方剂学,单选,
下列属于龙胆泻肝汤主治病证的是(),肝胆实之上炎证,肝火犯胃证,肝郁气滞证,肝火犯肺证,肝脾郁滞证,A,方剂学,单选,
下列各项，不属于祛湿剂范畴的是,燥湿和胃,清热祛湿,祛风胜湿,燥湿化痰,利水渗湿,D,方剂学,单选,
大承气汤用治热结旁流，体现的治法是(),通因通用,寒因寒用,热因热用,塞因塞用,以泻代清,A,方剂学,单选,
主治中暑受热，气津两伤证的方剂是(),藿香正气散,六一散,清暑益气汤,香薷散,蒿芩清胆汤,C,方剂学,单选,
体现“透热转气”法的代表方剂是,白虎汤,黄连解毒汤,清营汤,犀角地黄汤,银翘散,C,方剂学,单选,
旋覆代赭汤具有的功用是,益气健脾，和胃降逆,温中祛寒，降气止呕,行气消痞，化痰止呕,益气和胃，散结消痞,降逆化痰，益气和胃,E,方剂学,单选,
四物汤与补中益气汤组成中共有的药物是(),熟地,芍药,当归,川芎,生地,C,方剂学,单选,
理中丸与四君子汤组成中相同的药物是,白术、干姜、人参,甘草、人参、干姜,甘草、人参、白术,人参、茯苓、甘草,人参、茯苓、白术,C,方剂学,单选,
表虚自汗证，治宜选用,四君子汤,青蒿鳖甲汤,小柴胡汤,清骨散,玉屏风散,E,方剂学,单选,
小柴胡汤证的发热特征是,身热夜甚,入暮潮热,往来寒热,日晡潮热,夜热早凉,C,方剂学,单选,
四逆汤的药物组成是(),生附子、干姜、炙甘草,吴茱萸、干姜、炙甘草,当归、干姜、炙甘草,生附子、干姜、芍药、炙甘草,生附子、生姜、炙甘草,A,方剂学,单选,
心脾气血两虚证，治宜选用(1分,四物汤,炙甘草汤,补中益气汤·,参苓白术散,归脾汤,E,方剂学,单选,
羚角钩藤汤的主治病证是,肝热生风证,阴虚生风证,血虚生风证,类中风,血燥生风证,A,方剂学,单选,
立法体现“行血则便脓自愈，调气则后重自除”的是(),葛根芩连汤,芍药汤,乌梅丸,四神丸,真人养脏汤,B,方剂学,单选,
四逆汤所治厥逆的发病机理是(),阳气内郁不达四末,肝郁气滞,痰阻阳郁,肾阳衰微，阴阳之气不相顺接,血虚寒凝，阳气不得温煦四末,D,方剂学,单选,
清暑益气汤具有的功用是,清暑益气，除湿健脾,祛暑解表，清热化显,清暑益气，养阴生津,清暑益气，和胃止呕,清暑利湿，和胃止呕,C,方剂学,单选,
参苓白术散的主治病证是,脾虚湿盛证,脾胃气虚证,气虚下陷证,气虚发热证,脾胃两虚证,A,方剂学,单选,
症见腰膝酸软，头晕目眩，视物昏花，耳鸣耳聋，盗汗，消渴，手足心热，舌红少苔，脉沉细数，宜首选,四君子汤,补中益气汤,六味地黄丸,归脾汤,四物汤,C,方剂学,单选,
小建中汤具有的功用是(),温中补虚，调和营卫,温中补虚，降逆止痛,温中补虚，理气和胃,温中补虚，降逆止呕,温中补虚，和里缓急,E,方剂学,单选,
藿香正气散中具有表里同治作用的药物,藿香,半夏,桔梗,茯苓,白术,A,方剂学,单选,
和解少阳的代表方剂是(),大柴胡汤,四逆散,痛泻要方,小柴胡汤,逍遥散,D,方剂学,单选,
活血祛瘀剂补阳还五汤的君药是(),桃仁,红花,当归,川芎,黄芪,E,方剂学,单选,
治痰剂中常配伍的药物是(),清热药,平肝药,温里药,理气药,泻下药,D,方剂学,单选,
麻黄汤主治证的病机是(),外感风寒湿邪，兼有里热,外寒内饮,外感风寒表实,风邪犯肺,外感风寒表虚,C,方剂学,单选,
四逆汤所治厥逆的发病机理是,阳气内郁不达四末,肝郁气滞,痰阻阳郁,肾阳衰微，阴阳之气不相顺接,血虚寒凝，阳气不得温煦四末,D,方剂学,单选,
外感热病，热入血分证，治宜选用,白虎汤,黄连解毒汤,清营汤,犀角地黄汤,银翘散,D,方剂学,单选,
四君子汤的主治病证是,脾胃虚寒证,湿邪困脾证,脾阳不足证,脾胃气虚证,脾虚泄泻证,D,方剂学,单选,
具有燥湿运脾，行气和胃功用的方剂是,藿香正气散,二陈汤,三仁汤,平胃散,半夏白术天麻汤,D,方剂学,单选,
活血祛瘀属于“八法”中的,温法,清法,消法,下法,和法,C,方剂学,单选,
黄土汤具有的功用是(),温阳健脾，养血止血,温补脾胃，温经止血,温阳健脾，补气摄血,益气健脾，养血止血,补血养血，收敛止血,A,方剂学,单选,
玉屏风散的主治病证是(),营卫失调，恶寒自汗,表虚自汗，易感风邪,阴虚火旺，汗液外泄,暑热耗气，短气自汗,湿热内盛，自汗盗汗,B,方剂学,单选,
患者四肢厥逆，恶寒踡卧，吐利腹痛，下利清谷，神疲欲寐，口不渴，脉沉微细。治疗宜首选(),四逆散,参附汤,当归四逆汤,四逆汤,理中丸,D,方剂学,单选,
六味地黄丸具有的功用是,养心安神,滋阴补肾,健脾和胃,滋阴疏肝,滋阴降火,B,方剂学,单选,
归脾汤组成中含有的行气药是,陈皮,砂仁,枳实,木香,厚朴,D,方剂学,单选,
清胃散中具有清热解毒作用，又寓“火郁发之”之意(),黄连,丹皮,升麻,当归,生地,C,方剂学,单选,
小建中汤的组成中不包含,饴糖,桂枝,吴茱萸,生姜,芍药,C,方剂学,单选,
由木通、生地、竹叶、生甘草梢组成的方剂是,清胃散,导赤散,泻白散,定喘汤,玉女煎,B,方剂学,单选,
生化汤证的病机是（1分）,寒凝血瘀，留阻胞宫,子宫虚冷，经脉不调,冲任虚寒，瘀血阻滞,产后血虚，寒凝血瘀,产后气滞，瘀血阻滞,D,方剂学,单选,
由犀角、生地、芍药、丹皮组成的方剂是,白虎汤,黄连解毒汤,清营汤,犀角地黄汤,银翘散,D,方剂学,单选,
三仁汤中有“宣上、畅中、渗下”作用的药物是(),杏仁、白蔻仁、桃仁,杏仁、桃仁、瓜夔仁,杏仁、郁李仁、薏苡仁,杏仁、薏苡仁、桃仁,杏仁、白蔻仁、慧苡仁,E,方剂学,单选,
川芎茶调散中，善治少阳、太阳、阳明经头痛的药物是,川芎、羌活、白芷,川芎、荆芥、防风,川芎、细辛、白芷,川芎、羌活、薄荷,川芎、防风、薄荷C,A,方剂学,单选,
葛根黄芩黄连汤具有的功用是,清热解毒,解表清里,解表攻里,解表温里,辛凉解表,B,方剂学,单选,
理中丸药物组成中不包括(),人参,干姜,白术,甘草,生姜,E,方剂学,单选,
肺热咳喘证，治宜选用(),麻黄汤,桂枝汤,九味羌活汤,麻杏石甘汤,败毒散,D,方剂学,单选,
葛根黄芩黄连汤具有的功用是(),清热解毒,解表清里,解表攻里,解表温里,辛凉解表,A,方剂学,单选,
茵陈蒿汤主治证的病机是(),湿热外感,湿热流注,寒湿困脾,湿热郁蒸,湿浊内阻,C,方剂学,单选,
由桑白皮、地骨皮、甘草、粳米组成的方剂是,清胃散,导赤散,泻白散,定喘汤,玉女煎,B,方剂学,单选,
保和丸中清热散结的药物是,黄芩,黄连,连翘,栀子,黄柏,B,方剂学,单选,
补气升阳的代表方剂是(),生脉散,补中益气汤,参苓白术散,玉屏风散,四君子汤,B,方剂学,单选,
下列各项，不属于祛湿剂范畴的是(),燥湿和胃,清热祛湿,祛风胜湿,燥湿化痰,利水渗湿,D,方剂学,单选,
大承气汤具有的功用是(),峻下热结,泻下逐水,温下积滞,润肠通便,缓下热结,A,方剂学,单选,
桃核承气汤主治证的病机是(),下焦蓄水,下焦湿热,下焦实热,下焦热结,下焦蓄血,E,方剂学,单选,
羚角钩藤汤的主治病证是(),肝热生风证,阴虚生风证,血虚生风证,类中风,血燥生风证,A,方剂学,单选,
患者半身不遂一年余，口眼歪斜，言语不利，周身乏力，小便失禁，舌淡，苔白，脉虚缓，治宜首选(),补阳还五汤,大秦艽汤,大定风珠,镇肝熄风汤,地黄饮子,A,方剂学,单选,
九味羌活汤组成中不包括下列哪味药物(),防风,细辛,葛根,生地,黄芩,C,方剂学,单选,
主治脾约证（肠胃燥热之便秘证）的方剂是(),黄龙汤,济川煎,五仁丸,麻子仁丸,增液承气汤,D,方剂学,单选,
小青龙汤的药物组成应除外,麻黄、桂枝,干姜、细辛,芍药、五味子,半夏、甘草,生姜、细辛,E,方剂学,单选,
具有补血和血功用的方剂是,当归补血汤,归脾汤,四物汤,四君子汤,六味地黄丸,C,方剂学,单选,
平胃散与藿香正气散共有的药物是（),苍术、白术、甘草,厚朴、陈皮、藿香,白术、茯苓、甘草,陈皮、厚朴、甘草,苍术、厚朴、甘草,D,方剂学,单选,
由犀角、生地、芍药、丹皮组成的方剂是(),白虎汤,黄连解毒汤,清营汤,犀角地黄汤,银翘散,D,方剂学,单选,
小建中汤的主治病证是,肝寒犯胃证,虚劳里急证,阳衰寒厥证,血虚寒厥证,阳郁厥逆证,B,方剂学,单选,
小建中汤具有的功用是,温中补虚，调和营卫,温中补虚，降逆止痛,温中补虚，理气和胃,温中补虚，降逆止呕,温中补虚，和里缓急,E,方剂学,单选,
具有滋阴息风功用的方剂是(),羚角钩藤汤,镇肝熄风汤,大定风珠,天麻钩藤饮,安宫牛黄丸,C,方剂学,单选,
小建中汤的主治病证是(),肝寒犯胃证,虚劳里急证,阳衰寒厥证,血虚寒厥证,阳郁厥逆证,B,方剂学,单选,
参苓白术散的组成中包含(),人参、麦芽,白术、神曲,茯苓、山药,茯苓、半夏,人参、黄芪,C,方剂学,单选,
芍药汤的药物组成中包含(),木香,陈皮,枳实,厚朴,桔梗,A,方剂学,单选,
芍药汤的药物组成中包含,木香,陈皮,枳实,厚朴,桔梗,A,方剂学,单选,
在服法中要求“香气大出，即取服，勿过煮”的方剂是,桑菊饮,桂枝汤,九味羌活汤,麻黄汤,银翘散,E,方剂学,单选,
外寒内饮证，治宜选用,麻黄汤,桂枝汤,九味羌活汤,小青龙汤,败毒散,D,方剂学,单选,
大承气汤用治热结旁流，体现的治法是,通因通用,寒因寒用,热因热用,塞因塞用,以泻代清,A,方剂学,单选,
具有“疏风清热，宣肺止咳”功用的方剂是,桑菊饮,桂枝汤,九味羌活汤,麻黄汤,银翘散,A,方剂学,单选,
肾气丸主治病证不包括,痰饮,消渴,水肿,脚气,湿热,E,方剂学,单选,
逐瘀过猛，容易伤正，故活血祛瘀剂中常配伍,活血化瘀药,行气药单选装,养血扶正药,补阳药,止血药,C,方剂学,单选,
龙胆泻肝汤具有的功用是(),温肝暖胃,清泻胃火,清泻心火,清胆利湿，和胃化痰,清泻肝胆实火,E,方剂学,单选,
肺热咳喘证，治宜选用,麻黄汤,桂枝汤,九味羌活汤,麻杏石甘汤,败毒散,D,方剂学,单选,
青蒿鳖甲汤中体现“先入后出”配伍的药物是(),青蒿、生地,青蒿、知母,青蒿、丹皮,青蒿、鳖甲,知母、丹皮,D,方剂学,单选,
《温病条辨》称之为“辛凉平剂”的方剂是(),桑菊饮,桂枝汤,九味羌活汤,麻杏石甘汤,银翘散,E,方剂学,单选,
麻黄汤组成中不包括下列哪味药物(),麻黄,桂枝,甘草,杏仁,生姜,E,方剂学,单选,
具有温中祛寒，补气健脾功用的方剂是(),小建中汤,吴茱萸汤,四逆汤,理中丸,当归四逆汤,D,方剂学,单选,
葛根芩连汤的主治病证是(),风热皇应，表里俱实,表证未解，邪热入里证,少阳病,少阳阳明合病,阳明朋实证,B,方剂学,单选,
由木通、生地、竹叶、生甘草梢组成的方剂是(),清胃散,导赤散,泻白散,定喘汤,玉女煎,B,方剂学,单选,
白头翁汤具有的功用是(),清热燥湿，调和气血,清热解毒，凉血止痢,清热止痢、和中止痛,清热燥湿，行气化滞,清热凉血，疏风行气,B,方剂学,单选,
九味羌活汤具有的功用是(),发汗解表，宣肺平喘,解肌发表，调和营卫,发汗祛湿，兼清里热,解表散寒，温肺止咳,解表化湿，理气和中,C,方剂学,单选,
四物汤与补中益气汤组成中共有的药物是,熟地,芍药,当归,川芎,生地,C,方剂学,单选,
四君子汤证的病机是(),脾肾阳虚，水湿内停,脾胃阳虚，湿自内生,脾胃虚弱，食积内停,脾胃虚弱，中气下陷,脾胃气虚，纳谷与运化乏力,E,方剂学,单选,
理中丸与四君子汤组成中相同的药物是(),白术、干姜、人参,甘草、人参、干姜,甘草、人参、白术,人参、茯苓、甘草,人参、茯苓、白术,C,方剂学,单选,
以腰痛脚软，身半以下常有冷感，少腹拘急，小便不利，脉虚弱，尺脉沉迟为证治要点方剂是,肾气丸,六味地黄丸,补中益气汤,归脾汤,炙甘草汤,A,方剂学,单选,
肾气丸主治病证不包括(),痰饮,消渴,水肿,脚气,湿热,E,方剂学,单选,
患者头目眩晕，目胀耳鸣，脑部胀痛，心中烦热，红如醉，舌红脉弦长有力。治疗应首选的方剂是(),羚角钩藤汤,半夏白术天麻汤,银翘散,川芎茶调散,镇肝熄风汤,E,方剂学,单选,
参苓白术散在何方的基础上加砂仁、山药、莲子、扁豆、薏苡仁、桔梗而成(),四君子汤,玉屏风散,补中益气汤,生脉散,理中丸,A,方剂学,单选,
白虎汤主治证临床表现不包括,身大热,大汗出,脉洪大重按有力,口渴喜冷饮,口渴喜热饮,E,方剂学,单选,
主治脾约证(肠胃燥热之便秘证)的方剂是,黄龙汤,济川煎,五仁丸,麻子仁丸,增液承气汤,D,方剂学,单选,
六味地黄丸中具有“三补”作用的药物是(),熟地黄、山茱萸、牡丹皮,熟地黄、山药、泽泻,山茱萸、山药、牡丹皮,茯苓、泽泻、牡丹皮,熟地黄、山茱萸、山药,E,方剂学,单选,
配伍中寓有“辛开苦降”之意的方剂是(),桂枝汤,芍药汤,半夏泻心汤,泻白散,蒿芩清胆汤,C,方剂学,单选,
下列各项，不属于逍遥散证临床表现的是,胸中刺痛,两胁作痛,头痛目眩,神疲食少,月经不调,A,方剂学,单选,
茵陈蒿汤主治证的病机是,湿热外感,湿热流注,寒湿困脾,湿热郁蒸,湿浊内阻,D,方剂学,单选,
羚角钩藤汤的药物组成包含(),生地、白芍,生地、当归,白芍、当归,熟地、白芍,熟地、当归,A,方剂学,单选,
白头翁汤具有的功用是,清热燥湿，调和气血,清热解毒，凉血止痢,清热止痢，和中止痛,清热燥湿，行气化滞,清热凉血，疏风行气,B,方剂学,单选,
四物汤与龙胆泻肝汤中共有的药物是(),当归,熟地,生地,白芍,川芎,A,方剂学,单选,
生脉散的药物组成是,人参、白术、甘草,人参、麦门冬、五味子,五味子、麦门冬、甘草,知母、人参、杏仁,知母、人参、五味子,B,方剂学,单选,
具有行气散结，降逆化痰功用的方剂是(),清气化痰丸,半夏厚朴汤,二陈汤,越鞠丸,半夏泻心汤,B,方剂学,单选,
小青龙汤具有的功用是(),发汗解表，宣肺平喘,益气解表，散寒除湿,发汗祛湿，兼清里热,解表散寒，温肺化饮,解肌发表，调和营卫,D,方剂学,单选,
麻黄汤主治证的病机是,外感风寒湿邪，兼有里热,外寒内饮,外感风寒表实,风邪犯肺,外感风寒表虚,C,方剂学,单选,
患者见大便下血，先便后血，血色暗淡，伴有四肢不温，面色萎黄，舌淡苔白，脉沉细无力，治疗的最佳方剂是(),导赤散,黄土汤,龙胆泻肝汤,十灰散,小蓟饮子,B,方剂学,单选,
血府逐瘀汤善于治疗,头部瘀血证,膈下瘀血证,胸中瘀血证,少腹瘀血证,两胁瘀血证,C,方剂学,单选,
具有温肾暖脾，固肠止泻功用的方剂是,芍药汤,四神丸,真人养脏汤,白头翁汤,葛根芩连汤,B,方剂学,单选,
四君子汤的主治病证是(),脾胃虚寒证,湿邪困脾证,脾阳不足证,脾胃气虚证,脾虚泄泻证,D,方剂学,单选,
六味地黄丸具有的功用是(),养心安神,滋阴补肾,健脾和胃,滋阴疏肝,滋阴降火,B,方剂学,单选,
下列各项，不属于独活寄生汤功用的是,祛风湿,益心脾,益肝肾,补气血,止痹痛,B,方剂学,单选,
青蒿鳖甲汤中体现“先入后出”配伍的药物是,青蒿、生地,青蒿、知母,青蒿、丹皮,青蒿、鳖甲,知母、丹皮,D,方剂学,单选,
理中丸的主治病证中不包括,脾胃虚寒证,阳虚失血证,中阳不足，阴寒上乘之胸痹,中阳虚损，土不荣木之小儿慢惊,肝寒犯胃证,E,方剂学,单选,
参苓白术散的主治病证是(),脾虚湿盛证,脾胃气虚证,气虚下陷证,气虚发热证,脾胃两虚证,A,方剂学,单选,
九味羌活汤组成中不包括下列哪味药物,防风,细辛,葛根,生地,黄芩,C,方剂学,单选,
四物汤与龙胆泻肝汤中共有的药物是,当归,熟地,生地,白芍,川芎,A,方剂学,单选,
心脾气血两虚证，治宜选用(),四物汤,炙甘草汤,补中益气汤,参苓白术散,归脾汤,E,方剂学,单选,
小建中汤的组成中不包含(),饴糖,桂枝,吴茱萸,生姜,芍药,C,方剂学,单选,
大承气汤用治热厥，体现的治法是,通因通用,寒因寒用,热因热用,塞因塞用,以泻代清,B,方剂学,单选,
脾阳不足的便血（先便后血），治宜选,归脾汤,理中丸,四物汤,当归补血汤,黄土汤,E,方剂学,单选,
具有益气生津，敛阴止汗功用的方剂是(),生脉散,补中益气汤,参苓白术散,玉屏风散,四君子汤,A,方剂学,单选,
产后三日，不慎受寒，次日恶露停止，小腹冷痛，宜选用(),少腹逐瘀汤,四物汤,失笑散,生化汤,温经汤,D,方剂学,单选,
治疗脾阳不足，冷积内停之便秘，首选的方剂是,麻子仁丸,十枣汤,温脾汤,济川煎,黄龙汤,C,方剂学,单选,
热入营分证，治宜选用(),白虎汤,黄连解毒汤,清营汤,犀角地黄汤,银翘散,C,方剂学,单选,
旋覆代赭汤的主治证病机是(),胃气虚弱，痰浊内阻,脾虚气滞，寒热互结,脾胃虚寒，胃失和降,胃虚气逆，痰热互结,脾胃虚弱，湿热中阻,A,方剂学,单选,
龙胆泻肝汤具有的功用是,温肝暖胃,清泻胃火,清泻心火,清胆利湿，和胃化痰,清泻肝胆实火,E,方剂学,单选,
和解少阳的代表方剂是,大柴胡汤,四逆散,痛泻要方,小柴胡汤,逍遥散,D,方剂学,单选,
具有补血和血功用的方剂是(),当归补血汤,归脾汤,四物汤,四君子汤,六味地黄丸,C,方剂学,单选,
主治肝肾阴虚，肝阳偏亢，阳亢化风，气血逆乱之类中风的方剂是,羚角钩藤汤,半夏白术天麻汤,银翱散,川芎茶调散,镇肝熄风汤,E,方剂学,单选,
平胃散与藿香正气散共有的药物是,苍术、白术、甘草,厚朴、陈皮、藿香,白术、茯苓、甘草,陈皮、厚朴、甘草,苍术、厚朴、甘草,D,方剂学,单选,
桂枝汤主治证的病机是,外感风寒湿邪，兼有里热,外寒内饮,外感风寒表实,风邪犯肺,外感风寒表虚,E,方剂学,单选,
具有疏风止痛功用的方剂是(),九味羌活汤,半夏白术天麻汤,银翘散,川芎茶调散,天麻钩藤饮,D,方剂学,单选,
补阳还五汤具有的功用是(),活血祛瘀，行气止痛,补气活血通络,活血化瘀，行气通络,养血活血通络,活血祛瘀，疏肝通络,B,方剂学,单选,
补中益气汤证的病机是,脾胃气虚，中气下陷,脾胃虚弱，饮食停滞,脾胃气虚，湿自内生,"卫气虚弱，不能固表E肺肾虚衰，气逆不降
参考答案：A
18.参苓白术散的组成中包含
A、人参、麦芽
B、白术、神曲
C、茯苓、山药
D、茯苓、半夏",人参、黄芪,C,方剂学,单选,
桂枝汤主治证的病机是(),外感风寒湿邪，兼有里热,外寒内饮,外感风寒表实,风邪犯肺,外感风寒表虚,E,方剂学,单选,
小柴胡汤主治证不包括,伤寒少阳证,妇人中风，热入血室,疟疾见少阳证者,黄疸见少阳证,少阳阳明合病,E,方剂学,单选,
肾气丸的药物组成中包含,桂枝、附子,附子、干姜,附子、生姜,肉桂、干姜,肉桂、生姜,A,方剂学,单选,
治疗脾肾阳虚之五更泻的代表方剂是(),芍药汤,四神丸,真人养脏汤,白头翁汤,葛根芩连汤,B,方剂学,单选,
治疗风痰上扰证的方剂是(),二陈汤,半夏白术天麻汤,镇肝熄风汤,贝母瓜蒌散,温胆汤,B,方剂学,单选,
治疗脾肾阳虚之五更泻的代表方剂是,芍药汤,四神丸,真人养脏汤,白头翁汤,葛根芩连汤,B,方剂学,单选,
具有燥湿运脾，行气和胃功用的方剂是(),藿香正气散,二陈汤,三仁汤,平胃散,半夏白术天麻汤,D,方剂学,单选,
四逆汤具有的功用是,益气温阳,益气固表,回阳救逆,通阳破阴,散寒通脉,C,方剂学,单选,
四君子汤具有的功用是(),益气养阴,益气温阳,益气补肝,益气健脾,益气补血,D,方剂学,单选,
活血祛瘀属于“八法”中的(),温法,清法,消法,下法,和法,C,方剂学,单选,
四神丸的药物组成中包含(),肉豆蔻、山茱萸,肉豆蔻、赤石脂,肉豆蔻、补骨脂,五味子、山茱萸,五味子、赤石脂,C,方剂学,单选,
温脾汤组成中含有的药物是,生姜、附子,生姜、人参,干姜、大黄,千姜、大枣,生姜、大枣,C,方剂学,单选,
症见腰膝酸软，头晕目眩，视物昏花，耳鸣耳聋，汗，消渴，手足心热，舌红少苔，脉沉细数，宜首选分(),四君子汤,补中益气汤,六味地黄丸,归脾汤,四物汤,C,方剂学,单选,
小青龙汤具有的功用是,发汗解表，宣肺平喘,益气解表，散寒除湿,发汗祛湿，兼清里热,解表散寒，温肺化饮,解肌发表，调和营卫,D,方剂学,单选,
由桃仁、红花、当归、生地黄、川芎、赤芍药、膝、桔梗、柴胡、枳壳、甘草组成中方剂是(),复原活血汤,生化汤,血府逐瘀汤,补阳还五汤,膈下逐瘀汤,C,方剂学,单选,
具有逐瘀泻热功用的方剂是(),血府逐瘀汤,补阳还五汤,温经汤,生化汤,桃核承气汤,E,方剂学,单选,
龙胆泻肝汤中多用苦燥渗利伤阴之品，为使祛邪不正，方中配伍使用了(),熟地、当归,生地、麦冬,麦冬、当归,麦冬、熟地,生地、当归,E,方剂学,单选,
《温病条辨》称之为“辛凉轻剂”的方剂是,桑菊饮,桂枝汤,九味羌活汤,麻杏石甘汤,银翘散,A,方剂学,单选,
患者小便频数，尿中带血，赤涩热痛，舌红脉数，治宜选用(),导赤散,小蓟饮子,龙胆泻肝汤,十灰散,黄土汤,B,方剂学,单选,
症见五更泄泻，不思饮食，食不消化，脉沉迟无治宜首选(),芍药汤,四神丸,真人养脏汤,白头翁汤,葛根芩连汤,B,方剂学,单选,
麻黄杏仁甘草石膏汤主治证的病机是(),燥热犯肺,肺热壅盛,疾湿犯肺,肝火犯肺,凉燥犯肺,B,方剂学,单选,
龙胆泻肝汤中多用苦燥渗利伤阴之品，为使祛邪不伤正，方中配伍使用了,熟地、当归,生地、麦冬,麦冬、当归,麦冬、熟地,生地、当归,E,方剂学,单选,
以腰痛脚软，身半以下常有冷感，少腹拘急，小利，脉虚弱，尺脉沉迟为证治要点方剂是(),肾气丸,六味地黄丸,补中益气汤,归脾汤,炙甘草汤,A,方剂学,单选,
患者半身不遂一年余，口眼歪斜，言语不利，周身乏力，小便失禁，舌淡，苔白，脉虚缓，治宜首选,补阳还五汤,大秦艽汤,大定风珠,镇肝熄风汤,地黄饮子,A,方剂学,单选,
主治湿热痢疾的代表方剂是(),葛根芩连汤,芍药汤,白头翁汤,理中丸,参苓白术散,B,方剂学,单选,
温病后期，邪伏阴分，夜热早凉，热退无汗，治宜用(),青蒿鳖甲汤,竹叶石膏汤,清骨散,泻白散,秦艽鳖甲散,A,方剂学,单选,
主治阳明气分热盛证的代表方剂是(),白虎汤,黄连解毒汤,清营汤,犀角地黄汤,银翘散,A,方剂学,单选,
主治中暑受热，气津两伤证的方剂是,藿香正气散,六一散,清暑益气汤,香薷散,蒿芩清胆汤,C,方剂学,单选,
下列方剂中均常配伍行气药，除外(),祛湿剂,活血祛瘀剂,泻下剂,消食剂,清热剂,E,方剂学,单选,
补中益气汤具有的功用是(),补中益气，升阳举陷,益气健脾,益气健脾，渗湿止泻,补中益气，渗湿止泻,补中益气，敛阴止汗,A,方剂学,单选,
导赤散的主治病证是,胃火上攻证,胃热阴虚证,心经火热证,肺有伏火证,肝胆实火证,C,方剂学,单选,
清暑益气汤的组成中包含,生地、当归,沙参、麦冬,沙参、玉竹,石斛、沙参,石斛、麦冬,E,方剂学,单选,
麻黄汤组成中不包括下列哪味药物,麻黄,桂枝,甘草,杏仁,生姜,E,方剂学,单选,
小柴胡汤主治证不包括(),伤寒少阳证,妇人中风，热入血室,疟疾见少阳证者,黄疸见少阳证者,少阳阳明合病,E,方剂学,单选,
麻子仁丸药物组成中包含(),桃仁,杏仁,郁李仁,瓜菱仁,柏子仁,B,方剂学,单选,
血府逐瘀汤善于治疗(),头部瘀血证,膈下瘀血证,胸中瘀血证,少腹瘀血证,两胁瘀血证,C,方剂学,单选,
羚角钩藤汤的药物组成包含,生地、白芍,生地、当归,白芍、当归,熟地、白芍,熟地、当归,A,方剂学,单选,
具有行气散结，降逆化痰功用的方剂是,清气化痰丸,半夏厚朴汤,二陈汤,越鞠丸,半夏泻心汤,B,方剂学,单选,
白虎汤主治证临床表现不包括(),身大热,大汗出,脉洪大重按有力,口渴喜冷饮,口渴喜热饮,E,方剂学,单选,
外感风寒湿邪，内有蕴热证，治宜选用（1分),藿香正气散,葛根芩连汤,九味羌活汤,羌活胜湿汤,败毒散,C,方剂学,单选,
主治脾胃虚寒证的方剂是,四逆汤,小建中汤,大建中汤,理中丸,吴茱萸汤,D,方剂学,单选,
治心下痞硬，嗳气不除，舌质淡，苔白滑，脉弦而虚，宜用(),旋覆代赭汤,越鞠丸,半夏厚朴汤,定喘汤,苏子降气汤,A,方剂学,单选,
温病后期，邪伏阴分，夜热早凉，热退无汗，治宜选用,青蒿鳖甲汤,竹叶石膏汤,清骨散,泻白散,秦艽鳖甲散,A,方剂学,单选,
黄土汤具有的功用是,温阳健脾，养血止血,温补脾胃，温经止血,温阳健脾，补气摄血,益气健脾，养血止血,补血养血，收敛止血,A,方剂学,单选,
下列方剂中均常配伍行气药，除外(),祛湿剂,活血祛瘀剂,泻下剂,消食剂,清热剂,E,方剂学,单选,
具有益气生津，敛阴止汗功用的方剂是,生脉散,补中益气汤,参苓白术散,玉屏风散,四君子汤,A,方剂学,单选,
麻黄杏仁甘草石膏汤主治证的病机是,燥热犯肺,肺热壅盛,痰湿犯肺,肝火犯肺,凉燥犯肺,B,方剂学,单选,
症见五更泄泻，不思饮食，食不消化，脉沉迟无力，治宜首选,芍药汤,四神丸,真人养脏汤,白头翁汤,葛根芩连汤,B,方剂学,单选,
症见脘腹疼痛，喜温喜按，呕吐便溏，脘痞食少，畏寒肢冷，口淡不渴，舌淡苔白，脉沉迟，宜选用B,小建中汤,理中丸,四逆汤,当归四逆汤,四逆散,B,方剂学,单选,
患者小便频数，尿中带血，赤涩热痛，舌红脉数，治宜选用,导赤散,小蓟饮子,龙胆泻肝汤,十灰散,黄土汤,B,方剂学,单选,
清胃散的主治病证是(),肝火犯胃证,胃热阴虚证,心经火热证,胃火上攻证,肝胆实火证,D,方剂学,单选,
龙胆泻肝汤中清利湿热的药物是(),泽泻、木通、车前子,泽泻、车前子、茯苓,茯苓、车前子、木通,木通、泽泻、茯苓,猪苓、泽泻、木通,A,方剂学,单选,
补气升阳的代表方剂是,生脉散,补中益气汤,参苓白术散,玉屏风散,四君子汤,B,方剂学,单选,
小柴胡汤证的发热特征是(),身热夜甚,入暮潮热,往来寒热,日碱潮热,夜热早凉,C,方剂学,单选,
芍药汤与白头翁汤组成中均含有的药物是(),芍药,白头翁,大黄,黄连,黄芩,D,方剂学,单选,
旋覆代赭汤具有的功用是(),益气健脾，和胃降逆,温中祛寒，降气止呕,行气消痞，化痰止呕,益气和胃，散结消痞,降逆化痰，益气和胃,E,方剂学,单选,
用于气虚发热，体现“甘温除热”法的方剂是,生脉散,补中益气汤,参苓白术散,玉屏风散,四君子汤,B,方剂学,单选,
具有养阴透热功用的方剂是(),青蒿鳖甲汤,竹叶石膏汤,清骨散,泻白散,导赤散,A,方剂学,单选,
治疗风痰上扰证的方剂是,二陈汤,半夏白术天麻汤,镇肝熄风汤,贝母瓜蒌散,温胆汤,B,方剂学,单选,
由桑白皮、地骨皮、甘草、粳米组成的方剂是(),清胃散,导赤散,泻白散,定喘汤,玉女煎,C,方剂学,单选,
桂枝汤组成中不含下列哪味药物(),甘草,桂枝,芍药,生姜,麻黄,E,方剂学,单选,
具有温肾暖脾，固肠止泻功用的方剂是(),芍药汤,四神丸,真人养脏汤,白头翁汤,葛根芩连汤,B,方剂学,单选,
赤多白少之热毒痢疾，治宜选用(),芍药汤,葛根芩连汤,白头翁汤,痛泻要方,真人养脏汤,C,方剂学,单选,
用于气虚发热，体现“甘温除热”法的方剂是(),生脉散,补中益气汤,参苓白术散,玉屏风散,四君子汤,B,方剂学,单选,
和解剂原为治疗伤寒何经病证而设(),足厥阴肝经,足少阳胆经,足太阳膀胱经,足阳明胃经,足太阴脾经,B,方剂学,单选,
症见脘腹疼痛，喜温喜按，呕吐便溏，脘痞食少，寒肢冷，口淡不渴，舌淡苔白，脉沉迟，宜选用(),小建中汤,理中丸,四逆汤,"当归四逆汤
参考答案：B
85.补中益气汤证的病机是()
A、脾胃气虚，中气下陷
B、脾胃虚弱，饮食停滞
C、脾胃气虚，湿自内生
D、卫气虚弱，不能固表",肺肾虚衰，气逆不降,B,方剂学,单选,
主治肝肾阴虚，肝阳偏亢，阳亢化风，气血逆乱之类中风的方剂是(),羚角钩藤汤,半夏白术天麻汤,银翘散,川芎茶调散,镇肝熄风汤,E,方剂学,单选,
逐瘀过猛，容易伤止，故活血祛瘀剂中常配伍(),活血化感药,行气药,养血扶正药,补阳药,止血药,C,方剂学,单选,
四君子汤具有的功用是,益气养阴,益气温阳,益气补肝,益气健脾,益气补血,D,方剂学,单选,
外感风寒，内伤湿滞证，治宜选用(),藿香正气散,葛根芩连汤,九味羌活汤,羌活胜湿汤,败毒散,A,方剂学,单选,
补中益气汤具有的功用是,补中益气，升阳举陷,益气健脾,益气健脾，渗湿止泻,补中益气，渗湿止泻,补中益气，敛阴止汗,A,方剂学,单选,
逍遥散的主治病证是,心脾气血两虚证,肝郁血虚脾弱证,脾虚肝旺证,肝郁脾滞证,肝肾阴虚证,B,方剂学,单选,
下列各项，不属于独活寄生汤功用的是(),祛风湿,益心脾,益肝肾,补气血,止痹痛,B,方剂学,单选,
赤多白少之热毒痢疾，治宜选用,芍药汤,葛根芩连汤,白头翁汤,痛泻要方,真人养脏汤,C,方剂学,单选,
导赤散的主治病证是(),胃火上攻证,胃热阴虚证,心经火热证,肺有伏火证,肝胆实火证,C,方剂学,单选,
具有温中祛寒，补气健脾功用的方剂是,小建中汤,吴茱萸汤,四逆汤,理中丸,当归四逆汤,D,方剂学,单选,
四物汤与六味地黄丸中共有的药物是,当归,熟地,生地,白芍,川芎,B,方剂学,单选,
具有清热生津功用的方剂是,白虎汤,黄连解毒汤,清营汤,犀角地黄汤,银翘散,A,方剂学,单选,
具有逐瘀泻热功用的方剂是,血府逐瘀汤,补阳还五汤,温经汤,生化汤,桃核承气汤,E,方剂学,单选,
配伍中寓有“辛开苦降”之意的方剂是,桂枝汤,芍药汤,半夏泻心汤,泻白散,蒿芩清胆汤,C,方剂学,单选,
外寒内饮证，治宜选用(),麻黄汤,桂枝汤,九味羌活汤,小青龙汤,败毒散,D,方剂学,单选,