Question,A,B,C,D,E,answer,,,
　下列哪项属于辨病论治：（    ）,透疹,补肾,安胎,去翳,截疟,D,,诊断学,单选
—个规范的证名通常不包括,病因,病性,病候,病位,病势,C,,诊断学,单选
“八纲”中相互对立的两纲并现，称,证候相兼,证候转化,证候错杂,证候真假,证候并见,C,,诊断学,单选
“大实有羸状”“至虚有盛候”是说明下述哪项,虚实转化,寒热转化,虚实真假,寒热真假,表里进退,C,,诊断学,单选
“哕”是指,嗳气,呕吐,太息,呃逆,,D,,诊断学,单选
“疾病”没有包括的内容是,在一定病因作用下,机体邪正相争,阴阳失调,表现若干特定症状,某一阶段的本质,E,,诊断学,单选
“金破不鸣”的病机是,痰浊闭肺,肺肾阴虚,风寒束肺,风热犯肺,,B,,诊断学,单选
“镜面舌”的主病是：(    ),胃阴耗竭,胃气大伤,胃之气阴大伤,脾胃气虚,肾阴枯竭,C,,诊断学,单选
“湿淫证”最常见的突出表现是,恶寒微有发热,皮肤渗液瘙痒,肢体困重酸痛,脘腹痞胀不舒,苔白润，脉滑,C,,诊断学,单选
“实”证的含义主要是指,体质壮实,正气旺盛,阳邪中人,阴寒内盛,邪气盛实,E,,诊断学,单选
“体征”是指下列选项,微恶风寒,舌红苔黄,脾气亏虚,耳中暴鸣,口苦而干,B,,诊断学,单选
“望色十法”中“抟”是指：(    ),面色沉隐,面色浊暗,面色壅滞,面色浅淡,面色枯槁,C,,诊断学,单选
“卫气营血”辨证是哪位医家创立的,吴鞠通,叶天士,陈平伯,薛生白,吴又可,B,,诊断学,单选
“胃家实”中的“胃家”，其病位是指：（    ）,胃,脾与胃,胃与大肠,大肠,脾胃与大肠,A,,诊断学,单选
“五辨”不包含的项目是,辨症,辨证,辨病,辨人,辨因,E,,诊断学,单选
“心阳虚脱证”没有包含的要素是,病因,病性,病候,病位,病势,C,,诊断学,单选
“有根”之脉象是指,不浮不沉,节律一致,不快不慢,和缓有力,沉取尺部应指有力,E,,诊断学,单选
“直中”是指：（    ）,两经或三经证候同时出现,一经证候已罢，继而出现另一经证候,互为表里的阴阳两经证候同时出现,一经证候未罢，又出现另一经证候,外邪入犯三阴而出现三阴证候,C,,诊断学,单选
《察病指南》是诊法专著，其作者是：（    ）,李中梓,李东垣,施发,陈言,杜清碧,C,,诊断学,单选
《黄帝内经》的作用是,正式提出“八纲”名称,初步确定八纲间的辨证关系,使得八纲辨证普及推广,已将八纲辨证作为辨证纲领,初步运用八纲进行辨证,B,,诊断学,单选
《景岳全书》中记载脉象数为,十六种,二十四种,二十六种,二十七种,二十八种,A,,诊断学,单选
《景岳全书》中将八纲辨证的内容称为,治病八字,八种纲要,治病大法,二纲六变,二纲六要,D,,诊断学,单选
《灵枢·五色》认为鼻翼旁候,心肺,脾,胃,小肠,膀胱,D,,诊断学,单选
《脉经》的作者是：（    ）,张仲景,叶天士,王叔和,巢元方,孙思邈,E,,诊断学,单选
《脉理求真》的作者是,扁鹊,李时珍,王叔和,张景岳,李士材,H,,诊断学,单选
《难经》说问而知之谓之：（    ）,神,圣,巧,工,能,D,,诊断学,单选
《内经》中所称的“毛脉”是指,浮脉,滑脉,洪脉,微脉,虚脉,A,,诊断学,单选
《内经》中所称的“石脉”是指,伏脉,牢脉,沉脉,革脉,实脉,C,,诊断学,单选
《三指禅》的作者是,扁鹊,李时珍,王叔和,张景岳,李士材,G,,诊断学,单选
《三指禅》中记载脉象数为,十六种,二十四种,二十六种,二十七种,二十八种,D,,诊断学,单选
《伤寒杂病论》的作用是,正式提出“八纲”名称,初步确定八纲间的辨证关系,使得八纲辨证普及推广,已将八纲辨证作为辨证纲领,初步运用八纲进行辨证,E,,诊断学,单选
《伤寒杂病论》中记载脉象数为,十六种,二十四种,二十六种,二十七种,二十八种,C,,诊断学,单选
《素问·水热穴论》称“胃之关”是,肾,脾,肺,膀胱,,A,,诊断学,单选
《中藏经》的主要内容之一是,认为四诊是神圣工巧的技能,论脏腑寒热虚实生死顺逆之法,对病因辨证的理法较为完善,最早创立对黄疸进行实验观察,论述病源与病候的专著,B,,诊断学,单选
《诸病源候论》的突出贡献是,认为四诊是神圣工巧的技能,论脏腑寒热虚实生死顺逆之法,对病因辨证的理法较为完善,最早创立对黄疸进行实验观察,论述病源与病候的专著,E,,诊断学,单选
嗳气，古称,太息,哕,噫气,叹气,,C,,诊断学,单选
嗳气低沉断续，无酸臭气味者多为,食滞胃脘,寒邪客胃,脾胃虚弱,肝气犯胃,热邪犯胃,C,,诊断学,单选
嗳气频发，声音响亮，得嗳气则脘腹舒畅者属,胃气上逆,肺气上逆,肝气郁滞,肝气犯胃,,D,,诊断学,单选
嗳气频作连续，兼脘腹冷痛者，属于,寒邪客胃,湿困脾胃,肝气犯胃,宿食内停,胃虚气逆,A,,诊断学,单选
嗳气频作响亮，常因情志变化而增减者，证属,胃虚气逆,寒邪客胃,食滞胃脘,肝气犯胃,胃肠实热,D,,诊断学,单选
按肌肤时，辨别热在里的依据为,初不觉热，稍久即感灼手,久按热愈,局部皮肤灼热,初按热甚，久按不热,肌肤灼热,B,,诊断学,单选
按三焦辨证，病在下焦的病机特点是：（    ）,热邪炽盛，动风动血,热久营阴，心神被扰,热邪壅滞，肺气被郁,热在心肝，伤阴动血,热邪久留，肝肾阴虚,B,,诊断学,单选
按腧穴时下述哪项不属病理反应,明显压痛,按之有结节,按之有条索状物,特殊敏感反应,轻微酸胀感,E,,诊断学,单选
按腧穴诊断膀胱病的常用腧穴是,中极,天枢,神阙,气海,关元,A,,诊断学,单选
按腧穴诊断大肠病的常用腧穴是,中极,天枢,神阙,气海,关元,B,,诊断学,单选
按腧穴诊断小肠病的常用腧穴是,中极,天枢,神阙,气海,关元,E,,诊断学,单选
按虚里除哪一项外，均属正常,按之应手,动微不显,动而不紧,从容和缓,节律整齐,B,,诊断学,单选
按诊时医生用指掌稍用力寻抚病人某一局部，称,触法,叩法,按法,摸法,压法,D,,诊断学,单选
按中府穴时有明显压痛者，多为何脏腑病症,心,肺,大肠,膀胱,肾,B,,诊断学,单选
八纲作为辨证的主要内容形成于,《内经》,《伤寒论》,明代,清代,民国,C,,诊断学,单选
白 的出现，是因：(    ),气分热盛,湿郁汗出不彻,风湿热邪留于肌表,湿热火毒内蕴,风热之毒阴于肌肤,B,,诊断学,单选
白喉的特点是,干咳,咳声低微,咳声重浊,咳如犬吠,咳后鸡鸣样回声,D,,诊断学,单选
白腻苔主,里热证,寒湿证,表寒证,阳虚证,阴虚证,B,,诊断学,单选
百日咳的特点是,干咳,咳声低微,咳声重浊,咳如犬吠,咳后鸡鸣样回声,E,,诊断学,单选
斑与疹的区别，主要是：（   ）,形状大小,颜色深浅,是否高出皮肤，摸之碍手,邪热轻重,邪正虚实,C,,诊断学,单选
半表半里证的寒热特征是,恶寒发热,但寒不热,但热不寒,无明显寒热症状,寒热往来,E,,诊断学,单选
半身汗出，是因：（    ）,风痰阻滞经络,中焦郁热,阳气虚损,阴虚火旺,以上都不是,A,,诊断学,单选
半身汗出可见于,阳明热盛,中风,心脾两虚,上焦热盛,阳虚,B,,诊断学,单选
膀胱湿热证一般不见,小便浑浊,余沥不尽,尿急短黄,排尿灼痛,小便频数,B,,诊断学,单选
膀胱湿热证一般不见：(    ),余沥不尽,小便浑浊,尿急短黄,排尿灼痛,小便频数,A,,诊断学,单选
崩漏的表现是：（    ）,经量较以往明显增多,非经期出血不止,经行点滴即止,经期经常错后,非哺乳期月经未潮,E,,诊断学,单选
鼻端色青，多属,气血亏虚,肺脾蕴热,阴寒腹痛,胃气已衰,肾虚水停,C,,诊断学,单选
鼻渊病人可见,鼻塞流清涕,鼻塞流浊涕,鼻塞流脓涕腥臭,鼻衄或齿衄,息灼、鼻翼扇动,C,,诊断学,单选
鼻渊的主要特征是,鼻翼煽动,鼻流脓涕,偶流清涕,久流浊涕而腥臭,,D,,诊断学,单选
便秘，腹部硬满疼痛，日晡潮热，舌红苔黄厚而燥，应诊断为,肠燥津亏证,胃阴亏虚证,肠热腑实证,食滞胃脘证,胃热炽盛证F.寒滞胃肠证,C,,诊断学,单选
便秘，胃脘灼痛，渴喜冷饮，舌红苔黄，脉滑数，应诊断为,肠燥津亏证,胃阴亏虚证,肠热腑实证,食滞胃脘证,胃热炽盛证F.寒滞胃肠证,E,,诊断学,单选
便溏，纳呆呕恶，畏寒肢冷，喜温喜按，腹痛绵绵，苔白滑，宜诊断为,湿热蕴脾,风湿犯表,脾阳亏虚,寒湿困脾,肝脾不和,D,,诊断学,单选
便溏如黄糜，泻下不爽是(    ),肝郁乘脾,大肠湿热,脾阳虚,中气下陷,肾阳虚,B,,诊断学,单选
遍诊法的上部天指的是,耳前动脉,颞浅动脉,两颊动脉,手阳明大肠经的动脉处,手少阴心经的动脉处,B,,诊断学,单选
遍诊法的下部地指的是,耳前动脉,颞浅动脉,两颊动脉,手阳明大肠经的动脉处,手少阴心经的动脉处,G,,诊断学,单选
遍诊法的中部人指的是,耳前动脉,颞浅动脉,两颊动脉,手阳明大肠经的动脉处,手少阴心经的动脉处,E,,诊断学,单选
辨别是否表证最具有诊断价值的是,发热,恶寒,苔薄,身痛,脉浮,D,,诊断学,单选
辨病认识有错误的是,判断病种,确定病名,把握全程规律,认识特殊病因,辨别证型,E,,诊断学,单选
辨病邪深浅和胃气的存亡重在察：(    ),舌色,舌形,舌态,舌苔,舌神,D,,诊断学,单选
辨内伤杂病一般选用的辨证方法是,表里辨证,八纲辨证,脏腑辨证,经络辨证,三焦辨证,C,,诊断学,单选
辨舌苔之真假，可知：（   ）,疾病的轻重预后,病变之所在,阳气与湿浊的消长,邪气之深浅,津液是否损伤,A,,诊断学,单选
辨证论治的创始人是,李时珍,张景岳,张仲景,华佗,淳于意,C,,诊断学,单选
表实寒证最常见,薄黄润苔,畏寒肢冷,舌体淡胖,脉象浮紧,咽喉肿痛,D,,诊断学,单选
表述不正确的是,每一病性概念都应有特定的证候表现,辨证主要是辨别病位与病性,任何规范的证名都必有病位,病性是指证候变化的本质属性,病性的概念有笼统与具体之分,C,,诊断学,单选
表证的发热是,往来寒热,恶寒发热,但热不寒,但寒不热,潮热,B,,诊断学,单选
表证的寒热特征是,恶寒发热,但寒不热,但热不寒,无明显寒热症状,寒热往来,A,,诊断学,单选
表证的转归，下列哪项不可能出现：（         ）,经治疗而愈,“自然”痊愈,演变成半表半里证,演变成里证,恶化而死,E,,诊断学,单选
表证化热入里的表现是,但发热不恶寒,但恶寒不发热,寒战而有高热,恶寒发热并见,发热盗汗，舌红,A,,诊断学,单选
表证叙述欠妥的是,新起之病必是表证,表证有外邪的侵袭,表证的病位较表浅,久病多数无表证,表证可发展成里证,A,,诊断学,单选
表证最常见于,内伤杂病中,上焦的病证,皮肤疮疡类病,阳明经病证,外感病初期,E,,诊断学,单选
病、证的主症一般属于,必要性资料,—般性资料,特征性资料,偶见性资料,否定性资料,A,,诊断学,单选
病情不相一致的表现是,心阳虚见细数脉,阳虚见小便清长、自汗,阴亏见舌质裂纹,里实热见腹痛拒按、便秘,风痰阻络见舌短缩,A,,诊断学,单选
病人出现瞳仁散大，多属,肾精耗竭,动风先兆,津液亏耗,肝经风热,气血不足,A,,诊断学,单选
病人但坐不得卧，卧则气逆，多属：(    ),气血大虚,肺虚少气,脱血夺气,肾不纳气,以上都不是,E,,诊断学,单选
病人额部汗出如油多提示(    ),上焦邪热,中焦湿热,阴阳离绝,太阴头痛,中风,C,,诊断学,单选
病人恶寒发热，无汗，气喘烦躁，口渴，脉浮紧者   证属：（         ）,上寒下热证,上热下寒证,表寒里热证,表热里寒证,表实寒证,C,,诊断学,单选
病人见大热，大汗，大烦渴，脉洪大，属于,—般性资料,偶见性资料,否定性资料,必要性资料,特征性资料,E,,诊断学,单选
病人精神不振健忘嗜睡声低懒言倦怠乏力动作迟缓你认为是,失神,得神,少神,假神,神乱,C,,诊断学,单选
病人就诊时最感痛苦的症状、体征及其持续时间， 属,现在症,现病史,主诉,生活史,既往史,C,,诊断学,单选
病人口淡乏味，常提示的是,痰热内盛,湿热蕴脾,肝胃郁热,脾胃虚弱,食滞胃脘,D,,诊断学,单选
病人口角向一侧歪斜，称为,口噤,口撮,口僻,口振,口动,C,,诊断学,单选
病人狂躁妄动，胡言乱语，打人毁物，不避亲疏，其诊断是,癫病,狂病,痫病,郁病,脏躁,B,,诊断学,单选
病人面色枯槁晦暗，称为,病色,主色,客色,善色,恶色,E,,诊断学,单选
病人日夜沉睡，呼之难醒，多为,但欲寐,多睡眠,嗜睡,昏睡,昏迷,D,,诊断学,单选
病人身重嗜卧，少气懒言，倦怠乏力，多属(    ),脾气亏虚,湿邪困阻,气滞血瘀,寒凝筋脉,肾阳虚,A,,诊断学,单选
病人头痛眩晕或晕厥证属,胃气上逆,肺气上逆,肝胃不和,肝气上逆,肝火上炎,D,,诊断学,单选
病人突然昏倒，口吐涎沫，四肢抽搐，醒后如常，可见于：(    ),狂病,痫病,癫病,脏躁,以上都不是,B,,诊断学,单选
病人突然呕血，面色苍白，四肢厥冷，大汗淋漓，脉浮大而散，证属：（      ）,亡阴证,气随血脱证,气不摄血证,气血两虚证,以上都不是,B,,诊断学,单选
病人心脾热盛，舌象可见,吐弄,短缩,强硬,痿软,颤动,A,,诊断学,单选
病人谵语时，可表现为：（    ）,语无伦次，笑骂不定,语无伦次，神识不清,语言重复，声低断续,语言错乱，错后自知,自言自语，见人则止,B,,诊断学,单选
病人郑声时，可表现为：（    ）,语无伦次，笑骂不定,语无伦次，神识不清,语言重复，声低断续,语言错乱，错后自知,自言自语，见人则止,C,,诊断学,单选
病人坐而喜俯，多属,咳喘肺胀,水饮内停,气虚体弱,肺实气逆,肝阳上亢,C,,诊断学,单选
病室有烂苹果样气味，可见于,水肿病晚期,消渴病危重期,脱血夺气,脏腑败坏,有机磷农药中毒,B,,诊断学,单选
不出现滑苔的病证是,脾阳不振,水湿内停,饮邪恋肺,寒湿内生,气滞血瘀,E,,诊断学,单选
不能写作主诉的是,主要症状,持续时间,主要体征,主要病名,症状特征,D,,诊断学,单选
不属于动脉脉象特征的是,脉形如豆,滑数有力,如按琴弦,厥厥动摇,关部尤显,C,,诊断学,单选
不属于复合脉的是,洪脉,动脉,微脉,疾脉,促脉,D,,诊断学,单选
不属于现病史内容的是,疾病发生情况,既往患病情况,病情演变过程,本次疾病的诊治过程,就诊时的自觉症状,B,,诊断学,单选
不易出现紫舌的是,阴寒内盛，气血不畅,热毒炽盛，热入营血,肺气壅滞，肝郁血瘀,脾失健运，湿浊内阻,阳气虚衰，血行不畅,D,,诊断学,单选
曹炳章所著的舌诊专著是：（    ）,《伤寒舌鉴》,《观舌心法》,《伤寒金镜录》,《察舌辨证新法》,《彩图辨舌指南》,E,,诊断学,单选
察舌苔以辨胃气之有无，主要依据是,苔之厚薄,苔之真假,苔之颜色,苔之润燥,苔之偏全,B,,诊断学,单选
察舌苔有根无根可测知：(    ),邪正盛衰,病情进退,胃气有无,津液存亡,以上都不是,C,,诊断学,单选
肠热腑实证的临床特点是,热结旁流，大便恶臭,口吐清水，大便溏薄,下痢脓,下利清谷，完谷不化,大便酸腐秽臭,A,,诊断学,单选
肠燥津亏证与肠热腑实证的共见症是：(    ),便秘质硬，稀水恶臭,发热神昏，谵语狂乱,口渴汗多，腹满拒按,腹胀腹痛，脉象细涩,便秘干燥，舌燥咽干,E,,诊断学,单选
常见于阴寒内盛及疝气癥积的脉象是,紧脉,牢脉,迟脉,沉脉,涩脉,B,,诊断学,单选
常脘腹冷痛，喜温喜按，畏冷肢凉，昨起恶寒，头痛无汗，脉濡缓。此为,表里实热证,表实寒里虚寒证,表寒里热证,表热里寒证,表实寒里虚热证,B,,诊断学,单选
常于夜间间发左胸刺痛，为时甚短，面色略暗，舌尖有紫色,气滞证,气逆证,气闭证,血瘀证,血热证,D,,诊断学,单选
常只显于关部，寸与尺脉多不显的脉象是,促脉,短脉,动脉,伏脉,微脉,B,,诊断学,单选
掣痛又称为,隐痛,酸痛,彻痛,刺痛,绞痛,C,,诊断学,单选
沉按实大弦长称之为,长脉,弦脉,伏脉,牢脉,紧脉,D,,诊断学,单选
沉按实大弦长的脉象是：（    ）,革脉,伏脉,牢脉,沉脉,弦脉,C,,诊断学,单选
沉迟脉多见于,里寒证,气滞证,饮停证,血瘀证,阴亏证,A,,诊断学,单选
沉而细软，应指无力的脉象是,濡脉,微脉,细脉,弱脉,涩脉,D,,诊断学,单选
沉脉的脉象特征是,轻取不应，重按无力,轻取不应，重按模糊,轻取不应，重按细软,轻取不应，重按实大弦长,轻取不应，重按始得,E,,诊断学,单选
沉脉最突出的表现在,脉位较深,脉形粗大,脉势较强,脉力较大,脉形较长,A,,诊断学,单选
沉涩脉的出现常为,肝郁气滞,水饮内结,寒凝血瘀,脾肾阳虚,血虚肝郁,C,,诊断学,单选
沉涩脉多见于,脾虚证,血瘀证,表寒证,表热证,痛证,B,,诊断学,单选
迟脉除寒证外还可见于,湿热内蕴,邪热结聚,真寒假热,真热假寒,,B,,诊断学,单选
迟脉见于,寒证或实热证,邪闭,阴寒内盛,气虚,虚热证,A,,诊断学,单选
齿龈不红不痛微肿出血，舌淡脉弱，多属,血虚或失血后,胃火上炎，灼伤龈络,胃阴不足,脾虚不能摄血,肾阴虚，虚火上炎,D,,诊断学,单选
齿龈红肿疼痛出血，口渴脉滑数，多属,血虚或失血后,胃火上炎，灼伤龈络,胃阴不足,脾虚不能摄血,肾阴虚，虚火上炎,B,,诊断学,单选
虫积肠道证不易见到的症状是,面部白色斑,白睛蓝斑,皮下紫斑,睡中齘齿,唇内有粟粒样白点,C,,诊断学,单选
抽搐项强，角弓反张，两目上视，舌质红绛，脉弦有力，属,肝阳化风证,热极生风证,阴虚生风证,血虚生风证,肝火上炎证,A,,诊断学,单选
出现战汗多提示(    ),邪去正安,邪胜正衰,邪正相争剧烈,阴阳离决,阴虚,C,,诊断学,单选
初按不甚热，按久热明显，称,骨蒸潮热,寒热往来,身热不扬,虚阳浮越,阴虚发热,C,,诊断学,单选
喘证的临床表现应除外哪一项,呼吸困难,鼻翼扇动,张口抬肩,喉中痰鸣,难以平卧,D,,诊断学,单选
喘证的临床表现应除外哪一项：（    ）,呼吸困难,鼻翼煽动,张口抬肩,难以平卧,喉中痰鸣,E,,诊断学,单选
疮疡红肿而作痛多为,绞痛,掣痛,灼痛,重痛,冷痛,C,,诊断学,单选
疮疡漫肿无头，肤色不变，无热少痛，诊断为,痈,无头疽,疔,疖,有头疽,B,,诊断学,单选
疮疡阳证为：（    ）,高肿灼手，根盘紧束,按之固定，坚硬而热不甚,按之肿硬而不热，根盘平塌漫肿,按之陷而不起,按之边硬顶软，有波动感,A,,诊断学,单选
疮疡已成脓的表现是,根盘收束而隆起,肿处硬板而不热,根盘平塌而漫肿,顶软而有波动感,按之边顶均坚硬,D,,诊断学,单选
疮疡已成脓为：（    ）,高肿灼手，根盘紧束,按之固定，坚硬而热不甚,按之肿硬而不热，根盘平塌漫肿,按之陷而不起,按之边硬顶软，有波动感,E,,诊断学,单选
创立三焦辨证的医家是,吴鞠通,薛生白,王孟英,叶天士,刘河间,A,,诊断学,单选
创立卫气营血辨证方法的医家是：（    ）,叶天士,张仲景,吴鞠通,汪宏,吴又可,A,,诊断学,单选
促脉的脉象特点是,脉来一止，止有定数，良久方还,往来流利，应指圆滑，如盘走珠,脉形如豆，滑数有力，厥厥动摇,形细而行迟，往来艰涩不畅，脉势不匀,脉来数而时有一止，止无定数,E,,诊断学,单选
促脉的特征是,数而时止，止无定数,数而时止，止有定数,缓而时,缓而时止，止有定数,乍疏乍密，如解乱绳状,A,,诊断学,单选
寸口脉分候脏腑，下列哪项不正确,左寸候心与膻中,左关候脾胃,左尺候肾与小腹,右寸候肺与胸中,右尺候肾与小腹,B,,诊断学,单选
大便干结，数日一行，口干，舌红少津，脉细数，诊为：(    ),胃肠热盛证,肠热腑实证,肠燥津亏证,热盛伤津证,食积化热证,B,,诊断学,单选
大便干燥，艰涩难下，口臭头晕，舌红少苔，脉细数，应诊断为,肠燥津亏证,肠热腑实证,虫积肠道证,食滞胃脘证,大肠湿热证,A,,诊断学,单选
大便夹有不消化食物，酸腐臭秽者，多因(    ),大肠湿热,肝胃不和,伤食积滞,脾胃虚弱,肝郁乘脾,C,,诊断学,单选
大便秘结，舌红少苔，脉细数者，属,热结便秘,气虚便秘,阴虚便秘,寒凝便秘,血虚便秘,C,,诊断学,单选
大便秘结，舌苔黄厚而燥，脉沉数者，属,热结便秘,气虚便秘,阴虚便秘,寒凝便秘,血虚便秘,A,,诊断学,单选
大便秘结或热结旁流见于何证:,肠燥津亏证,肠热腑实证,寒饮停胃证,胃阴虚证,胃肠气滞证,D,,诊断学,单选
大便如溏，含未消化食物，多属,寒湿,湿热,脾虚,痢疾,霍乱,C,,诊断学,单选
大便先干后溏，多属,脾气虚弱,肝郁乘脾,命门火衰,湿盛伤脾,食滞胃肠,A,,诊断学,单选
大肠湿热证的临床特点是,热结旁流，大便恶臭,口吐清水，大便溏薄,下痢脓,下利清谷，完谷不化,大便酸腐秽臭,C,,诊断学,单选
大脉的特征是,脉体宽大，浮而搏指,脉体宽大有力，状若波涛汹涌,脉体宽大，但脉来无汹涌之势,脉体宽大，浮大中空,脉体宽大，但按之力不足,C,,诊断学,单选
大脉与洪脉为，,在部位上有浮与沉的不同,在气势上有力与无力的不同,同两者都有关,同两者都无关,,B,,诊断学,单选
大失血，伤阴的脉象是,濡脉,缓脉,紧脉,芤脉,涩脉,D,,诊断学,单选
代脉的脉象特征是,缓而时止，止无定数,数而时止，止无定数,数而时止，止有定数,脉来一止，止有定数，良久方还,脉迟时止，止无定数,D,,诊断学,单选
代脉的特征是,数而时止，止无定数,数而时止，止有定数,缓而时,缓而时止，止有定数,乍疏乍密，如解乱绳状,D,,诊断学,单选
带下臭秽、色黄质稠，多属,湿热,肾虚,寒湿,癌病,火热,A,,诊断学,单选
带下清稀而腥者，多属,食积,寒湿,湿热,热毒,痰饮,B,,诊断学,单选
带下色白，滑稀如涕   无臭味，多属(    ),冲任亏虚,湿热下注,肝经郁热,脾虚湿注,肾精亏虚,D,,诊断学,单选
带下色白，滑稀如涕．无臭味，多属(    ),冲任亏虚,湿热下注,肝经郁热,脾虚湿注,肾精亏虚,D,,诊断学,单选
带下色黄而臭，外阴瘙痒，舌红苔黄腻，应诊断为,肝胃不和证,湿热蕴脾证,肝火炽盛证,肝郁脾虚证,肝经湿热证,E,,诊断学,单选
单纯的表证亦可表现为,但发热不恶寒,但恶寒不发热,寒战而有高热,恶寒发热并见,发热盗汗，舌红,B,,诊断学,单选
胆郁痰扰证的主要依据是：(    ),左胁疼痛,身目俱黄,小便短赤,时有寒热,惊悸不寐,C,,诊断学,单选
淡白舌、白滑苔，常提示,气虚湿困,脾胃湿热,营分有热,食积胃肠,肝经瘀血,A,,诊断学,单选
淡白舌、白腻苔，可见于,气血两虚,脾虚湿困,胃阴不足,肝肾阴虚,阴虚火旺,B,,诊断学,单选
淡白舌中剥苔，可见于,肝阴不足,肾阴不足,气阴不足,肝肾阴虚,阴虚火旺,C,,诊断学,单选
淡红舌苔灰黑湿润，为,气虚,阳虚,血虚,阴虚,湿热,B,,诊断学,单选
弹石脉的特征是,脉来浮数之极，至数不清，浮泛无根,脉在筋骨之间，如指弹石，劈劈凑指,脉来连连数急，三五不调，止而复作,脉来乍疏乍密，如解乱绳状,脉动短小而坚搏，如循薏苡子,B,,诊断学,单选
当病情表现复杂，或者病情资料很多时，最适用的辨证思维方,类比法,归纳法,演绎法,反证法,模糊判断法,B,,诊断学,单选
当病情不复杂而表现又很典型时，常使用的辨证思维方法是,类比法,归纳法,演绎法,反证法,模糊判断法,A,,诊断学,单选
当病情资料很多或者比较复杂时，最宜采用,比较法,类比法,分类法,归纳法,演绎法,D,,诊断学,单选
导致内风证的常见原因，不包括哪项：（      ）,热盛,阳亢,血瘀,血虚,阴虚,C,,诊断学,单选
导致亡阳的病因病机，除哪项外均是,阳气由虚而衰而欲脱,阴寒极盛而暴伤阳气,阴血消亡，阳随阴脱,气机阻滞而血行不畅,剧毒、严重外伤刺激,D,,诊断学,单选
导致瘟疫证候的病因是：（      ）,疫疠之毒,燥热疫毒,瘟毒挟湿热,温热病邪,火淫之邪,A,,诊断学,单选
盗汗多见于,阴虚证,阳虚证,津亏证,血虚证,亡阳证,A,,诊断学,单选
盗汗是阴虚证的,必要性资料,特征性资料,一般性资料,偶见性资料,否定性资料,B,,诊断学,单选
巅顶头痛属(    ),少阳头痛,少阴头痛,厥阴头痛,太阴头痛,太阳头痛,C,,诊断学,单选
癫证病人，可表现为：（    ）,语无伦次，笑骂不定,语无伦次，神识不清,语言重复，声低断续,语言错乱，错后自知,自言自语，见人则止,E,,诊断学,单选
动脉的脉象特点是,脉来一止，止有定数，良久方还,往来流利，应指圆滑，如盘走珠,脉形如豆，滑数有力，厥厥动摇,形细而行迟，往来艰涩不畅，脉势不匀,脉来数而时有一止，止无定数,C,,诊断学,单选
动脉是由下列哪项中的因素复合而成的,沉、细、软,浮、细、软,滑、数、短,沉、数、短,沉、实、大,C,,诊断学,单选
动则喘甚，呼多吸少，气短难续，息微声低，以深吸为快者，属于,痰热壅肺,痰湿阻肺,风寒袭肺,肺肾气虚,肺脾气虚,D,,诊断学,单选
煅淬时应注意的问题是,一次煅透，中间不得停火,反复进行几次,密闭条件下煅制,煅时不能搅拌,,B,,诊断学,单选
对“辨证”的下列认识哪项不对,是对疾病全过程特点的认识,是通过现象对疾病本质的认识,是医生的主观对客观的认识,是对疾病当前病理本质的认识,是对病位与病因病性的认识,A,,诊断学,单选
对病、证、症关系的描述有错误的是,病的全过程可出现不同的证,症是辨病与辨证的主要依据,同一证可见于不同的病中,“证”可见于“病”的全过程,“证”反映“病”的阶段特点,D,,诊断学,单选
对病情进行由浅入深、由粗到精的层层深入分析的辨证思维方,类比法,归纳法,演绎法,反证法,模糊判断法,C,,诊断学,单选
对喘与哮的认识错误的是,喘以气促呼吸困难为主,哮以喉间哮鸣声为主,喘属虚证，哮属实证,哮与喘常同时出现,喘不兼哮，哮必兼喘,C,,诊断学,单选
对寸口诊脉法的下述认识，哪项不对,始见于《内经》,由张仲景首创,详于《难经》,推广于王叔和,后世习惯运用,B,,诊断学,单选
对多种欠精确、非特征性的症状做综合分析以明确诊断的思维,类比法,归纳法,演绎法,反证法,模糊判断法,E,,诊断学,单选
对肺病最有诊断意义的是：(    ),少气,胸闷,咳喘,自汗,水肿,C,,诊断学,单选
对寒淫证的下述认识哪项不对,往往有感寒的原因可查,体内阳气未能御制寒邪,多属新病突起，病势较急,病机与寒的致病特点相关,其转归是必变为阳虚证,E,,诊断学,单选
对黄疸病人做实验观察并做早期记载的是,《伤寒杂病论》,《三因极一病证方论》,《诸病源候论》,《肘后备急方》,《察病指南》,D,,诊断学,单选
对里证的认识，下列哪项错误,里证多见内伤杂病,外感病一般无里证,里证多外邪‘直中’,情志为病多属里证,饮食劳伤多见里证,B,,诊断学,单选
对脾虚气陷证最有诊断意义的依据是：(    ),食少腹胀，大便稀溏,头晕目眩，舌淡脉细,身倦乏力，少气懒言,五更泄泻，便质清冷,脘腹重坠作胀，食后益甚,E,,诊断学,单选
对外燥证的下述认识，不正确的是：（      ）,以干燥为主要证候,与内燥毫不相关,阴液亏少之人易患,多见于三秋季节,干燥少雨之地常见,C,,诊断学,单选
对外燥证的下述认识，哪项不对,以干燥为主要证候,与内燥毫不相关,多见于秋季,干燥少雨之地常见,阴液亏少之人易患,B,,诊断学,单选
对心肝血虚证最有诊断意义的是：(    ),心悸健忘，面白舌淡,头晕目眩，月经停闭,手足震颤，头晕目眩,视物模糊，爪甲不荣,心悸多梦，肢麻眩晕,E,,诊断学,单选
对于“胃家实”的含义，下列哪项认识最正确,胃肠邪气盛实,胃腑燥结成实,胃肠燥热亢盛,肠中燥结成实,胃腑燥热亢盛,C,,诊断学,单选
对于鉴别风寒表证和风寒犯肺证最有意义的是,咳嗽的轻重,口渴或不渴,是否发热恶寒,是否舌苔薄白,有汗或无汗,A,,诊断学,单选
对于诊断热扰心神证最有意义的是,心烦不寐，谵语，舌绛,神昏谵语，苔黄腻,神昏谵语，斑疹隐隐,身热夜甚，吐血,神昏谵语，腹满便秘,A,,诊断学,单选
对诊断“气陷”最有价值的是哪项,头晕眼花,气短乏力,内脏下垂,大便稀溏,舌淡苔白,C,,诊断学,单选
对诊脉选指的下列说法，哪项不正确,选用左或右手的食指、中指、无名指,三指指端平按,手指略呈弓形倾斜,手指与受诊者体表约呈45°角,以指目紧贴于脉搏处,B,,诊断学,单选
对证候真假的所谓“假”，哪项解释最正确,所有症征都是现象，皆为假,病人提供的临床资料有假,不符合常规认识的某些症征,与疾病本质相对立的症征,诊断错误，未认识疾病本质,C,,诊断学,单选
多见于气血两虚及阳气虚衰的是,细脉与濡脉,濡脉与迟脉,弱脉与短脉,弱脉与微脉,微脉与芤脉,D,,诊断学,单选
多食易饥，兼见大便溏泄者属：（    ）,胃阴不足,脾胃湿热,胃火亢盛,湿邪困脾,胃强脾弱,E,,诊断学,单选
恶寒，喉中哮鸣，咳吐清稀白痰，无汗，口淡，面色淡青，苔白滑，脉弦紧。此为,寒热错杂证,真热假寒证,真寒假热证,表里实寒证,表寒里热证,D,,诊断学,单选
恶寒发热， 头身疼痛， 无汗而喘， 脉浮紧， 宜诊断为,太阳中风证,上焦病证,卫分证,太阳伤寒证,表虚证,D,,诊断学,单选
恶寒发热，身痛无汗，咳嗽，痰稀色白，脉浮紧者，最宜诊断,风寒犯肺证,寒痰阻肺证,饮停胸胁证,痰湿阻肺证,肺气亏虚证,A,,诊断学,单选
恶寒发热，头身疼痛，脘腹痞胀不适，便溏不爽，小便黄，舌苔黄腻，脉弦。此为,寒热错杂,寒证化热,表里同病,虚实夹杂,热证转寒,C,,诊断学,单选
恶寒发热，头痛头胀，鼻塞流涕，无汗，苔薄白，脉浮紧。此为,表实寒证,表实热证,里实寒证,里虚寒证,里虚热证,A,,诊断学,单选
恶寒发热，头项强痛，身体疼痛，无汗，微有咳嗽气喘，脉浮紧。此为,风热表证,风寒表证,里热证,伤风表证,里实证,B,,诊断学,单选
恶寒微热，皮肤湿痒，肢体困重、酸楚等，应属,风淫证,中寒证,湿淫证,暑淫证,伤寒证,C,,诊断学,单选
恶寒喜暖，肢冷，踡卧，面色淡白，口淡不渴，痰涎清稀，小便清长，大便稀溏，舌淡苔白而滑润，脉迟，证属：（         ）,表寒证,里寒证,虚寒证,实寒证,假寒证,C,,诊断学,单选
恶热，汗出，口渴，心烦，疲乏，尿黄，脉虚数，是为：（      ）,风淫证候,寒淫证候,湿淫证候,火淫证候,暑淫证候,E,,诊断学,单选
耳廓瘦小而薄，多属,气血亏虚,肾精亏耗,出麻先兆,肾气不足,肝胆湿热熏蒸,D,,诊断学,单选
耳聋与下列何项无关,肾精缺乏,肾气不固,肝火炽盛,肝火犯肺,,D,,诊断学,单选
耳鸣，以手按之可减轻，多属(    ),肝胆火盛,肾虚精亏,痰湿内蕴,外感风湿,肝火上炎,B,,诊断学,单选
耳内流脓水，多属,气血亏虚,肾精亏耗,麻疹先兆,肾气不足,肝胆湿热熏蒸,E,,诊断学,单选
二十八脉中称为“软脉”的是,濡脉,弱脉,散脉,虚脉,伏脉,A,,诊断学,单选
发黄干枯，稀疏易落，多属,精血不足,血虚受风,肾虚或血热,疳积病,禀赋所致,A,,诊断学,单选
发热，口渴喜饮，咳嗽气喘，咯黄痰，尿黄，舌红苔黄，脉滑数。此为,风热表证,风寒表证,里热证,伤风表证,里实证,C,,诊断学,单选
发热咳嗽，心烦，汗出口渴，斑疹隐现，舌红，苔黄燥，属,气分证,气营同病,营分证,血分证,营血同病,B,,诊断学,单选
发热微恶风寒，咳嗽，痰稠色黄，咽喉疼痛，苔薄黄，脉浮,肺热炽盛证,风热犯肺证,燥邪犯肺证,痰热壅肺证,肺阴虚证,B,,诊断学,单选
发热微恶寒，口渴咽干，干咳，舌干苔黄，脉浮数。证属：（      ）,伤暑证,温燥证,凉燥证,内燥证,阴虚证,B,,诊断学,单选
发热以下午3～5时为重，伴腹满硬痛、大便秘结者，多见于,少阳病,阳明病,疟疾,湿温,阴虚,B,,诊断学,单选
发热重恶寒轻，头痛咽痛，口微渴，苔薄、色黄白相兼，脉浮数。此为,风热表证,风寒表证,里热证,伤风表证,里实证,A,,诊断学,单选
发育不良与下列何项有关,肾阴虚,肾阳虚,肾精虚,肾气虚,,C,,诊断学,单选
烦热欲去衣被，尿清长，头晕咽干，面浮红如妆，下肢怕冷，舌淡，脉浮细。此为,寒热错杂证,真热假寒证,真寒假热证,表里实寒证,表寒里热证,C,,诊断学,单选
烦躁不宁，打人毁物，不避亲疏，胡言乱语，舌质红，苔黄腻，应诊断为,痰热壅肺证,痰蒙心神证,心火亢盛证,痰火扰神证,阳明腑实证,D,,诊断学,单选
饭后嗜睡，神疲倦怠，食少纳呆者为：（    ）,痰湿困脾,肝郁犯脾,心肾阳气虚衰,热入心包,心胆气虚,A,,诊断学,单选
肺气上逆的病因病机，下述哪项不对：（      ）,外邪犯肺,痰饮停肺,肾不纳气,肺失肃降,肺失宣发,C,,诊断学,单选
肺气虚证的辨证要点是,咳嗽,呕吐,嗳气,阳虚证,,A,,诊断学,单选
肺气虚证咳喘的特点是,咳喘痰多，色白清稀,咳喘无力，声低气短,咳喘胸闷，声高息涌,咳喘痰少，不易咳出,咳喘痰白，稠黏难咯,B,,诊断学,单选
肺肾气虚证又称为：(    ),肾气不固证,肾不纳气证,肺气不固证,肺肾虚寒证,肺气下陷证,D,,诊断学,单选
肺肾阴虚证可见,舌淡胖苔白润滑,舌质红苔黄厚腻,舌边青或有瘀点,舌红少苔有裂纹,舌淡红苔白腻,D,,诊断学,单选
肺痈的特点是,痰白量多易咯,痰黄黏稠有块,痰少而黏难咯,痰白清稀量多,脓血痰气腥臭,E,,诊断学,单选
风寒表证的必要性资料是,恶寒发热,头身疼痛,无汗,间有咳嗽,脉浮紧,A,,诊断学,单选
风寒表证的偶见性资料是,恶寒发热,头身疼痛,无汗,间有咳嗽,脉浮紧,D,,诊断学,单选
风寒表证的特征性资料是,恶寒发热,头身疼痛,无汗,间有咳嗽,脉浮紧,E,,诊断学,单选
风寒表证的一般性资料是,恶寒发热,头身疼痛,无汗,间有咳嗽,脉浮紧,B,,诊断学,单选
风寒犯肺证的临床表现为,咳嗽痰白清稀，恶寒发热,喘咳吐稀白痰，形寒肢冷,咳喘吐泡沫痰，心悸水肿,咳嗽气喘，痰稠量多易咯,咳嗽气喘息粗，痰黄稠黏,A,,诊断学,单选
风水相搏证引起水肿的主要特征是,水肿由下肢起,胸廓饱胀而满,单腹胀大膨隆,头面眼睑先肿,局限性水肿,D,,诊断学,单选
风邪易导致的证候是,瘾疹瘙痒，或肢体麻木，或面睑浮肿,烦渴饮冷，肢倦乏力，汗多尿少,脘腹或腰背冷痛，或咳喘痰稀白量多,口鼻咽喉干燥，痰少质黏难咯,肢体关节重痛，阴雨天加重,A,,诊断学,单选
伏脉的主病是,失血伤阴,亡血失精,惊恐疼痛,寒证痛证,邪闭痛极,E,,诊断学,单选
服用某些饮食或药物导致舌苔颜色发生改变，称,腻苔,腐苔,滑苔,假苔,染苔,E,,诊断学,单选
浮滑脉的主病多为,痰热互结,饮食停滞,湿热内蕴,风痰,风热袭表,D,,诊断学,单选
浮滑脉的主病多为：（    ）,痰热互结,饮食停滞,湿热内蕴,风痰,风热袭表,D,,诊断学,单选
浮紧的脉象主病常为,表虚证,表寒证,表热证,表湿证,表证夹痰,B,,诊断学,单选
浮紧脉多见于,脾虚证,血瘀证,表寒证,表热证,痛证,C,,诊断学,单选
浮紧脉主病是,痰饮内停,太阳伤寒,表证夹痰,太阳中风,阳虚寒凝,B,,诊断学,单选
浮脉的脉象特征是,轻取即得，细软无力,轻取即得，中空外软,轻取即得，中空外坚,举之有余，按之则无,举之有余，按之不足,E,,诊断学,单选
浮取、中取均不见，用重指力直接按至骨上，推动筋肉才能触到脉动者是,沉脉,伏脉,牢脉,微脉,短脉,B,,诊断学,单选
浮取散漫，中候似无，沉候不应，并常伴有脉律不齐，或脉力不匀的脉象是,革脉,釜沸脉,芤脉,散脉,微脉,D,,诊断学,单选
釜沸脉的特征是,脉来浮数之极，至数不清，浮泛无根,脉在筋骨之间，如指弹石，劈劈凑指,脉来连连数急，三五不调，止而复作,脉来乍疏乍密，如解乱绳状,脉动短小而坚搏，如循薏苡子,A,,诊断学,单选
父母及子女的健康状况应属于,既往史,现病史,个人史,婚育史,家族史,E,,诊断学,单选
妇女带下色白，清稀如涕，无臭味，多属：（    ）,脾虚湿注,冲任亏虚,肝经郁热,湿热下注,以上都不是,A,,诊断学,单选
妇女月经先期而来，量多，色深而质稠，多属：（    ）,气虚不能摄血,肝气郁滞,血热内迫,瘀血积滞,寒凝血滞,C,,诊断学,单选
妇人月经病的脉象变化主要体现在,左寸脉,右寸脉,左关脉,右关脉,两尺脉,E,,诊断学,单选
腹部按诊，局部灼热痛不可忍者为,阳明经热证,阳明腑实证,内痈,蛔虫,气胀,C,,诊断学,单选
腹部按之肌肤凉而喜温者属,寒证,虚证,热证,实证,虚实夹杂证,A,,诊断学,单选
腹部按之肌肤灼热而喜凉者属,寒证,虚证,热证,实证,虚实夹杂证,C,,诊断学,单选
腹部肿块，时聚时散者为：（    ）,癥积,痞证,瘕聚,水臌,虫积,C,,诊断学,单选
腹部肿块，痛无定处，按之无形，聚散不定者为,瘕聚,癥积,食积,鼓胀,痞满,A,,诊断学,单选
腹部肿块，推之不移，痛有定处者，为,瘕聚,癥积,食积,鼓胀,痞满,B,,诊断学,单选
腹部撞伤，现腹痛，出冷汗，面色苍白，脉微弱，腹腔穿刺,气虚证,气陷证,气不固证,气脱证,血脱证,E,,诊断学,单选
腹大而胀的病人，叩之如鼓者为,水鼓,气胀,食积,癥积,瘕聚,B,,诊断学,单选
腹满而痛，腹泻，不欲食，宜诊断为,太阴病证,少阴病证,阳明病证,少阳病证,太阳病证,A,,诊断学,单选
腹满痞闷，口腻纳呆，泛恶欲呕，肢体困重，舌苔白腻，脉,脾阳虚证,脾虚气陷证,寒湿困脾证,脾气虚证,胃气虚证,C,,诊断学,单选
腹内肿块，按之坚硬，推之不移，痛有定处，多为,癥积,瘕聚,虫积,燥屎内结,蓄水,A,,诊断学,单选
腹痛  暴泻如水  下痢脓血，属于：(    ),脾虚气陷证,大肠湿热证,寒湿困脾证,湿热蕴脾证,肠热腑实证,A,,诊断学,单选
腹痛绵绵，食少腹胀，大便稀溏，形寒肢冷，舌淡胖，脉,脾阳虚证,脾虚气陷证,寒湿困脾证,脾气虚证,胃气虚证,A,,诊断学,单选
腹痛喜按者多属,寒证,虚证,热证,实证,虚实夹杂证,B,,诊断学,单选
腹胀腹痛而拒按、按之有块，大便秘结，苔黄白而厚，脉沉实。此为,风热表证,风寒表证,里热证,伤风表证,里实证,E,,诊断学,单选
腹胀拒按，其成因一般不含哪项,饮停胃肠,食积胃肠,肠道气滞,脾胃气虚,燥热结肠,D,,诊断学,单选
腹胀纳少，食后腹胀尤甚，多属,饮停胃肠,食积胃肠,寒湿犯胃,脾虚不运,肝气郁滞,D,,诊断学,单选
腹中肿块，痛无定处，按之无形，聚散不定，病属,痰凝,气滞,虫积,水饮,瘀血,B,,诊断学,单选
肝胆病、痛证、痰饮证常见的脉象为,紧脉,结脉,滑脉,弦脉,促脉,D,,诊断学,单选
肝胆病痛证痰饮证常见的脉象为：（    ）,紧脉,结脉,滑脉,弦脉,促脉,D,,诊断学,单选
肝胆湿热循经下注，临床可见下列何症：(    ),阴部瘙痒,下利脓血,厌食,腹胀,胸胁灼热,E,,诊断学,单选
肝胆湿热证的皮肤色泽临床表现为：(    ),面色淡白,黄胖,萎黄,阴黄,阳黄,B,,诊断学,单选
肝胆湿热证多见,口泛清水,口苦泛恶,干呕呃逆,呕吐酸腐,,B,,诊断学,单选
肝胆湿热之呕吐物常为：（    ）,吐物酸腐,吐清稀痰涎,吐黄绿苦水,呕吐鲜血夹食物残渣,呕吐清水痰涎,C,,诊断学,单选
肝火犯肺证的主要临床表现是,咳痰黄黏，甚则咯血,头晕头胀，急躁易怒,胸胁灼痛，咳痰带血,舌红苔黄，脉象弦数,面红目赤，烦热口苦,C,,诊断学,单选
肝经风热患者易出现,眼胞赤烂,目眦红赤,白睛发黄,全目赤肿,目窠微肿,D,,诊断学,单选
肝气郁结证的临床表现中不易见到下列哪个症状,时常太息,情志抑郁,胸胁胀痛,手足蠕动,咽部异物感,D,,诊断学,单选
肝胃蕴热的口味是,口中泛酸,口中酸馊,口甜黏腻,口中味苦,口中味咸,A,,诊断学,单选
肝胃蕴热则：（    ）,口淡乏味,口甜粘腻,口中酸馊,口中泛酸,口苦,D,,诊断学,单选
肝血虚证的临床表现中不易见到的症状是,肌肉掣动,筋脉挛急,颈项强直,手足震颤,肢体麻木,C,,诊断学,单选
肝阳上亢的头痛特点是(    ),刺痛,胀痛,重痛,空痛,酸痛,B,,诊断学,单选
肝阳上亢的主要症状是：,"眩晕耳鸣,头痛且胀,面红目赤","眩晕头痛,时作时止","眩晕,头痛如裹,泛吐涎沫","眩晕,头痛不休,伴有恶寒发热","眩晕耳鸣,失眠多梦,腰膝酸软",E,,诊断学,单选
肝阳上亢可见,头晕头痛，痛有定处,头晕胀痛，头重脚轻,头晕面白，神疲体倦,头晕且重，如物裹缠,头晕胀痛，面红目赤,B,,诊断学,单选
肝阳上亢证的临床表现是,头痛，头晕，面红目赤，急躁易怒，口苦，脉弦数,眩晕眼花，两目干涩，胁痛颧红，舌红少苔，脉弦细数,头痛而晕，面白神疲，心悸，舌淡脉细,腰膝酸软，眩晕耳鸣，月经失调，遗精盗汗，舌红少苔,头目胀痛，眩晕耳鸣，面红目赤，头重脚轻，舌红少津,E,,诊断学,单选
肝阳上亢证属于,上下俱虚证,上热下寒证,上实下虚证,上虚下实证,上下俱实证,C,,诊断学,单选
肝阴虚证的临床表现是,头痛，头晕，面红目赤，急躁易怒，口苦，脉弦数,眩晕眼花，两目干涩，胁痛颧红，舌红少苔，脉弦细数,头痛而晕，面白神疲，心悸，舌淡脉细,腰膝酸软，眩晕耳鸣，月经失调，遗精盗汗，舌红少苔,头目胀痛，眩晕耳鸣，面红目赤，头重脚轻，舌红少津,B,,诊断学,单选
肝郁脾虚病人多见,面色 白浮肿,面色萎黄虚浮,面色青黄,身黄色鲜明,身黄色晦暗,C,,诊断学,单选
肝郁气滞胸胁疼痛的特点是：（    ）,隐痛,绞痛,胀痛,灼痛,重痛,C,,诊断学,单选
干咳少痰，甚则咯血，伴胸胁灼痛，头晕目赤，证属：(    ),风热犯肺,燥邪犯肺,肝火犯肺,热邪壅肺,肺阴虚,E,,诊断学,单选
干咳无痰，痰少而黏、难咯，潮热颧红，舌红苔少，脉细,肺热炽盛证,风热犯肺证,燥邪犯肺证,痰热壅肺证,肺阴虚证,E,,诊断学,单选
高热，咳嗽气喘，口渴欲饮，舌红苔黄，脉数，应诊断为,肺热炽盛证,风热犯肺证,燥邪犯肺证,痰热壅肺证,肺阴虚证,A,,诊断学,单选
高热烦渴，神昏谵语，面赤身灼，便秘，尿短黄，舌红苔黄，脉洪数。证属：(    ),心火上炎证,心火亢盛证,火热扰闭心神证,心火下移证,胃火炽盛证,B,,诊断学,单选
革脉的脉象是,端直以长，如按琴弦,脉来有力，左右弹手，势如绞转绳索,二者均是,二者均不是,,D,,诊断学,单选
革脉的特征是,浮而搏指，中空外坚,浮而无力，按之空虚,浮大中,应指浮大而中空,浮而细软无力,A,,诊断学,单选
革脉的主病是,失血亡阴,半产漏下,两者均有,两者均无,,B,,诊断学,单选
根据目部分属五脏的理论，瞳仁属,心,肺,脾,肝,肾,E,,诊断学,单选
根据下列哪项即可辨证为脾肺气虚证,咳喘短气，食少便溏,咯痰清稀，面白神疲,纳少腹胀，身倦乏力,肢体浮肿，舌淡脉弱,气短而喘，声低懒言,A,,诊断学,单选
根据下列哪项即可判断为心阳虚脱证,呼吸微弱,心悸、冷汗肢厥,头晕眼花,心胸闷痛,面色淡白,B,,诊断学,单选
根据胁肋胃脘胀痛嗳气易怒吞酸嘈杂情绪抑郁饮食减少苔薄黄脉弦等症可考虑为,肝火上炎证,肝脾不和证,肝胃不和证,胆郁痰扰证,,C,,诊断学,单选
古称谓“哕”者即,干呕,恶心,呕吐,呃逆,嗳气,D,,诊断学,单选
古人所称的“噫”是指,呃逆,嗳气,少气,呵欠,鼻鼾,B,,诊断学,单选
关于表证与里证的区别点，错误的是：（         ）,表证一般脉浮，里证一般脉沉,表证病程较短，里证病程较长,表证病情较轻，里证病情较重,表证恶寒为主，里证发热为主,表证苔薄，里证舌苔多有变化,D,,诊断学,单选
关于错语的病因病机描述错误的是,痰浊阻遏心神,热邪扰乱心神,瘀血阻遏心窍,气滞阻遏心窍,老年脏气衰微,B,,诊断学,单选
关于里证的认识，下列哪项错误,病情一般较重,病程一般较长,都是起病缓慢,无表证的证候,脏腑证候为主,C,,诊断学,单选
关于卫气营血病证正确的传变次序是,卫分→气分→营分→血分,气分→卫分→营分→血分,卫分→气分→血分→营分,血分→气分→营分→卫分,营分→气分→卫分→血分,A,,诊断学,单选
观察舌苔辨别病位的浅深主要是依据,舌苔的有无,舌苔的润燥,舌苔的厚薄,舌苔的颜色,舌苔有根无根,C,,诊断学,单选
观察舌苔辨别病邪的性质主要是依据,舌苔的有无,舌苔的润燥,舌苔的厚薄,舌苔的颜色,舌苔有根无根,D,,诊断学,单选
观察舌苔辨别津液的存亡主要是依据,舌苔的有无,舌苔的润燥,舌苔的厚薄,舌苔的颜色,舌苔有根无根,B,,诊断学,单选
"咳喘无力，声低气短，吐痰清稀，自汗，舌淡,脉弱。应诊为：(    )",肺气亏虚证,肾不纳气证,肺气阴两虚证,心肺气虚证,脾肺气虚证,A,,诊断学,单选
咳声清脆者多为,燥咳,寒咳,湿咳,肺热,,A,,诊断学,单选
咳声如犬吠，多属,顿咳,白喉,燥咳,肺痨,肺痿,B,,诊断学,单选
咳声如犬吠样者，称为,百日咳,白喉,燥咳,热咳,,B,,诊断学,单选
咳嗽，咳有痰声，痰多色白易咳。其临床意义是,燥邪犯肺,痰湿阻肺,热邪犯肺,肺气虚损,肺阴不足,B,,诊断学,单选
咳嗽，胸痛，气喘，痰中带血，体温39.8℃，舌红苔黄，脉滑数。此为,实热证,亡阳证,虚热证,虚寒证,亡阴证,A,,诊断学,单选
咳嗽气喘，痰多色白，或喉中痰鸣，胸闷，形寒肢冷者，最宜,风寒犯肺证,寒痰阻肺证,饮停胸胁证,痰湿阻肺证,肺气亏虚证,B,,诊断学,单选
咳嗽痰多，白滑易于咯出，证属,风热袭肺,寒邪客肺,热邪犯肺,痰浊阻肺,燥邪犯肺,D,,诊断学,单选
咳嗽哮喘，咯稀白痰，形寒肢冷，舌苔白，脉沉紧，应属,寒饮停肺证,寒滞胃肠证,寒滞心脉证,寒滞肝脉证,寒凝胞宫证,A,,诊断学,单选
寒热往来胸胁苦满嘿嘿不欲饮食口苦咽干目眩脉弦是下列哪项的典型表现?,太阳病证,少阳病证,阳明病证,太阴病证,,B,,诊断学,单选
寒盛剧痛，气血凝滞病人多见,面色淡青或青黑,面色萎黄，面睑虚浮,面青灰唇青紫，肢厥脉微,面色青黄,眉间、鼻柱、唇周发青,A,,诊断学,单选
寒湿困脾证中难以见到的症状是,黄色鲜明,腹胀便溏,泛恶欲呕,肢体困重,脉象濡缓,A,,诊断学,单选
寒湿困脾证最常见的原因是：(    ),暴饮暴食,过食生冷,思虑过度,劳倦内伤,久泄久痢,B,,诊断学,单选
寒痰阻肺证的临床表现为,咳嗽痰白清稀，恶寒发热,喘咳吐稀白痰，形寒肢冷,咳喘吐泡沫痰，心悸水肿,咳嗽气喘，痰稠量多易咯,咳嗽气喘息粗，痰黄稠黏,B,,诊断学,单选
寒痰阻肺证的临床表现中不易见到的症状是,形寒肢冷,咳嗽气喘,痰稀色白,舌苔白滑,脉象浮紧,E,,诊断学,单选
寒邪凝滞的疼痛特征是,绞痛,刺痛,窜痛,掣痛,重痛,A,,诊断学,单选
寒邪易导致的证候是,瘾疹瘙痒，或肢体麻木，或面睑浮肿,烦渴饮冷，肢倦乏力，汗多尿少,脘腹或腰背冷痛，或咳喘痰稀白量多,口鼻咽喉干燥，痰少质黏难咯,肢体关节重痛，阴雨天加重,C,,诊断学,单选
寒邪阻络常可引起,隐痛,冷痛,掣痛,空痛,酸痛,B,,诊断学,单选
寒淫患者腹痛肠鸣腹泻多因为,寒凝经脉,寒凝四肢,寒遏气机,寒中于里,寒束于表,D,,诊断学,单选
寒饮停胃证最主要的临床表现是：(    ),脘腹痞胀,呕吐清水,胃中有振水声,头晕目眩,口淡不渴,B,,诊断学,单选
寒证一般不与下述哪项证兼并存在,风证,湿证,痰证,燥证,暑证,E,,诊断学,单选
寒证与热证的鉴别要点，下列哪项不对,寒证恶寒喜热，热证恶热喜冷,寒证口和不渴，热证口渴喜饮,寒证大便泄泻，热证大便秘结,寒证舌苔白润，热证舌苔黄燥,寒证脉迟或紧，热证脉数或洪,C,,诊断学,单选
寒证与热证的相互转化，关键的因素是,邪气的性质,邪气的进退,邪正的对比,阴液的盈亏,阳气的盛衰,E,,诊断学,单选
寒滞肝脉证的临床特点是,头晕目眩，胸胁胀闷,少腹冷痛，睾丸坠胀,脘腹冷痛，得温则减,形寒肢冷，舌苔薄白,阴囊湿疹，外阴瘙痒,B,,诊断学,单选
寒滞胃脘证最主要的临床表现是,胃脘冷痛,嗳腐吞酸,胃中振水声,头晕目眩,饥不欲食,A,,诊断学,单选
何证在临床上可见牙龈肿痛溃烂或齿衄：(    ),肝火上炎证,胃热炽盛证,心火上炎证,痰火扰神证,肺热炽盛证,D,,诊断学,单选
红瘦舌，黑干苔，最不见于,阴虚证,阴虚火旺,津枯血燥,胃肠热结,阳虚寒盛,E,,诊断学,单选
红肿高大，根盘紧束，炽热疼痛者，属：(    ),痈,疽,疔,疖,风疹,A,,诊断学,单选
洪脉的脉象特征是,浮散无根,浮大中空,浮大有力,浮而细软,如按鼓皮,C,,诊断学,单选
洪脉的特征是,脉体宽大，浮而搏指,脉体宽大有力，状若波涛汹涌,脉体宽大，但脉来无汹涌之势,脉体宽大，浮大中空,脉体宽大，但按之力不足,B,,诊断学,单选
喉中如有异物梗阻，为：（      ）,痰浊阻肺,痰迷心窍,痰凝肌肤,痰气交阻于咽,痰阻经络,D,,诊断学,单选
呼吸微弱而声低，气少不足以息，言语无力者多为,上气,短气,少气,夺气,气喘,C,,诊断学,单选
呼吸微弱气少不足以息者,少气,短气,息粗,息微,嗳气,A,,诊断学,单选
花剥苔表示：(    ),脾虚湿侵,脾肾阳虚,气血不足,胃之气阴两虚,肾阴不足,D,,诊断学,单选
滑精频作，神疲乏力，面色少华，舌淡苔白，脉沉弱，应诊,心肾不交证,肾气不固证,心脾两虚证,肾阴亏虚证,肾精不足证,B,,诊断学,单选
滑脉的脉象是,轻取即得,往来流利,三部举按有力,来盛去衰,厥厥动摇,B,,诊断学,单选
滑脉的主病有,实热,食积,两者均有,两者均无,,C,,诊断学,单选
滑数脉多见于,脾虚证,血瘀证,表寒证,表热证,痛证,F,,诊断学,单选
滑数脉主病常为,痰热痰火,肝火夹痰,气分热盛,肝郁化火,素体痰盛，又感外邪,A,,诊断学,单选
滑苔常见于,痰湿,湿热,实热,气滞,血瘀,A,,诊断学,单选
缓脉不见于,正常人,脾胃虚弱,阳虚湿困,湿邪内阻,阴寒积聚,E,,诊断学,单选
缓脉常见于,肝郁气滞,湿邪困阻,瘀血内停,食积停滞,虚阳浮越,B,,诊断学,单选
缓脉的特征是,脉来一息四至,脉来一息四五至,脉来一息五六至,脉来一息五到七至,脉来一息七八至,A,,诊断学,单选
患者，男，23岁。3天来恶寒发热，鼻塞流浊涕，头痛咽痛，咳嗽，口干，稍有汗出，舌尖红苔薄黄，脉浮数。其咳嗽属于,风热表证,风热犯肺,痰湿阻肺,痰热壅肺,阴虚肺燥,B,,诊断学,单选
患者，男，30岁，高热3天，大渴喜饮，面赤，汗出，舌红苔黄燥。其发热的病机是,气分热盛,阳明腑证,消渴病,温病营分证,湿热证,A,,诊断学,单选
患者，男，30岁，两日来恶寒发热，无汗，头身疼痛，口渴引饮，心烦失眠，尿黄，苔薄黄，脉浮紧。其病机为,表里俱热,表寒里热,真寒假热,真热假寒,表热里寒,B,,诊断学,单选
患者，男，36岁，患胃病10年。近1周来干呕时作，口渴心烦，胃脘隐痛，知饥而不欲饮食，便结溲黄，舌红少苔，脉弦细偏数。其胃痛属于,食滞胃脘,胃火炽盛,胃阴亏虚,肝气犯胃,脾胃虚弱,C,,诊断学,单选
患者，男，40岁，自述右胁胀痛1个月，腹胀，厌食油腻，舌红苔黄腻。其胁痛的病机是,脾胃湿热,肝胆湿热,痰湿内蕴,胃火炽盛,肝胃不和,B,,诊断学,单选
患者，男，45岁，突发耳鸣，声大如潮，按之不减，舌红苔黄，脉弦数。其耳鸣的病机为,阴虚火旺,肝胆火盛,肝肾阴虚,肾精亏损,心火亢盛,B,,诊断学,单选
患者，男，55岁，近两个月来经常饭后嗜睡，神倦乏力，食少。其嗜睡的病机是,痰饮内停,胃强脾弱,痰湿困脾,心肾阳虚,中气不足,E,,诊断学,单选
患者，男，55岁，近日排便不爽，肛门灼热，小便短黄，大便黄糜，臭秽难闻，舌红苔黄腻，脉滑数。其病机是,食滞胃脘,痰饮停胃,寒客胃肠,肝脾不调,大肠湿热,E,,诊断学,单选
患者，男，55岁，头痛、眩晕两年余，未系统治疗，近两周症状加重，现症见眩晕耳鸣，头目胀痛，急躁易怒，腰膝酸软，头重脚轻，舌质红，脉弦细数。其头痛的病机是,肝风内动,肝火上炎,肝肾阴亏,肝阳上亢,肝胆湿热,D,,诊断学,单选
患者，男，56岁，患头晕、头痛5年。前天头痛加重，并见口眼歪斜，语言不畅，时感四肢麻木，左半身不能活动，舌红，苔黄腻，脉弦滑。此属于,中风,癫病,痫病,狂病,郁病,A,,诊断学,单选
患者，男，59岁。1周前吃冰箱内水果后，肠鸣腹泻加重，脘腹痞满，舌苔白腻，脉沉弦。其肠鸣属于,胃肠虚寒,痰饮停胃,寒客胃肠,肝脾不调,肠道气滞,C,,诊断学,单选
患者，男，60岁，咳喘反复发作20年，近日因劳累而出现喘息短气，呼多吸少，动则尤甚，自汗乏力，腰膝酸软，舌淡苔白，脉弱。其病机是,肺气亏虚,肺脾气虚,中气下陷,寒饮阻肺,肺肾气虚,E,,诊断学,单选
患者，男，65岁，近1年来渐发耳鸣，声小如闻蝉鸣，按之鸣减或暂止。其耳鸣的病机为,肝风内动,肝胆火盛,肝肾阴亏,气血亏损,肝经风火,C,,诊断学,单选
患者，男，69岁。患者神志清楚，思维正常，但语言不流利，或吐字不清。此属于,错语,言謇,谵语,郑声,狂言,B,,诊断学,单选
患者，女，23岁，自述月经量多半年余，现症见经色淡红，伴神疲乏力，食少便溏，面白无华，舌淡苔白，脉细无力。其病机为,脾虚气陷,肝郁气滞,热邪内迫,脾不统血,瘀阻血脉,D,,诊断学,单选
患者，女，38岁，症见心悸失眠，头晕健忘，面白，月经后期，舌淡，脉细。其心悸多属,血虚失养,心胆气虚,阴虚火旺,心阳亏虚,水湿内停,A,,诊断学,单选
患者，女，41岁，近两个月来双目干涩不适，视物昏花，头晕，面白，月经量少，眼睑色淡，舌淡苔白，脉细。其目昏的病机是,阳气亏虚,精血亏虚,津液亏虚,肾精亏虚,气血亏虚,B,,诊断学,单选
患者，女，42岁，嗜辛辣香燥之品，半年来时有胃痛，近日加重。现症见胃脘隐痛不舒，时有干呕，饥不欲食，口燥咽干，便干，舌红少津，脉细数。其病机是,胃阳不足,胃火炽盛,胃阴亏虚,肝气犯胃,脾胃虚弱,C,,诊断学,单选
患者，女，47岁，腹胀，便溏，食少，面色淡黄而虚浮。其腹胀表现属于,脾胃虚寒,脾虚湿盛,阳虚水泛,气滞湿阻,食积胃肠,B,,诊断学,单选
患者，女，47岁，近半年来经常头晕耳鸣，两目干涩，五心烦热，夜寐多梦，口燥咽干，舌红少津，脉弦细数。其目涩的病机是,肝肾阴虚,精血亏虚,津液亏虚,肾精亏虚,气血亏虚,A,,诊断学,单选
患者，女，50岁。病人头晕心悸，失眠健忘，面色淡白，气短懒言，其头晕的病机是,痰湿内阻,阳气不足,阳气暴脱,气血亏虚,肾精亏虚,D,,诊断学,单选
患者，女，50岁。病人头晕心悸，失眠健忘，面色淡白，气短懒言。其头晕属于,痰湿内阻,阳气不足,阳气暴脱,肾精亏虚,气血亏虚,E,,诊断学,单选
患者，女，62岁，平素眩晕耳鸣，失眠多梦，突然口眼歪斜，舌强言謇，舌红苔黄腻，脉弦滑。患者强硬舌的形成机理是,外感热病，邪入心包,热盛伤津，筋脉失养,肝肾阴虚，筋脉失养,气血亏虚，阴液亏损,肝风夹痰，阻滞络脉,E,,诊断学,单选
患者，女，67岁。猝然昏倒，不省人事，伴口眼歪斜，半身不遂，诊断是,痫病,癫病,狂病,厥病,中风,E,,诊断学,单选
患者“ 动风” 时并无高热、汗出的症状， 不宜诊断为,肝阳化风,血虚动风,阴虚动风,热极生风,慢脾惊风,D,,诊断学,单选
患者出现发热，恶风，头痛咳嗽，咽喉肿痛，大便溏泄，小便清长，证属：（         ）,上热下寒证,上寒下热证,真寒假热证,表热里寒证,实中夹虚,D,,诊断学,单选
患者大出血时面色苍白四肢厥冷大汗淋漓脉微欲绝辨证是,气随血脱,气不摄血,热迫血行,瘀阻脉络,亡阳证,A,,诊断学,单选
患者淡漠寡言，闷闷不乐，精神痴呆，喃喃自语，哭笑无常。多属：(    ),癫病,痫病,狂病,郁症,以上都不是,A,,诊断学,单选
患者恶寒发热，头身疼痛，无汗，脉浮紧，与太阳伤寒证相符，此诊断思维方法是,归纳法,类比法,演绎法,反证法,预测法,B,,诊断学,单选
患者发热，恶风，头痛咳嗽，咽喉肿痛，大便溏泻，小便清长。证属,上热下寒证,上寒下热证,真寒假热证,表热里寒证,实中夹虚,D,,诊断学,单选
患者发热，卒然昏倒，汗出不止，口渴，气急，甚或昏迷惊厥，舌绛干燥，脉濡数，证属：（      ）,亡阳,亡阴,中暑,心阳暴脱,,C,,诊断学,单选
患者浮肿、尿少反复发作3年，腰以下肿甚，腰酸，畏寒肢,风水相搏证,水湿浸渍证,脾虚水泛证,肾虚水泛证,血瘀水停证,D,,诊断学,单选
患者面色淡白，神疲乏力，少气懒言，胸胁刺痛，痛处固定不移，舌淡紫有瘀斑，脉细涩无力。其病机为,肝郁气滞,气滞血瘀,气阴两虚,气虚血瘀,气不摄血,D,,诊断学,单选
患者男，2岁。口腔、舌上布满白屑，形似奶块，属于,口疮,鹅口疮,麻疹黏膜斑,积食,手足口病,B,,诊断学,单选
患者男，40岁。平素急躁易怒，1日前猝然昏倒，不省人事，口眼㖞斜，半身不遂，舌红，苔白，脉弦，其舌象可见,痿软舌,裂纹舌,吐弄舌,强硬舌,齿痕舌,D,,诊断学,单选
患者男，72岁。久病后精神萎靡，神志不清，面色晦暗无华，目无光彩，呼吸微弱，言语断续低弱，属于,少神,神乱,假神,失神,厥证,D,,诊断学,单选
患者女，25岁。3日前皮肤出现红斑，瘙痒，迅速肿胀，形成丘疹、水疱，破后渗液，形成红色湿润之糜烂面，属于,湿疹,瘾疹,麻疹,水痘,风疹,A,,诊断学,单选
患者女，25岁。3日前突发头面皮肤焮红灼热，肿胀疼痛，色如涂丹，压之褪色，诊断为,抱头火丹,大头瘟,痄腮,发颐,水肿,A,,诊断学,单选
患者女，45岁。咳喘反复发作5年余，近日因工作劳累加重，患者坐而喜俯，神疲乏力，少气懒言，咳喘无力，舌淡，脉弱。其病机为,肺实气逆,肺气亏虚,肺阴亏虚,水饮停肺,肺脾气虚,B,,诊断学,单选
患者女，60岁。突发狂躁乱动，言行失常，打人毁物，骂詈不避亲疏，诊断为,痫病,癫病,狂病,脏躁,中风,C,,诊断学,单选
患者伤湿，其临床表现是：（      ）,发热恶风，头痛，汗出，苔薄白，脉浮缓,恶寒发热．头痛，无汗，苔薄白，脉浮紧,恶热汗出，口渴疲乏，太薄黄，舌红，脉虚数,发热体倦，头身重痛，胸闷不渴，苔白滑，脉缓,发热恶风，头痛，汗出，苔薄白，脉浮数,D,,诊断学,单选
患者身倦乏力少气懒言胁痛如刺拒按舌淡有紫斑脉沉涩。此属,气虚证,血瘀证,气虚血瘀证,气血两虚证,,C,,诊断学,单选
患者身热汗出，咽干口渴，咳嗽胸痛，痰中带血，鼻干唇燥，苔黄少津，脉象浮数，证属：（      ）,肺热壅盛,肺火,温燥,火淫证候,风淫证候,C,,诊断学,单选
患者身灼肢温，汗出如油，虚烦躁扰，脉细数疾，按之无力。证属,湿热郁蒸,暑伤津气,亡阳,亡阴,阴阳俱亡,D,,诊断学,单选
患者神识清楚而语言时有错乱，语后自知言错者，称,郑声,谵语,独语,错语,狂言,D,,诊断学,单选
患者视物不清，模糊不明者，多属,目眩,目昏,雀目,歧视,目痒,B,,诊断学,单选
患者手足软弱无力，行动不灵而无痛是：(    ),痹证,痿证,中风后遗症,瘫痪,痫证,B,,诊断学,单选
患者四肢疼痛较剧，痛有定处，阴寒加重，属于,行痹,热痹,痛痹,着痹,以上都不是,C,,诊断学,单选
患者头面浮肿，继而遍及全身，按之没指，小便短少，伴见肢体沉重困倦，脘闷纳呆，泛恶欲吐，舌苔白腻，脉沉，证属：（      ）,水湿侵淫,风水相搏,脾虚水肿,脾肾阳虚,肾阳虚衰,A,,诊断学,单选
患者头晕目眩，少气懒言，乏力自汗，面色萎黄，心悸失眠，舌淡而嫩，脉细弱，证属：（      ）,血虚,气虚,阴虚,气血两虚,阳虚,B,,诊断学,单选
患者心烦不寐，面红，口舌生疮，尿黄，舌尖红，证属,痰火扰心,肝火上炎,小肠实热,心火亢盛,,D,,诊断学,单选
患者心烦口渴口舌生疮小便赤涩尿道灼痛舌尖红赤苔黄脉数。此属,心火亢盛证,肝火上炎证,小肠实热证,膀胱湿热证,,C,,诊断学,单选
患者心悸，伴颧红、盗汗，多属,心气虚,心血虚,心阴虚,心阳虚,心脉痹阻,C,,诊断学,单选
患者以腹痛、里急后重、下利赤白粘液为主症应考虑为,肝脾不和证,脾气虚证,脾肾阳虚证,大肠湿热证,,D,,诊断学,单选
患者因暑热炽盛而卒然晕倒四肢抽搐辨证是,伤暑,中暑,暑风,暑瘵,冒暑,C,,诊断学,单选
患者月经先后无定，量少色淡，伴唇甲色淡，心悸失眠，头晕眼花，舌淡脉细，证属：（      ）,气不摄血,气随血脱,气血两虚,血虚,气滞血瘀,D,,诊断学,单选
患者自觉耳内鸣响的症状， 如闻潮水， 或如蝉鸣者属,耳鸣,耳聋,重听,耳闭,脓耳,A,,诊断学,单选
患者自觉胃脘胀闷不舒，且嗳腐吞酸，多为,气滞,食积,湿阻,脾虚,气逆,B,,诊断学,单选
黄厚苔主,里热证,寒湿证,表寒证,阳虚证,阴虚证,A,,诊断学,单选
黄腻苔不见于,肝胆湿热,湿热内蕴,痰热交阻,痰浊化热,寒湿内停,E,,诊断学,单选
黄燥苔多见于,表热证,湿热证,实热证,虚热证,假热证,C,,诊断学,单选
灰黑苔辨寒热的关键是观察：(    ),舌苔之厚薄,舌苔之腐腻,舌形之胖瘦,舌苔之润燥,舌之老嫩,D,,诊断学,单选
婚姻生育情况属于问诊中：（    ）,一般情况,现病史,既往病史,家族史,个人生活史,E,,诊断学,单选
火邪致病的特点是：（      ）,恶寒发热，无汗头痛,发热恶风，头痛汗出,恶热汗出，口渴乏力尿黄,发热体倦，头重胸闷不渴,发热口渴，谵妄吐衄,E,,诊断学,单选
饥不欲食见于,脾气虚证,脾阳虚证,胃气虚证,胃阴虚证,,D,,诊断学,单选
饥不欲食可见于,胃火亢盛,胃强脾弱,脾胃湿热,胃阴不足,肝胃蕴热,D,,诊断学,单选
肌肤初扪不觉热，扪之稍久即感灼手者，称,身有微热,壮热,身热不扬,骨蒸潮热,阳明潮热,C,,诊断学,单选
鸡胸多见于,痿病,狂病,小儿佝偻病,中风,郁病,C,,诊断学,单选
积粉苔常见于,表寒,表热,痰饮,食积,瘟疫,E,,诊断学,单选
疾病的哪个阶段较易出现证候真假,初期阶段,中间阶段,末期阶段,危重阶段,传变阶段,D,,诊断学,单选
疾脉的特征是,脉来一息四至,脉来一息四五至,脉来一息五六至,脉来一息五到七至,脉来一息七八至,E,,诊断学,单选
既见于气血两虚证，又见于湿证的是,细脉与濡脉,濡脉与迟脉,弱脉与短脉,弱脉与微脉,微脉与芤脉,A,,诊断学,单选
假神的表现是,神志清楚，面色红润，目光明亮，精彩内含,重病本已失神，突然神识清醒，颧赤如妆,壮热烦躁，神昏谵语，四肢抽搐,精神不振，面色少华，倦怠乏力,精神萎靡，面色无华，形体羸瘦,B,,诊断学,单选
假神最主要的病理机制是,气血不足，精神亏损,机体阴阳严重失调,脏腑虚衰，功能低下,精气衰竭，正气将脱,阴盛于内，格阳于外,D,,诊断学,单选
间时左胸前区刺痛，常于夜间发作，面色略暗，舌尖有紫色斑点，脉弦涩，为：（      ）,气滞证,气逆证,气闭证,血热证,血瘀证,E,,诊断学,单选
见于突然出血过多，血量骤减的脉象是,动脉,涩脉,芤脉,浮脉,伏脉,C,,诊断学,单选
鉴别脾气虚证与脾阳虚证最主要的是：(    ),有无肢体浮肿,有无食少便溏,有无身倦乏力,有无形寒肢冷,有无腹胀腹痛,D,,诊断学,单选
鉴别脾气虚证与胃气虚证最有意义的是：(    ),是否面色萎黄,有无少气懒言,有无神疲倦怠,是否大便稀溏,是否舌淡脉弱,D,,诊断学,单选
鉴别太阳伤寒证与太阳中风证最有意义的是：（    ）,有无头痛,有无恶寒,有无汗出,有无发热,有无恶风,B,,诊断学,单选
将八纲内容称为“二纲六变”的是,《伤寒杂病论》,《景岳全书》,《伤寒六书》,《伤寒质难》,《医学六要》,B,,诊断学,单选
焦黄苔临床多主：(    ),热轻,热重,热结,热入营血,湿热,C,,诊断学,单选
绞痛的特点是,胀闷疼痛,灼热疼痛,牵扯样痛,痛如刀绞,刺痛,D,,诊断学,单选
结脉、代脉、促脉，其脉象的共同点是,脉来较数,脉来时止,止无定数,脉来缓慢,止有定数,B,,诊断学,单选
结脉代脉促脉，其脉象的共同点是：（    ）,脉来较数,脉来时止,止无定数,脉来缓慢,止有定数,B,,诊断学,单选
结脉的特征是,数而时止，止无定数,数而时止，止有定数,缓而时,缓而时止，止有定数,乍疏乍密，如解乱绳状,C,,诊断学,单选
结石阻滞尿路作痛多为,绞痛,掣痛,灼痛,重痛,冷痛,A,,诊断学,单选
解索脉的表现是,脉来乍疏乍密,脉连连数急，三五不调,脉搏极慢，良久一至,脉动短小坚搏,脉急促而坚硬,A,,诊断学,单选
金实不鸣可见,语声重浊,音哑或失音,呻吟,惊呼,狂言,B,,诊断学,单选
津液亏虚者可见,口唇青黑,口唇深红,口角流涎,口唇淡白,口唇干裂,E,,诊断学,单选
津液亏虚证与燥淫证最主要的区别在于,前者称津亏，后者称液耗,前者属内燥，后者属外燥,前者属阴虚，后者属血虚,前者属耗损过多，后者属生化不足,前者属虚热证，后者属实热证,B,,诊断学,单选
紧脉的脉象是,端直以长，如按琴弦,脉来有力，左右弹手，势如绞转绳索,二者均是,二者均不是,,B,,诊断学,单选
紧脉的脉象特征是,如按琴弦,如按葱管,如按鼓皮,如转绳索,如按刀刃,D,,诊断学,单选
紧脉的特征是,如按鼓皮,如循刀刃,浮而搏指,绷急弹指,浮而数急,D,,诊断学,单选
经常脘腹冷痛喜按，吐清涎，口苦微渴，小便短黄，舌质红苔薄黄，脉沉弦。此为,寒热错杂证,真热假寒证,真寒假热证,表里实寒证,表寒里热证,A,,诊断学,单选
经络辨证一般不包括下列哪项,经络循行部位的症状,经络所属脏腑的症状,多经合病的症状,另条经络所见的症状,辨奇经八脉病证,D,,诊断学,单选
经期腹痛，夹有血块的原因是,气滞,血瘀,血虚,血热,痰湿,B,,诊断学,单选
惊悸失眠，胆怯易惊，烦躁不安，口苦呕恶，舌红苔黄腻，脉弦数，应诊断为,心火亢盛证,痰火扰神证,肝火炽盛证,胆郁痰扰证,肝胆湿热证,D,,诊断学,单选
惊悸失眠，头晕呕恶，胸胁胀闷，口苦吐痰，苔白腻，脉弦滑，应诊断为,肝火炽盛证,肝阳上亢证,肝胆湿热证,胆郁痰扰证,肝胃不和证,D,,诊断学,单选
颈部肿块已半年，质柔圆滑，推之可移，无压痛，皮色不,痰证,水停证,食积证,饮证,气滞证,A,,诊断学,单选
颈前结喉处有肿物如瘤，可随吞咽移动者，称为,瘿瘤,瘰疬,痰核,急喉风,梅核气,A,,诊断学,单选
镜面舌的形成机理是,水湿上犯,胃阴枯涸,热盛伤津,热入营血,胃肠热结,B,,诊断学,单选
久病咳喘，呼多吸少，动则尤甚，腰膝酸软，舌淡紫，脉沉弱，应诊断为,肾气不固证,肺肾气虚证,脾肺气虚证,心肺气虚证,心肾不交证,B,,诊断学,单选
久病舌红绛而痿软者属：(    ),阴亏已极,热灼津伤,气血两亏,痰浊内阻,以上都不是,A,,诊断学,单选
久病重病患者多日不想进食，突然食欲大增，其临床意义是,除中,消谷善饥,饥不欲食,纳呆,偏嗜食物,A,,诊断学,单选
绝汗的特点是,大汗淋漓,半身汗出,战栗汗出,睡时汗出,日间汗出,A,,诊断学,单选
绝汗多见于,阴虚证,阳虚证,津亏证,血虚证,亡阳证,E,,诊断学,单选
厥阴病提纲证不包括下列哪项：（    ）,气上撞心,腹满而吐,心中疼热,消渴喜饮,饥不欲食,C,,诊断学,单选
厥阴病证的主要病机是,上热下寒，寒热格拒,上热下寒，寒热错杂,正伤邪陷，寒热错杂,表寒化热，上热下寒,阴阳胜复，寒热错杂,B,,诊断学,单选
厥阴头痛的特点是：（    ）,前额疼痛连及眉棱骨,后头痛连项,两侧太阳穴附近痛,巅顶头痛,头痛连齿,D,,诊断学,单选
可见于正常人的脉象是,濡脉,缓脉,紧脉,芤脉,涩脉,B,,诊断学,单选
可见于正常人的舌象是,舌红起刺,舌面水滑,舌苔白腻,舌质淡红,舌体胖大,D,,诊断学,单选
可以作为判断正气渐衰的是,舌苔剥落后复生新苔,舌苔从全到剥落,未剥落处有滑苔,舌苔由润变干燥,舌质由红润变青,B,,诊断学,单选
可诊病变之所在的是苔之：(    ),偏全,腐腻,厚薄,剥落,真假,A,,诊断学,单选
渴不多饮，兼身热不扬，头身困重，胸闷纳呆，舌苔黄腻，其临床意义是,湿热内蕴,饮停胃肠,瘀血内阻,热入营分,阴虚火旺,A,,诊断学,单选
芤脉的特征是,浮而搏指，中空外坚,浮而无力，按之空虚,浮大中,应指浮大而中空,浮而细软无力,C,,诊断学,单选
芤脉与革脉的相同特点是,浮而不聚,浮而无力,浮而中空,脉位浅表，脉体阔大,脉位浅表，细软无力,C,,诊断学,单选
芤脉与革脉的相同特征是,浮而搏指，中空外坚,浮而无力，按之空虚,浮大中,应指浮大而中空,浮而细软无力,D,,诊断学,单选
口鼻干燥，干咳少痰，痰中夹血，舌干少津，属于,伤阴证,液脱证,外燥证,内热证,火淫证,C,,诊断学,单选
口出酸臭气为,龋齿,胃热,伤食,胃病,,C,,诊断学,单选
口撮可见于,肺气将绝,痉病，惊风,新生儿脐风,中风,疟疾,C,,诊断学,单选
口淡乏味常见于下列哪项?,脾胃气虚,脾胃湿热,肝胃不和,肝火上炎,,A,,诊断学,单选
口干，但欲漱水不欲咽，可见于：（    ）,阴虚证,湿热证,痰饮内停,瘀血阻滞,里寒证,D,,诊断学,单选
口干欲漱水而不欲咽者，多属,阴虚内热,瘀血内阻,里热炽盛,湿热内蕴,外感温热,B,,诊断学,单选
口噤可见于,肺气将绝,痉病，惊风,新生儿脐风,中风,疟疾,B,,诊断学,单选
口渴，但欲漱水而不欲咽多属（    ）,痰饮,湿热,阴虚,瘀血,阳虚,D,,诊断学,单选
口僻可见于,肺气将绝,痉病，惊风,新生儿脐风,中风,疟疾,D,,诊断学,单选
口酸是因：（    ）,胃气上逆,脾胃气虚,脾胃湿热,燥热伤津,肝胃不和,E,,诊断学,单选
口甜多属,脾胃虚弱,脾阳虚,湿热蕴脾,痰湿内阻,肝胃郁热,C,,诊断学,单选
口燥咽干，唇燥而裂，皮肤干枯，尿少便结，脉细数无力，属于,阴虚证,血虚证,气虚证,津液亏虚证,血热证,D,,诊断学,单选
口张可见于,肺气将绝,痉病，惊风,新生儿脐风,中风,疟疾,A,,诊断学,单选
口中黏腻不爽，其临床意义是,胃火炽盛,湿热蕴脾,胆火上炎,心火上炎,脾胃气虚,B,,诊断学,单选
狂妄躁动，呼笑怒骂，打人毁物，不避亲疏，属于,癫病,痫病,呆病,狂病,脏躁,D,,诊断学,单选
烂苹果样气味多见于,水肿晚期,脏腑败坏,失血病人,消渴重证,,D,,诊断学,单选
牢脉的脉象是：（    ）,轻取不应，重按始得,三部举按均有力,脉长而弦硬,脉位极沉,脉来缓慢,D,,诊断学,单选
类剥苔在临床上主：(    ),气血两虚,久病气血不续,胃阴枯竭,胃气大伤,肾阴亏虚,B,,诊断学,单选
类似证候难以鉴别时，可采用的辨证思维方法是,归纳法,类比法,反证法,试探法,演绎法,C,,诊断学,单选
冷汗淋漓见于,气虚证,阳虚证,亡阳证,亡阴证,,C,,诊断学,单选
里寒证的表现不见下述哪项,畏寒肢冷,口淡不渴,舌红苔灰,下利清谷,脉象沉紧,C,,诊断学,单选
里急后重是由(    )所致,湿热蕴结大肠，肠道气机传导不畅,湿邪内阻，肠道气滞,脾肾阳虚，肛门失约,脾虚中气下陷,肝气郁滞，横逆犯脾,A,,诊断学,单选
里热实证者可见,口唇青黑,口唇深红,口角流涎,口唇淡白,口唇干裂,B,,诊断学,单选
里实热证常见(    ),恶寒发热,寒热往来,但寒不热,但热不寒,以上都不是,D,,诊断学,单选
里虚寒证出现畏寒肢冷的病机是,寒邪束表卫气失宣,阳虚失于温煦,阴寒内盛阳气被郁,以上都不是,,B,,诊断学,单选
里证不包括下列哪项,少阴病证,阳明病证,太阴病证,太阳病证,厥阴病证,D,,诊断学,单选
连舌本散舌下的经络是,手太阴肺经,手少阴心经,足太阴脾经,足少阴肾经,足厥阴肝经,C,,诊断学,单选
两侧头痛者，多见于,太阳经头痛,少阳经头痛,阳明经头痛,厥阴经头痛,少阴经头痛,B,,诊断学,单选
两经或三经证候同时出现的是：（    ）,循经传,直中,合病,表里传,并病,A,C,诊断学,单选
两目干涩，视力减退，面部烘热，脉弦细数。宜诊断为：(    ),肝血虚证,肝阳上亢证,肝火炽盛证,肝阴虚证,肝胆湿热证,D,,诊断学,单选
"两颧潮红,见于:",虚阳上越,阳虚发热,阴虚内热,阳明实热,心火亢盛,C,,诊断学,单选
两手撮空是：(    ),中风先兆,关节疼痛,病危失神,烦燥不安,狂病,C,,诊断学,单选
裂纹舌一般不见于：(    ),脾虚湿侵,邪热炽盛,痰浊内阻,血虚不润,阴液亏虚,C,,诊断学,单选
林之翰所著的四诊专著是：（    ）,《四诊抉微》,《四诊心法要诀》,《四诊韵语》,《四诊法》,《察病指南》,A,,诊断学,单选
临床常见的、规范的病位证素与病性证素分别为,10项，20项,20项，33项,33项，60项,45项，60项,60项，90项,B,,诊断学,单选
临床见头晕、眼花、头摇、肢体颤抖等症，常认为是“动风”，此为,类比法,反证法,演绎法,预测法,经验再现法,A,,诊断学,单选
临床上常见的气逆证，多与下列何项关系密切：（      ）,肺脾肾,肺胃肾,肺心肝,心肾肺,肝肺胃,E,,诊断学,单选
临床上革脉不见的病症是,亡血,亡阳,失精,半产,漏下,B,,诊断学,单选
临房早泄，面白神疲，少气乏力，腰酸耳鸣，舌淡脉弱，诊为：(    ),肾阴虚证,肾气不固证,肾阳虚证,肾精不足证,肾不纳气证,A,,诊断学,单选
六经传变中，“并病”最确切的涵义是下列哪项：（    ）,一经病证同时兼有他经证候,由一经病证转变为另一经病证,两经或者三经证候同时出现,阳经病证与阴经病证同时并见,一经之证未罢又见他经病证,E,,诊断学,单选
六经传变中“合病”的最确切含义是下列哪项,由一经病证转变为另一经病证,两经或三经同时出现的病证,阳经病证与阴经病证并见,一经病证同时兼有他经证候,一经之证未罢又见他经病证,B,,诊断学,单选
论舌的第一部专著是：（    ）,《舌鉴》,《彩图辨舌指南》,《点点金》,《伤寒金镜录》,《望诊遵经》,D,,诊断学,单选
论述危重疾病的“十怪脉”的医家是：（    ）,李东垣,危亦林,吴鞠通,汪宏,张仲景,B,,诊断学,单选
络于舌本的经络是,手太阴肺经,手少阴心经,足太阴脾经,足少阴肾经,足厥阴肝经,E,,诊断学,单选
络于舌本的经脉是：(    ),手少阴经,手太阴经,足太阴经,足少阴经,足厥阴经,E,,诊断学,单选
脉搏搏动部位在关部明显，滑数有力而动摇不定的脉象是,数脉,滑脉,短脉,动脉,促脉,D,,诊断学,单选
脉搏出现在寸口背侧者，称之为,六阳脉,六阴脉,真脏脉,斜飞脉,反关脉,E,,诊断学,单选
脉浮而有力者是,外感风寒,外感风热,虚人外感,虚阳外越,外感实证,E,,诊断学,单选
脉来极细而软，按之欲绝，若有若无，称为,弱脉,虚脉,涩脉,微脉,濡脉,D,,诊断学,单选
脉来极细而软按之欲绝若有若无是,弱脉,细脉,濡脉,微脉,虚脉,D,,诊断学,单选
脉来急数而时一止，止无定数，指的是何脉?,疾脉,促脉,结脉,动脉,代脉,B,,诊断学,单选
脉来去俱盛，三部举按均有力是,洪脉,滑脉,紧脉,实脉,大脉,D,,诊断学,单选
脉体宽大，充实有力，来盛去衰的脉象是,洪脉,浮脉,大脉,实脉,长脉,A,,诊断学,单选
脉往来流利，应指流畅，如盘走珠是,动脉,弦脉,滑脉,数脉,散脉,C,,诊断学,单选
脉细如线，应指明显的脉象是,濡脉,弱脉,细脉,微脉,弦脉,C,,诊断学,单选
脉象的形成，与下述哪项关系最密切,脾胃运化,肺朝百脉,心与血脉,肝主疏泄,肾精盈亏,C,,诊断学,单选
脉象浮大中空，如按葱管者为,伏脉,结脉,芤脉,缓脉,浮脉,C,,诊断学,单选
脉象浮而细软称,濡脉,散脉,芤脉,弱脉,缓脉,A,,诊断学,单选
脉形较细，脉势不畅，如“轻刀刮竹”的脉象是,紧脉,涩脉,结脉,短脉,濡脉,B,,诊断学,单选
脉有根基最主要的表现是,脉律整齐，柔和有力,从容、徐和、软滑,不浮不,不大不小，不强不弱,尺脉有力，沉取不绝,E,,诊断学,单选
脉有胃气最主要的表现为,不浮不沉,柔和有力,不大不小,从容和缓流利,尺脉有力,D,,诊断学,单选
脉有胃气最主要的表现为：（    ）,不浮不沉,柔和有力,不大不小,从容和缓流利,尺脉有力,C,,诊断学,单选
脉有胃气最主要的表现为：（    ）,不浮不沉,柔和有力,不大不小,从容和缓流利,尺脉有力,D,,诊断学,单选
脉症相应为顺，指出下列何项为逆?,表证见浮脉,里证见沉脉,久病见浮脉,暴病见浮脉,有余之证见实脉,C,,诊断学,单选
满面通红，多属：(    ),实热证,虚热证,真寒假热,郁火证,以上都不是,A,,诊断学,单选
满面通红，目赤，多属,阴虚,湿热,阳浮,亡阴,实热,E,,诊断学,单选
满面通红多属,实热证,阴虚证,肝胆湿热,戴阳证,真寒假热证,A,,诊断学,单选
芒刺是指：（   ）,鼓起于舌面的红色，白色或黑色星点,舌面上的软刺及颗粒增大如刺，摸之刺手,舌面上出现大小、形状不一的青紫或黑色斑点，不突出于舌面,舌面上有多少不等、深浅不一、形态明显的裂沟,舌苔焦黑起刺,B,,诊断学,单选
梅核气及瘿瘤常见于：(    ),肝脾不调证,胆郁痰扰证,肝气犯胃证,肝气郁结证,气逆证,A,,诊断学,单选
门诊病历的完成时间是,入院12小时内,入院24小时内,患者就诊当时,入院8小时内,出院前24小时,C,,诊断学,单选
门诊病历医嘱不包括,服药禁忌,起居调摄,饮食宜忌,调护方法,疾病证明,E,,诊断学,单选
梦遗头晕，耳鸣，心烦而悸，舌红少苔，脉细数，应诊断为,心肾不交证,肾气不固证,心脾两虚证,肾阴亏虚证,肾精不足证,A,,诊断学,单选
面赤不见于下列哪项,实热证,阴虚证,戴阳证,肝火证,肾虚水停,E,,诊断学,单选
面黄虚浮多属,脾胃气虚,脾虚湿蕴,肝郁脾虚,阳黄,阴黄,B,,诊断学,单选
面黄虚浮者，称为：(    ),黄胖,萎黄,阳黄,阴黄,以上都不是,A,,诊断学,单选
面色淡白虚浮，多属,阴虚,亡阳,气虚,阳虚水泛,血虚,D,,诊断学,单选
面色黄白如鸡皮者，多属：(    ),失血,阳虚,气虚,阴虚,寒证,A,,诊断学,单选
面色黄而枯槁无光，两目不黄，唇舌色淡，属于,阳黄,阴黄,萎黄,肾虚,湿热,C,,诊断学,单选
面色黧黑而肌肤甲错，属：(    ),瘀血,肾虚,水饮,寒证,以上都不是,A,,诊断学,单选
面色有胃气，主要是指：(    ),一生不变,含蓄不露,光明润泽,微黄,满面通红,B,,诊断学,单选
描述不正确的是,中医病名比较精炼,应当挖掘古代病名,同一病可有多个病名诊断,许多中医病名是科学的,数病同存的多个诊断是允许的,C,,诊断学,单选
明代医家的作用是,正式提出“八纲”名称,初步确定八纲间的辨证关系,使得八纲辨证普及推广,已将八纲辨证作为辨证纲领,初步运用八纲进行辨证,D,,诊断学,单选
命门火衰的典型证候是,大便干结,大便先干后溏,大便时干时稀,大便夹脓血,大便下利清谷,E,,诊断学,单选
某癌症晚期的病危病人，“病程记录”应,随时记录，及时完成,每日记录2次,隔日记录1次,至少3天记录1次,3天内每日记录1次,A,,诊断学,单选
某妇女胸胁胀闷，走窜疼痛，性情急躁易怒，痛经，经色紫暗，夹有血块，舌质紫暗，脉弦涩。证属：（      ）,气滞,血瘀,气滞血瘀,肝气上逆,肝气郁结,C,,诊断学,单选
某鼓胀病患者已住院3天，“病程记录”应,随时记录，及时完成,每日记录2次,隔日记录1次,至少3天记录1次,3天内每日记录1次,D,,诊断学,单选
某患者持续低热，五心烦热，神疲欲寐，形体消瘦，耳聋，脉细，证属,卫分证,气分证,营分证,血分虚热证,血分实热证,D,,诊断学,单选
某患者咳嗽气喘，痰稀色白，形寒肢冷，舌淡苔白，脉迟缓，证属,风寒犯肺,寒邪客肺,饮停于肺,痰湿阻肺,风邪犯肺,B,,诊断学,单选
某患者咳嗽少痰，口干咽燥，声音嘶哑，形体消瘦，午后潮热，腰膝酸软，舌红少苔，脉细数，证属,肺肾阴虚证,肺阴虚证,肾阴虚证,肺肾气虚证,燥邪犯肺证,A,,诊断学,单选
某患者面红目赤，呼吸气粗，便秘腹满，神昏谵语，舌苔焦黄，证属,阳明经证,阳明腑实,太阴湿热,热迫大肠,少阴热化,B,,诊断学,单选
某患者尿频而清，余沥不尽，证属,肾阳虚证,肾气不固证,中气下陷,脾肾阳虚证,脾阳虚证,B,,诊断学,单选
某患者素体痰盛而又感受外邪之脉象是,浮滑,滑数,弦滑,浮数,弦紧,A,,诊断学,单选
某患者突然昏倒，口吐涎沫，四肢抽搐，醒后如常，见于,狂病,痫病,癫病,脏躁,痴呆,B,,诊断学,单选
某患者胸背彻痛剧烈，发病急骤，面色青灰，多因,肺热炽盛,痰热壅肺,饮停胸胁,痰瘀阻滞肺络,心脉急骤闭塞,E,,诊断学,单选
某男孩8岁近日脘腹胀满嗳气厌食嗳出酸腐气味大便不调苔厚腻脉滑。此属,胃气虚证,湿热蕴脾证,食滞胃脘证,胃火炽盛证,,C,,诊断学,单选
某女病人阴部灼热搔痒带下黄臭舌苔黄腻脉滑而数证属,肝胆湿热证,膀胱湿热证,下焦湿热证,肝经湿热证,脾胃湿热证,D,,诊断学,单选
某女患者月经量突然剧增，伴面色苍白，气少息微，大汗淋漓，手足厥冷，舌淡，脉细弱，证属,气不摄血证,气随血脱证,气血两虚证,血虚证,气虚证,B,,诊断学,单选
某些非特异性资料有机地组合在一起，可以成为,必要性资料,偶见性资料,否定性资料,一般性资料,特征性资料,E,,诊断学,单选
某心脉痹阻患者心胸闷痛，体胖痰多，身重困倦，其病因多为,瘀阻,痰凝,寒滞,气郁,阴虚,B,,诊断学,单选
木火刑金是指何证: (    ),肝火犯肺证,肝脾不调证,肝郁气滞证,肝胃不和证,肝火上炎证,A,,诊断学,单选
目胞浮肿，多属,脾虚水肿,津液耗伤,肝胆火炽,肾精耗竭,脾胃虚衰,A,,诊断学,单选
目部的脏腑相关部位哪项错误（   ）,目眦为“血轮”,白珠为“气轮”,瞳人属“水轮”,目胞属“肉轮”,黑睛为“水轮”,E,,诊断学,单选
目眩的表现为(    ),视物不清,视物旋转,视物昏花,视力丧失,目睛上视,B,,诊断学,单选
目眩欲仆，头摇肢麻，言謇，舌红，脉弦细数，应诊为：(    ),阴虚动风证,血虚生风证,肝阳化风证,热极生风证,肝阳上亢证,E,,诊断学,单选
哪项为病名,膀胱湿热,面色苍白,胃肠病变,外感内伤,混合痔,E,,诊断学,单选
哪项为证名,膀胱湿热,面色苍白,胃肠病变,外感内伤,混合痔,A,,诊断学,单选
哪项为症名,膀胱湿热,面色苍白,胃肠病变,外感内伤,混合痔,B,,诊断学,单选
男子滑精多见于,肾虚水泛证,肾阴虚证,肾精不足证,肾气不固证,肾阳虚证,D,,诊断学,单选
腻苔的特征是：(    ),苔质疏松粗大而厚,舌苔水滑,苔质细腻致密,苔质颗粒不清,以上都不是,C,,诊断学,单选
年高体弱，小便淋沥不尽，夜尿多，神疲，气短，动则汗,气虚证,气陷证,气不固证,气脱证,血脱证,A,,诊断学,单选
尿后余沥是由下述何项所致：（    ）,肾阳不足,肾阴亏损,瘀血内阻,肾气不足,膀胱湿热,D,,诊断学,单选
女子闭经多见于,肾虚水泛证,肾阴虚证,肾精不足证,肾气不固证,肾阳虚证,C,,诊断学,单选
女子宫寒不孕常见于何证：(    ),肾精不足证,肾气不固证,肾阳虚证,肾不纳气证,肾阴虚证,C,,诊断学,单选
呕声壮厉，吐势较猛，呕吐物呈黏稠黄水，多为,实热之证,虚寒之证,热扰神明,食滞胃脘,阴虚胃热,A,,诊断学,单选
呕吐呈喷射状   属于,热扰神明,肝气犯胃,胃痛,反胃,,A,,诊断学,单选
呕吐呈喷射状．属于：（    ）,热扰神明,肝气犯胃,胃痛,反胃,,A,,诊断学,单选
呕吐呈喷射状者，多为,实热之证,虚寒之证,热扰神明,食滞胃脘,阴虚胃热,C,,诊断学,单选
呕吐物秽浊酸臭，多属：(    ),寒呕,热呕,食积,痰饮,湿热,B,,诊断学,单选
呕吐物秽浊有酸臭味者，多属,感寒,胃热,伤食,痰饮,肝胆郁热,B,,诊断学,单选
呕吐物酸腐夹杂不消物食物，多属：(    ),肝胃郁热,热呕,食积,寒呕,痰饮,C,,诊断学,单选
判断病邪的性质，主要依据,舌体的颜色,舌苔的厚薄,舌体的动态,舌苔的颜色,舌下络脉,D,,诊断学,单选
判断病种辨别证候的主要依据是,病,证,症,病史,体征,C,,诊断学,单选
判断难以精确表达的模糊信息的中医诊断思维方法， 属,类比法,模糊判断法,演绎法,反证法,其他思维方法,B,,诊断学,单选
判断血的亏虚与否，可以依据,舌体的颜色,舌苔的厚薄,舌体的动态,舌苔的颜色,舌下络脉,A,,诊断学,单选
皮肤生白色小疱疹，晶莹如粟，颗粒清楚，诊断为,天花,水痘,白,湿疹,热气疮,C,,诊断学,单选
脾病的常见临床表现不包括下列哪项：(    ),呃逆,出血,腹胀,便溏,内脏下垂,A,,诊断学,单选
脾病虚证的基础证型是：(    ),脾不统血证,脾虚气陷证,脾胃气虚证,脾气虚证,脾阳虚证,A,,诊断学,单选
脾病最常见的临床症状是,胃脘胀痛,嗳气呃逆,腹胀便溏,恶心呕吐,吞酸吐酸,C,,诊断学,单选
脾不统血证中难以见到的症状是,皮肤紫色斑块,面白或萎黄,头晕、目眩,口臭龈肿齿衄,疲乏、气短,D,,诊断学,单选
脾胃气虚病人多见：(    ),面色萎黄,面黄虚浮,面目一身俱黄,面色青黄,以上都不是,A,,诊断学,单选
脾胃气虚可见（    ）,厌食，兼见嗳气酸腐,食少兼见腹胀便溏,厌油食，渐渐黄疸胁痛,食少，渐渐头身困重,嗜食异物,B,,诊断学,单选
脾胃湿热则：（    ）,口淡乏味,口甜粘腻,口中酸馊,口中泛酸,口苦,B,,诊断学,单选
脾胃湿热证可见,舌淡胖苔白润滑,舌质红苔黄厚腻,舌边青或有瘀点,舌红少苔有裂纹,舌淡红苔白腻,B,,诊断学,单选
脾胃虚寒导致的腹痛是,少腹冷痛，牵引阴部,小腹刺痛，经血紫暗,小腹胀痛，尿频灼痛,大腹隐痛，喜温喜按,胁胀腹痛，泻后痛减,D,,诊断学,单选
脾胃虚弱，气血不足多见,眉间、鼻根、唇周青紫,面色苍黄,面色白虚浮,面色青灰，肢冷脉微,面色萎黄,E,,诊断学,单选
脾胃虚弱而致脘腹疼痛的特点是：（    ）,隐隐作痛,痛如刀绞,冷痛喜温,胀满疼痛,走窜不定,A,,诊断学,单选
脾虚水湿内盛可见,苍老舌,痿软舌,胖大舌,吐弄舌,齿痕舌,C,,诊断学,单选
脾阳虚证的临床表现中不易见到的症状是,腹痛绵绵，喜温喜按,面白少华，口淡不渴,便溏不爽，色黄如糜,白带清稀，量多气腥,畏寒怕冷，四肢不温,C,,诊断学,单选
痞是：（    ）,心下按之硬而痛,心下满，按之柔软无压痛,腹内有块，按之坚硬，推之不移，痛有定处,肿块时聚时散，或按之无形，痛无定处,腹有结聚，按之硬，可移动聚散的。,B,,诊断学,单选
平人与四季相适应的自身脉象调节表现为,春弦、夏洪、秋毛、冬石,春弦、夏毛、秋钩、冬石,春钩、夏弦、秋毛、冬石,春钩、夏弦、秋石、冬毛,春毛、夏钩、秋石、冬毛,A,,诊断学,单选
气从胃中上逆出咽喉而发声短频者，称,呃逆,太息,干呕,嗳气,恶心,A,,诊断学,单选
气分证的临床表现是,身热夜甚，神昏谵语，舌质红绛,发热汗出，口渴尿黄，便秘腹胀，脉沉实,高热口渴，烦躁，斑疹密布，舌绛苔黄,身热烦渴，汗大出，谵语，舌质绛紫,身热夜甚，五心烦热，形体干瘦,B,,诊断学,单选
气分证的主要病机是,温热袭表，肺卫失宣,邪热壅肺，肺气郁闭,温邪入,热灼营阴，心神被扰,温邪入血，动血动风,C,,诊断学,单选
气逆证的发生，下列哪项最不可能：（      ）,肺,肝,脾,胃,心,C,,诊断学,单选
气随血脱证是指：（      ）,大失血伴有面色苍白，四肢厥冷，大汗淋漓，脉微欲绝,冷汗淋漓，味淡而微粘，胃寒肢冷，口不渴或喜热饮，呼吸气微，面色苍白，舌淡而渴，脉微欲绝,大吐泻伴身热恶热，躁妄不安，口渴喜冷饮，面色潮红，舌干无津，脉细数疾而按之无力,崩漏出血伴气短，倦怠乏力，面色白而无华，舌淡，脉细弱,发热，卒然昏倒，汗出不止，口渴，气急，甚或昏迷惊厥，舌绛干燥，脉濡数,A,,诊断学,单选
气虚证的舌象脉象是：（      ）,舌淡苔白，脉虚无力,舌淡瘦薄少苔，脉细,舌淡红，苔薄白，脉缓,舌淡胖，苔白滑，脉沉迟,舌淡胖，苔白滑，脉细迟,A,,诊断学,单选
气虚证一般不出现于下列哪些脏腑：(    ),脾胃,心肺,肝肾,肺肾,脾肺,E,,诊断学,单选
气血亏虚、阴液亏损可见,痿软舌,强硬舌,歪斜舌,颤动舌,吐弄舌,A,,诊断学,单选
气血亏虚可见,头晕头痛，痛有定处,头晕胀痛，头重脚轻,头晕面白，神疲体倦,头晕且重，如物裹缠,头晕胀痛，面红目赤,C,,诊断学,单选
气血两虚或阳虚可见,淡白舌,红舌,绛舌,紫舌,裂纹舌,A,,诊断学,单选
气血两虚证可见：（    ）,濡脉,弱脉,两者均有,两者均无,,C,,诊断学,单选
气营同病的临床表现是,身热夜甚，神昏谵语，舌质红绛,发热汗出，口渴尿黄，便秘腹胀，脉沉实,高热口渴，烦躁，斑疹密布，舌绛苔黄,身热烦渴，汗大出，谵语，舌质绛紫,身热夜甚，五心烦热，形体干瘦,C,,诊断学,单选
气郁痰凝，蒙蔽神明可致下列何种证候:,痰火扰神证,痰蒙心神证,心阳虚脱证,心火上炎证,瘀阻脑络证,A,,诊断学,单选
气滞所致的疼痛性质为(    ),刺痛,胀痛,著痛,酸痛,冷痛,B,,诊断学,单选
气滞血瘀、精伤、血少之证往往见,涩脉,实脉,革脉,弦脉,促脉,A,,诊断学,单选
气滞血瘀的病证可见,革脉,虚脉,涩脉,疾脉,实脉,C,,诊断学,单选
气滞血瘀精伤血少之证往往见：（    ）,涩脉,实脉,革脉,弦脉,促脉,A,,诊断学,单选
气滞引起的疼痛特点是,隐痛,重痛,掣痛,胀痛,刺痛,D,,诊断学,单选
气滞证的临床表现是,头晕眼花,嗳气恶心,腹部坠胀,胀闷疼痛,手足发麻,D,,诊断学,单选
气滞证的疼痛特点，不包括下列哪项：（      ）,按之一般有形,部位多不固定,随情绪而增减,症状时轻时重,随“气行”觉舒,A,,诊断学,单选
气滞致痛多为,灼痛,窜痛,空痛,重痛,刺痛,B,,诊断学,单选
前额连眉棱骨疼痛，属于(    ),督脉,少阳经,太阳经,阳明经,厥阴经,D,,诊断学,单选
前额连眉棱骨痛者，多见于,太阳经头痛,少阳经头痛,阳明经头痛,厥阴经头痛,少阴经头痛,C,,诊断学,单选
前胸高突，呼吸气喘，叩之膨膨然音清者，为,肺胀,饮停胸胁,真心痛,心气虚,胸部外伤,A,,诊断学,单选
切诊包括,问诊,按诊,脉诊,拍诊,,A,,诊断学,单选
轻取即得的脉象，以下除……以外均是：（    ）,浮脉,濡脉,洪脉,牢脉,芤脉,D,,诊断学,单选
轻取即得的脉象，以下除哪一项以外均是,浮脉,濡脉,洪脉,牢脉,芤脉,D,,诊断学,单选
情志郁结不疏所致胸痛的特点是,胸背彻痛,胸痛喘促,胸痛咯血,胸痛走窜,胸部刺痛,D,,诊断学,单选
秋天咳嗽，咳声不扬，痰少而黏，不易咳出。其临床意义是,燥邪犯肺,痰湿阻肺,热邪犯肺,肺气虚损,肺阴不足,A,,诊断学,单选
全腹紧张度降低，触之松软无力者，多见于,久病重病体虚,痿病患者,胆汁阻滞胆腑,肠痈患者,脊髓损伤,A,,诊断学,单选
雀啄脉的特征是,脉来浮数之极，至数不清，浮泛无根,脉在筋骨之间，如指弹石，劈劈凑指,脉来连连数急，三五不调，止而复作,脉来乍疏乍密，如解乱绳状,脉动短小而坚搏，如循薏苡子,C,,诊断学,单选
确立辨证论治理论的著作是,《黄帝内经》,《伤寒杂病论》,《诸病源候论》,《景岳全书》,《温病条辨》,B,,诊断学,单选
确认真热假寒证的最主要依据是,脉数而沉,面红目赤,咽干口渴,神昏谵语,身灼肢厥,E,,诊断学,单选
确认真热假寒证的最主要依据是：（         ）,脉数而沉,面色赤,身灼肢厥,咽干口渴,胸腹灼热,E,,诊断学,单选
热极生风证的临床表现是,持续低热，手足蠕动，舌绛少苔,突然昏仆，半身不遂，口眼歪斜,筋脉拘急，肌肉掣动，肢体麻木,两目上视，角弓反张，高热神昏,突然昏倒，不省人事，口吐涎沫,D,,诊断学,单选
热极生风证中动风表现的特点是,手足震颤,肢体麻木,手足蠕动,四肢抽搐,肌肉瞤动,D,,诊断学,单选
热结肠胃，痰食壅积，经脉阻滞，气血不能畅达，致倦怠懒言，身体羸瘦，脉象沉细。此为,真寒假热,真热假寒,真实假虚,真虚假实,不虚不实,C,,诊断学,单选
热入营分证的口渴特点是,渴欲饮冷,但欲漱水不欲咽,口渴引饮,口不甚渴,饮入即吐,D,,诊断学,单选
热入营血，营阴被耗可见,舌红绛苔黄燥,舌红绛苔黄腻,舌淡苔灰黑润,舌红绛少苔,舌红绛苔黄白相兼,D,,诊断学,单选
热伤营阴的舌象特征是,舌淡胖，苔白滑,舌淡胖嫩，苔黄滑,舌边有斑点,舌质淡红，舌苔白腻,舌质红绛无苔,E,,诊断学,单选
热甚伤津，气血壅滞，其舌质可见,绛紫干枯,舌绛湿润,青紫湿润,青紫晦暗,绛有芒刺,A,,诊断学,单选
热势较高，日哺热甚，兼见腹胀便秘属(    ),湿温病,阴虚证,阳明腑实证,小儿夏季热,气虚证,C,,诊断学,单选
热邪犯肺的咳声特点是,咳声重浊,咳声低微,咳声沉闷,咳声响亮,干咳无痰,D,,诊断学,单选
热证的表现不见下列哪项,便泄臭秽,口干口苦,面红尿清,舌苔黄腻,脉细而数,C,,诊断学,单选
热证转寒的临床表现是,疫毒痢初期，高热烦渴，舌红脉数，急骤出现四肢厥冷、面色苍白,咳嗽吐痰，息粗而喘，苔腻脉滑，久之气短而喘、声低懒言,初为关节冷痛、重着，病久见患处红肿灼痛,自觉发热、欲脱衣揭被，下肢厥冷，面色浮红如妆,神识昏沉，四肢厥冷，胸腹灼热，口鼻气灼，舌红苔黄,A,,诊断学,单选
热灼肝肾之阴的发热特征是：（    ）,身热不扬,日晡潮热,五心烦热,身热汗出,往来寒热,A,,诊断学,单选
濡脉、缓脉、细脉三种脉象共同主病是,湿证,脾虚证,劳损证,痰饮证,血虚证,A,,诊断学,单选
濡脉的特点是,脉细如线,按之欲绝,两者均有,两者均无,,C,,诊断学,单选
濡脉的特征是,浮细无力而软,脉细如线，应指明显,极细极软，按,沉细无力而软,脉来缓慢，时有中止,A,,诊断学,单选
濡脉与弱脉的不同处是,力度,脉位,紧张度,流利度,脉宽,B,,诊断学,单选
濡脉与弱脉的区别在于,脉位,脉形,力度,脉率,,A,,诊断学,单选
乳房有鸡卵大硬结，边界清楚，表面光滑，推之活动而不痛,乳癖,乳核,乳痨,乳疬,乳癌,B,,诊断学,单选
乳房肿块， 边界不清， 质地不硬， 伴有疼痛者， 多为,乳癖,乳核,乳痨,乳疬,乳癌,A,,诊断学,单选
乳房肿块质硬，高低不平，边界不清，腋窝可触及肿块者，,乳癖,乳核,乳痨,乳疬,乳癌,E,,诊断学,单选
弱脉的特征是,浮细无力而软,脉细如线，应指明显,极细极软，按,沉细无力而软,脉来缓慢，时有中止,D,,诊断学,单选
弱脉与濡脉的共同特征是,脉细如线,细而无力,浮而无力,沉而无力,脉来无力,B,,诊断学,单选
弱脉与濡脉为,在部位上有浮与沉的不同,在气势上有力与无力的不同,同两者都有关,同两者都无关,,A,,诊断学,单选
弱脉与濡脉为：（    ）,在部位上有浮与沉的不同,在气势上有力与无力的不同,同两者都有关,同两者都无关,,A,,诊断学,单选
三部脉举按皆充实有力，其势来去皆盛的脉象是,实脉,洪脉,革脉,弦脉,紧脉,A,,诊断学,单选
三部脉举之无力，按之空豁，应指松软的脉是,细脉,虚脉,散脉,芤脉,浮脉,B,,诊断学,单选
三部脉举之无力，按之空虚的是：（    ）,浮脉,虚脉,散脉,散脉,绝脉,B,,诊断学,单选
三焦辨证所概括的病证哪项不对,手太阴肺的病变属上焦病证,足阳明胃的病变属中焦病证,手厥阴心包的病变属下焦病证,足太阴脾的病变属中焦病证,足少阴肾的病变属下焦病证,C,,诊断学,单选
三焦病证的传变，其中的“逆传”是指：（    ）,阳明胃传入太阴肺,太阴脾传入太阴肺,太阴肺经传入心包,阳明胃经传入心包,中焦脾胃传入上焦,C,,诊断学,单选
散脉不属于,浮脉类,脉律不齐类,虚脉类,有根脉,无根脉,D,,诊断学,单选
涩脉的主病,气滞血瘀,血少精亏,二者均有,二者均无,,C,,诊断学,单选
涩脉的主病是,气滞血瘀,血少精亏,二者均有,二者均无,,C,,诊断学,单选
伤风证最常见的表现是,咳嗽，喉痒，鼻塞,恶风，微热，汗出,突起水肿，少尿,皮肤瘙痒，出风疹,眩晕，麻木，震颤,B,,诊断学,单选
伤食病人可见,呕吐物清稀无味,呕吐物秽浊酸臭,呕吐酸腐不化食物,呕吐黄绿色苦水,呕吐清水或痰涎,C,,诊断学,单选
伤阴或气血两虚可见,痿软舌,胖大舌,歪斜舌,短缩舌,吐弄舌,A,,诊断学,单选
伤于湿邪头痛的特点是：（      ）,头痛欲裂,头脑空痛,头胀而痛,头痛连齿,头痛绵绵,C,,诊断学,单选
上焦病证的病位是在,肺与大肠,肝胆脾胃,肺与心包,脾与胃,肝与肾,C,,诊断学,单选
上焦邪热可见：（    ）,自汗,盗汗,大汗,战汗,头汗,E,,诊断学,单选
上述哪项为血瘀证的常见共有症,胁下肿块、拒按，经闭不行,头晕头胀，嗜睡，身体困重,头痛如劈，头脑昏沉，健忘,皮下紫斑，气短，神疲乏力,疼痛如刺、固定，舌暗脉涩,E,,诊断学,单选
少苔主,里热证,寒湿证,表寒证,阳虚证,阴虚证,E,,诊断学,单选
少阳病的临床表现不包括下列哪项,便秘腹胀,口苦目眩,心烦喜呕,寒热往来,胸胁苦满,A,,诊断学,单选
少阳病的临床表现下列哪项是错误的,寒热往来,不欲饮食,胸胁苦满,心烦喜呕,脉滑数,E,,诊断学,单选
少阳病证的发热特点是,身热不扬,日晡潮热,五心烦热,身热汗出,往来寒热,E,,诊断学,单选
少阳病转变为厥阴病，在六经传变中称为：（    ）,合病,表里传,循经传,直中,越经传,D,,诊断学,单选
少阴热化证的临床表现不包括下列哪项,心烦不眠,口燥咽干,脉细数,舌尖红,胁下痞硬,E,,诊断学,单选
少阴热化证的主要证候是,脉微细，但欲寐,舌尖红，脉细数,口燥咽干，脉数,心烦不得眠，口燥咽干,身目黄，脉沉结,D,,诊断学,单选
舌边所候的脏腑一般是,心肺,肝胆,三焦,脾胃,肾,B,,诊断学,单选
舌淡白不胖较嫩而有齿痕多提示：(    ),阴虚,阳虚,气虚,血虚,精亏,D,,诊断学,单选
舌淡白而有裂纹，多见于,脾虚,阴虚,血虚,血瘀,血寒,C,,诊断学,单选
舌淡白光莹，舌体瘦薄，其主病是,气血两亏,阳虚水湿,风寒表证,阴虚火旺,阴寒内盛,A,,诊断学,单选
舌淡白胖嫩有齿痕，主病是,气血两虚,寒湿壅盛,阴虚火旺,肾精久耗,胃阴不足,B,,诊断学,单选
舌淡白瘦薄，主病是,气血两虚,寒湿壅盛,阴虚火旺,肾精久耗,胃阴不足,A,,诊断学,单选
舌淡胖嫩有齿印，多见于,脾虚,阴虚,血虚,血瘀,血寒,A,,诊断学,单选
舌淡紫湿润，最常见于,气血两虚,气虚血瘀,气滞血瘀,气不摄血,寒凝血瘀,E,,诊断学,单选
舌红少苔或无苔，可见于,阴虚证,阳亢证,实热证,表热证,戴阳证,A,,诊断学,单选
舌红苔薄黄，可见于,里热轻证,里热炽盛,湿热内蕴,痰热内蕴,食积化热,A,,诊断学,单选
舌尖部主要候哪个脏腑的病证,脾胃,心肺,肝胆,中焦,下焦,B,,诊断学,单选
舌尖红可见于,肝火上炎,心火上炎,胃火亢盛,相火妄动,湿热蕴脾,B,,诊断学,单选
舌尖见青紫色斑点，多见于,心脉痹阻,肝脏瘀血,胃肠瘀血,膀胱蓄血,肾脏瘀血,A,,诊断学,单选
舌尖起芒刺，多为,胃肠热盛,胃阴不足,心火亢盛,肝胆火盛,肾阴亏虚,C,,诊断学,单选
舌尖所候的脏腑一般是,心肺,脾胃,肾,膀胱,肝胆,A,,诊断学,单选
舌绛而光亮，可见于,肝经热盛,热入营血,胃阴不足,肝肾阴虚,阴虚火旺,C,,诊断学,单选
舌绛少苔而津润，是属：(    ),湿遏热伏,邪热入营,燥热内结,瘀血内停,阴虚火旺,B,,诊断学,单选
舌绛少苔或无苔，可见于,肝经风热,胃阴不足,阴虚火旺,肺阴不足,燥邪犯肺,C,,诊断学,单选
舌绛少苔或无苔，主病是,气血两虚,寒湿壅盛,阴虚火旺,肾精久耗,胃阴不足,C,,诊断学,单选
舌绛紫干枯少津，可见于,热毒炽盛,肝火上炎,风热犯肺,气不摄血,寒凝血瘀,A,,诊断学,单选
舌胖短缩，苔腻的主病是：(    ),痰湿内阻,寒滞经脉,水湿不化,邪热亢盛,肝风内动,A,,诊断学,单选
舌青紫而肿胀，多为,酒毒攻心,气血上壅,心脾热盛,气滞血瘀,热毒上攻,A,,诊断学,单选
舌色淡白，常见于,湿热内蕴,气血两虚,心火上炎,肝肾阴虚,外感表热,B,,诊断学,单选
舌苔淡黄而滑润，多见于：(    ),湿热证,风寒化热证,阳虚水湿不化证,痰热内盛证,食积,C,,诊断学,单选
舌苔多处剥脱，舌面仅斑驳残存少量舌苔者，称,前剥苔,根剥苔,花剥苔,类剥苔,地图舌,C,,诊断学,单选
舌苔干燥多见于,瘀血内阻,津液耗伤,湿浊壅滞,风寒表证,食滞胃肠,B,,诊断学,单选
舌苔灰黑润滑，常见于,阴寒内盛,里热炽盛,湿热内蕴,气血两虚,胃气衰败,A,,诊断学,单选
舌苔形成的原因主要是：(    ),邪气过盛,正气不足,胃气熏蒸,脏腑功能亢进,饮食积滞,C,,诊断学,单选
舌苔颜色对辨何项最有意义,证之表里,证之寒热,证之虚实,证之真假,,B,,诊断学,单选
舌苔有根无据主要辨别,正邪盛衰,气血盛衰,胃气存亡,津液存亡,,C,,诊断学,单选
舌体板硬强直，运动不灵者属：(    ),心阳不振,心火上炎,心神受扰,心血瘀阻,以上都不是,C,,诊断学,单选
舌体胖大边有齿痕，其临床意义是,心阴不足,肝血亏虚,肺阴不足,脾虚湿盛,肾精不足,D,,诊断学,单选
舌体软弱无力屈伸者称为,短缩舌,痿软舌,吐弄舌,强硬舌,颤动舌,B,,诊断学,单选
舌体肿胀，青紫晦暗者是：(    ),气血壅滞，将要发斑,心脾有热,邪热挟酒毒上攻,中毒,脾胃湿热与痰浊相搏,C,,诊断学,单选
舌诊中反映疾病寒热性质的是：(    ),苔色的变化,舌苔的多少,苔质的润燥,苔垢的腐腻,舌质颜色的变化,E,,诊断学,单选
"舌质淡白,有裂纹,多见于：",血虚不润,脾肾阳虚,阴虚火旺,热盛伤津,以上都不是,A,,诊断学,单选
舌质淡嫩，苔白润，可见于,虚寒证,实寒证,表寒证,假寒证,血瘀证,A,,诊断学,单选
舌质红降  舌苔白滑腻，在内伤杂病中多属：（   ）,阴虚挟痰浊,饮邪留滞,阴虚火旺,气营同病,以上都不是,A,,诊断学,单选
身材矮小智力和动作迟钝骨骼痿软舌淡红苔薄白脉细者应考虑为,肾阳虚证,肾精不足证,脾肾阳虚证,肾阴虚证,,B,,诊断学,单选
身热、谵妄、斑疹、抽搐、舌深绛的主要病机是,阴虚阳亢，肝风内动,营分热盛，引动肝风,肝经热盛，肝风内动,血分热盛，肝风内动,津血亏虚，筋脉失养,D,,诊断学,单选
身热不扬，汗出不解，容易见于下列哪证,脾气亏虚证,脾阳亏虚证,脾气下陷证,湿热蕴脾证,寒湿困脾证,D,,诊断学,单选
身热不扬午后热甚者属于,湿温潮热,阴虚潮热,阳明潮热,骨蒸潮热,气虚发热,A,,诊断学,单选
身热夜甚， 心烦神昏， 斑疹隐隐，舌绛，脉细数，属,气分证,气营同病,营分证,血分证,营血同病,C,,诊断学,单选
身热夜甚，躁扰不宁，斑疹显露，吐血衄血，舌深绛，属,气分证,气营同病,营分证,血分证,营血同病,D,,诊断学,单选
身热有汗，口渴咽干，咳逆胸痛，舌干苔薄黄，脉浮数。证属,伤暑证,温燥证,凉燥证,内燥证,阴虚证,B,,诊断学,单选
身体困重，恶心，苔腻，脉滑，主要反映,病名,病性,病位,病理连词,病势,B,,诊断学,单选
神的物质基础是：(    ),气,血,津液,精气,营气,C,,诊断学,单选
神疲乏力，面色萎黄，皮下紫斑，月经量多，舌淡，脉细无力，应诊断为,脾气亏虚证,脾不统血证,脾气下陷证,脾阳亏虚证,寒湿困脾证,B,,诊断学,单选
神疲乏力，少气懒言，气短，食少腹胀，舌淡嫩，脉缓无,气虚证,气陷证,气不固证,气脱证,血脱证,A,,诊断学,单选
神识不清，语言重复，时断时续，语声低弱者称,谵语,独语,郑声,错语,狂言,C,,诊断学,单选
神在全身皆有表现，但却突出地表现于：(    ),目光,面色,神志,脉象,形态,A,,诊断学,单选
神志错乱，哭笑无常，语无伦次，形体肥胖，纳呆，苔白滑，脉弦滑。为：（      ）,痰阻胸阳证,痰气郁结证,寒痰阻肺证,痰蒙心神证,痰浊犯脑证,D,,诊断学,单选
神志清楚，思维正常而吐字困难，或吐字不清，语言不流畅，属于,狂语,错语,呓语,语謇,谵语,D,,诊断学,单选
肾精不足证不易出现的证候是,烦热盗汗,健忘恍惚,女子经闭不孕,耳聋耳鸣如蝉,腰膝酸软,A,,诊断学,单选
肾气不固所导致的小便改变为：（    ）,小便短赤,小便频数而短少,小便浑浊,小便频数而清,小便涩痛,D,,诊断学,单选
肾气不固证的临床表现中不易见到的症状是,滑精早泄,胎动易滑,余沥不尽,月经淋沥,大便不爽,E,,诊断学,单选
肾虚寒湿带下病人多见,面色黧黑晦暗,面色黑而干焦,眼眶周围发黑,面色紫暗黧黑，肌肤甲错,面色淡青或青黑,C,,诊断学,单选
肾虚水泛证水肿的部位多见于,头面肿甚,胸胁肿甚,下肢肿甚,脐腹肿甚,上肢肿甚,C,,诊断学,单选
肾虚水泛证水肿的部位多见于：(    ),上肢肿甚,脐腹肿甚,胸胁肿甚,头面肿甚,下肢肿甚,B,,诊断学,单选
肾虚泄泻的病人其便质异常多呈,大便稀溏,溏结不调,完谷不化,便黑如油,脓血样便,C,,诊断学,单选
肾阳不足所致腰痛的特点为：（    ）,隐隐作痛,冷痛绵绵不休,重痛活动受限,痛处游走不定,刺痛固定不移,B,,诊断学,单选
肾阳虚病人多见,面色黧黑晦暗,面色黑而干焦,眼眶周围发黑,面色紫暗黧黑，肌肤甲错,面色淡青或青黑,A,,诊断学,单选
肾阴虚证的临床表现是,头痛，头晕，面红目赤，急躁易怒，口苦，脉弦数,眩晕眼花，两目干涩，胁痛颧红，舌红少苔，脉弦细数,头痛而晕，面白神疲，心悸，舌淡脉细,腰膝酸软，眩晕耳鸣，月经失调，遗精盗汗，舌红少苔,头目胀痛，眩晕耳鸣，面红目赤，头重脚轻，舌红少津,D,,诊断学,单选
失神的病人，本不能食，突然能食，此为：(    ),神志异常,无神,少神,假神,得神,D,,诊断学,单选
湿病病人斑疹显露提示温病已进入,卫分,气分,营分,血分,气营,D,,诊断学,单选
湿热蕴脾可见,舌红苔黄厚,舌淡苔白润,舌红苔黄腻,舌淡红苔薄白,舌红绛少苔,C,,诊断学,单选
湿热蕴脾证与肝经湿热下注证的鉴别要点是,是否舌红苔黄腻,是否阴部瘙痒,是否身目发黄,是否食少便溏,是否腹胀呕恶,B,,诊断学,单选
湿痰的特点是,痰白量多易咯,痰黄黏稠有块,痰少而黏难咯,痰白清稀量多,脓血痰气腥臭,A,,诊断学,单选
湿邪阻滞的疼痛特征是,绞痛,刺痛,窜痛,掣痛,重痛,E,,诊断学,单选
湿证患者可见,濡脉,弱脉,两者均有,两者均无,,A,,诊断学,单选
湿证一般不与下述哪项兼并出现,痰湿,风湿,虚湿,寒湿,湿热,C,,诊断学,单选
湿浊内蕴，阳气被遏可致舌苔为：(    ),厚苔,薄苔,腐苔,腻苔,剥苔,D,,诊断学,单选
识别温病气分证的主要依据是壮热而：（    ）,腹痛便秘,胸闷气粗,咳嗽气喘,头痛心烦,口渴苔黄,C,,诊断学,单选
实寒证与虚寒证最主要的区别点是,病程长短,病情缓急,脉之有力无力,怕冷的新久,肢体痛与不痛,C,,诊断学,单选
实寒证与虚寒证最主要的区别点是下列哪项,病程的长与短,怕冷之新与久,脉象有力与无力,病势的缓与急,疼痛喜按与拒按,C,,诊断学,单选
实热病人的唇色是,淡白,樱红,深红,青紫,青黑,C,,诊断学,单选
实热证出汗为(    ),冷汗淋漓,日间汗出，活动尤甚,蒸蒸发热，汗出不己,睡时汗出，醒则汗止,战栗而后汗出,C,,诊断学,单选
实热证的舌象是,舌红苔黄厚,舌淡苔白润,舌红苔黄腻,舌淡红苔薄白,舌红绛少苔,A,,诊断学,单选
实证的主要病因病机，下列哪项是错误的,疫病虫毒侵袭,正虚不能驱邪,六淫之邪外侵,气化阻滞障碍,病理产物停积,B,,诊断学,单选
食积内停引起的呕吐多表现为,呕吐酸腐食物,呕吐清水痰涎,呕吐黄绿苦水,呕吐酸臭秽浊,喷射状呕吐,A,,诊断学,单选
食积胃肠多为,口气酸腐,口气腥臭,口气酸臭,口气臭秽,口气臊臭,C,,诊断学,单选
食积证见,滑脉,涩脉,两者均见,两者均不见,,C,,诊断学,单选
食少便溏，神疲乏力，昨起腹胀痛，矢气极臭，舌淡苔白，脉,虚实并重证,真实假虚证,虚中夹实证,真虚假实证,实中夹虚证,C,,诊断学,单选
食少纳呆，腹胀便溏，神疲乏力，少气懒言，舌淡苔白，脉虚，应诊断为,脾阳亏虚证,寒湿困脾证,脾不统血证,脾气亏虚证,脾气下陷证,D,,诊断学,单选
食少脘痞，食后胀甚，气短神疲，面色萎黄，舌淡脉弱，应,脾阳虚证,脾虚气陷证,寒湿困脾证,脾气虚证,胃气虚证,E,,诊断学,单选
食滞所致呕吐的特点是,吐物清稀,吐物酸腐,干呕无物,喷射状呕,朝食暮吐,B,,诊断学,单选
食滞胃脘证的临床特点是,热结旁流，大便恶臭,口吐清水，大便溏薄,下痢脓,下利清谷，完谷不化,大便酸腐秽臭,E,,诊断学,单选
似喘不抬肩，喉中无痰鸣者称,哮症,上气,短气,热咳,,C,,诊断学,单选
是谁在卫气营血辨证的基础上补充并创立了三焦辨证：（    ）,吴鞠通,薛生白,王孟英,叶天士,刘河间,A,,诊断学,单选
手太阴肺经的病变可归属于,卫分证,气分证,血分证,营分证,营血分证,A,,诊断学,单选
手足汗出可见于,阳明热盛,中风,心脾两虚,上焦热盛,阳虚,A,,诊断学,单选
手足拘急、肢体震颤、四肢麻木、肌肉瞤动等动风表现，应诊断为,阴虚生风证,血虚生风证,肝阳化风证,血燥生风证,热极生风证,B,,诊断学,单选
手足蠕动是何证的临床特征：(    ),肝血虚证,热极生风证,肝阳化风证,阴虚动风证,血虚生风证,C,,诊断学,单选
手足心出汗多属于(    )脏的病变,心,肺,脾,肝,肾,C,,诊断学,单选
手足震颤与下列何项有关,阴虚动风证,血虚生风证,肝阳化风证,热极生风证,,A,,诊断学,单选
首次病程的完成时间是,入院12小时内,入院24小时内,患者就诊当时,入院8小时内,出院前24小时,D,,诊断学,单选
首先讨论阴阳与六变的是：（    ）,《内经》,《景岳全书·传忠录》,《难经》,《伤寒杂病论》,《医学心悟》,B,,诊断学,单选
受四季气候影响在秋季之平脉应,稍洪,稍沉,稍浮,稍弦,稍缓,C,,诊断学,单选
书写住院病历应当使用,红色墨水,蓝黑墨水,绘图铅笔,蓝色油水圆珠笔,黑色油水圆珠笔,B,,诊断学,单选
暑闭气机证的表现为,恶热，汗出，口渴，疲乏,胸闷，腹痛，呕恶，无汗,神志昏迷，抽搐惊厥,胸闷，腹胀，苔腻，发热,恶寒，发热，身痛，无汗,B,,诊断学,单选
暑闭气机证的特征表现是：（      ）,胸闷腹痛呕恶无汗,恶热汗出口渴疲乏,神志昏迷抽搐惊厥,胸闷腹胀苔腻发热,恶寒发热身痛无汗,A,,诊断学,单选
暑季游泳后突发腹痛如绞，恶心呕吐，口渴无汗，面白，微发热，脉弦数，证为,气滞寒凝证,风寒表实证,暑闭气机证,暑湿伤表证,寒中肠胃证,C,,诊断学,单选
暑淫病人口渴喜饮，气短神疲，其病机是,暑性升散,暑伤津气,暑闭气机,暑闭心神,暑邪夹湿,B,,诊断学,单选
属里虚寒证者为,大汗淋漓，四肢厥冷，面色苍白，神情淡漠，呼吸微弱，脉微欲绝,形体消瘦，五心烦热，颧红盗汗，口燥咽干，皮肤干燥，脉象细数,身热大汗，汗热质黏，面色潮红，躁扰不安，渴喜冷饮，脉细数疾,高热肢厥，神识昏沉，胸腹灼热，口渴喜饮，面色紫暗，脉沉有力,经常畏冷，四肢不温，渴喜热饮，常自汗出，尿清便溏，脉迟无力,E,,诊断学,单选
属里虚热证者为,大汗淋漓，四肢厥冷，面色苍白，神情淡漠，呼吸微弱，脉微欲绝,形体消瘦，五心烦热，颧红盗汗，口燥咽干，皮肤干燥，脉象细数,身热大汗，汗热质黏，面色潮红，躁扰不安，渴喜冷饮，脉细数疾,高热肢厥，神识昏沉，胸腹灼热，口渴喜饮，面色紫暗，脉沉有力,经常畏冷，四肢不温，渴喜热饮，常自汗出，尿清便溏，脉迟无力,B,,诊断学,单选
属上实下虚的证候是：(    ),肝阴虚证,肝气郁结证,肝火炽盛证,肝阳上亢证,寒滞旰脉证,A,,诊断学,单选
属阳虚的脏腑兼证是：(    ),心肝,心脾,心肾,肝肾,肝脾,B,,诊断学,单选
属于“痰热闭神”否定性资料的是,昏迷不知人,语言不清楚,喉间有痰声,无发热面赤,苔黄腻脉滑,D,,诊断学,单选
属于除中表现的是,食欲旺盛,食量逐渐减少,食量逐渐增加,饥而不欲食,重病突然欲食,E,,诊断学,单选
属于疾病名称的是,心肾不交,肠痈,血热,血瘀,表寒,B,,诊断学,单选
属于肾阳虚证常见证候的是,腰痛强直，转侧不利,腰膝酸冷，性欲减退,呼多吸少，动则喘甚,烦热盗汗，早泄梦遗,形寒肢冷，舌淡脉弱,B,,诊断学,单选
属于阳脏人表现的是,体形瘦长,头长,颈部细长,肩宽胸厚,体姿多前屈,D,,诊断学,单选
属于正常范围的脉象是：（    ）,大脉,滑脉,洪脉,实脉,数脉,B,,诊断学,单选
属于中医诊断基本原则的是,四诊合参,司外揣内,见微知著,以常衡变,因发知受,A,,诊断学,单选
属真热假寒证者为,大汗淋漓，四肢厥冷，面色苍白，神情淡漠，呼吸微弱，脉微欲绝,形体消瘦，五心烦热，颧红盗汗，口燥咽干，皮肤干燥，脉象细数,身热大汗，汗热质黏，面色潮红，躁扰不安，渴喜冷饮，脉细数疾,高热肢厥，神识昏沉，胸腹灼热，口渴喜饮，面色紫暗，脉沉有力,经常畏冷，四肢不温，渴喜热饮，常自汗出，尿清便溏，脉迟无力,D,,诊断学,单选
数脉的脉象特征是,脉来急速，一息七至以上,脉来急促，一息五六至,厥厥动摇，一息五至以上,脉来滑数，一息四五至,一息五至以上，时而一止,B,,诊断学,单选
数脉的特征是,脉来一息四至,脉来一息四五至,脉来一息五六至,脉来一息五到七至,脉来一息七八至,C,,诊断学,单选
数脉见于,寒证或实热证,邪闭,阴寒内盛,气虚,虚热证,E,,诊断学,单选
水逆证的呕吐特点是,吐利并作,饮后即吐,朝食暮吐,呕吐酸腐,呕吐如喷,B,,诊断学,单选
水入即吐者多属,湿热证,热盛伤津,阴虚,水饮内停,瘀血,D,,诊断学,单选
水液停聚的病理产物，由稀到稠的顺序是：（      ）,湿—痰—水—饮,湿—水—饮—痰,饮—水—湿—痰,痰—饮—水—湿,水—湿—痰—饮,B,,诊断学,单选
水肿先从头面肿起，起病急骤，兼见发热恶寒可以诊断为：(    ),风湿犯表证,脾肾阳虚证,寒湿困脾证,风水相搏证,湿溢肌表证,C,,诊断学,单选
睡时汗出，醒后汗止者是：（    ）,自汗,盗汗,大汗,战汗,头汗,B,,诊断学,单选
四肢麻木，痿废不用，多为,风寒入络,气血两虚,风痰阻络,寒湿阻滞,脾胃虚弱,E,,诊断学,单选
素体虚衰，外邪入侵而出现三阴经证候，称为：（    ）,越经传,并病,循经传,表里传,直中,C,,诊断学,单选
随季节气候不同而发生轻微改变的面色，称为,病色,主色,客色,善色,恶色,C,,诊断学,单选
所谓“因虚致实”，主要体现哪种辩证关系,对立关系,统一关系,邪正关系,因果关系,真假关系,D,,诊断学,单选
苔白而滑腻者为,寒湿内蕴,食积化热,热盛伤津,瘀血内停,热入营血,A,,诊断学,单选
苔薄白而干，多见于,外感水湿,脾肾阳虚,水湿内停,外感风热,阴液亏损,D,,诊断学,单选
苔黑而滑润者多属：(    ),阳虚寒盛,饮食停滞,瘀血内停,寒湿内阻,湿热内蕴,D,,诊断学,单选
苔黄而腻者为,寒湿内蕴,食积化热,热盛伤津,瘀血内停,热入营血,B,,诊断学,单选
苔质颗粒大而疏松，形如腐渣者，为,滑苔,腐苔,腻苔,润苔,燥苔,B,,诊断学,单选
苔质致密，颗粒细小，融合成片，属,滑苔,腐苔,腻苔,润苔,燥苔,C,,诊断学,单选
太息的病机是：（    ）,肝气郁结,脾气虚弱,胃气上逆,肝阳上亢,肺气不足,A,,诊断学,单选
太阳病的主要病机是,寒邪袭表，郁遏卫气，损伤营阴,风寒袭表，正邪交争，营卫失和,风寒袭表，郁遏卫气，损伤营阴,风寒外袭，卫外不固，营不内守,风寒外束，卫阳被遏，毛窍闭伏,B,,诊断学,单选
太阳伤寒证不可能出现的症状是：（    ）,恶寒发热,有汗脉缓,项强痛,无汗而喘,身体疼痛,A,,诊断学,单选
太阳伤寒证的主要病机是,寒邪袭表，郁遏卫气，损伤营阴,风寒袭表，正邪交争，营卫失和,风寒袭表，郁遏卫气，损伤营阴,风寒外袭，卫外不固，营不内守,风寒外束，卫阳被遏，毛窍闭伏,E,,诊断学,单选
太阳中风证的主要辨证要点是,恶寒发热，头项强痛，脉浮紧,发热恶风，头痛汗出，脉浮缓,发热恶寒，项背强痛，脉浮缓,发热恶寒，头痛汗出，脉浮数,发热恶寒，头痛汗出，脉浮缓,B,,诊断学,单选
太阳中风证的主要病机是,寒邪袭表，郁遏卫气，损伤营阴,风寒袭表，正邪交争，营卫失和,风寒袭表，郁遏卫气，损伤营阴,风寒外袭，卫外不固，营不内守,风寒外束，卫阳被遏，毛窍闭伏,D,,诊断学,单选
太阳中风证的主要脉症是：（    ）,恶寒发热，头项强痛，脉浮紧,发热恶风，头痛汗出，脉浮缓,发热恶寒，项背强痛，脉浮缓,发热恶寒，头痛汗出，脉浮数,发热恶寒，头痛汗出，脉浮缓,B,,诊断学,单选
太阴湿热证的发热特点是,身热不扬,日晡潮热,五心烦热,身热汗出,往来寒热,A,,诊断学,单选
痰、悬、支、溢四饮主要是根据下列哪项而命名,饮邪的性质,饮停的原因,饮邪的多少,饮停的先后,饮停的部位,E,,诊断学,单选
痰白滑而量多，易咯出者，属：(    ),热盛伤津,寒伤阳气,肝风挟痰,脾虚湿聚,肺痈,D,,诊断学,单选
痰黄稠有块者，多属,寒痰,热痰,燥痰,湿痰,肺痈,B,,诊断学,单选
痰黄粘稠成块者，属于：(    ),热痰,寒痰,风痰,燥痰,湿痰,A,,诊断学,单选
痰火扰心导致,夺气,郑声,独语,错语,狂言,E,,诊断学,单选
痰蒙心神证的临床表现是,持续低热，手足蠕动，舌绛少苔,突然昏仆，半身不遂，口眼歪斜,筋脉拘急，肌肉掣动，肢体麻木,两目上视，角弓反张，高热神昏,突然昏倒，不省人事，口吐涎沫,E,,诊断学,单选
痰蒙心神证最不容易见到的症状是,神情抑郁,狂躁妄动,突然昏仆,喃喃自语,痴呆淡漠,B,,诊断学,单选
痰热壅肺可见,喘,哮,声重,少气,太息,A,,诊断学,单选
痰少而黏，难于咯出者，多属,寒痰,热痰,燥痰,湿痰,肺痈,C,,诊断学,单选
痰湿内阻导致的头晕是,头晕面白，腰膝冷痛,头晕面白，神疲体倦,头晕刺痛，痛有定处,头晕且重，如物裹缠,头晕耳鸣，胸闷气短,D,,诊断学,单选
痰湿内阻所致头晕的特征，是伴有,胀痛,刺痛,眼花,耳鸣,昏沉,E,,诊断学,单选
痰饮  悬饮  支饮  溢饮主要是根据下列哪项而命名：（      ）,饮停部位,饮邪性质,饮邪多少,饮停先后,饮停的原因,A,,诊断学,单选
痰饮宿疾可见,喘,哮,声重,少气,太息,B,,诊断学,单选
痰饮悬饮支饮溢饮主要是根据下列哪项而命名：（      ）,饮停部位,饮邪性质,饮邪多少,饮停先后,饮停的原因,A,,诊断学,单选
痰饮证多见,濡脉,弦脉,革脉,动脉,短脉,B,,诊断学,单选
痰与饮的共有症，不包括以下哪项：（      ）,咳吐痰涎,舌苔白滑,胸闷脘痞,形体肥胖,头晕目眩,E,,诊断学,单选
痰与饮的区别，以下哪项不对,痰质地较稠，饮质地较稀,痰流动性大，饮流动性小,痰致病广泛，饮致病局限,痰性有寒热，饮性多偏寒,饮可凝为痰，痰难化为饮,B,,诊断学,单选
痰证见,滑脉,涩脉,两者均见,两者均不见,,A,,诊断学,单选
痰浊结于颈部两侧表现为,瘿瘤,瘰疬,项痈,项强,项瘘,B,,诊断学,单选
痰浊结于颈前表现为,瘿瘤,瘰疬,项痈,项强,项瘘,A,,诊断学,单选
疼痛如针刺之状，固定不移的是,瘀血,气滞,风湿,血虚,湿热,A,,诊断学,单选
提示疾病发展转折点的是,自汗,绝汗,盗汗,战汗,头汗,D,,诊断学,单选
提示邪气渐盛的舌苔变化是,苔由厚变薄,苔由薄变厚,苔由多变少,苔由润变燥,苔骤然退去,B,,诊断学,单选
体格检查的内容，不包括,一般情况,血、尿、便检查结果,全身浅表淋巴结情况,胸腹部情况,神经系统情况,B,,诊断学,单选
体胖食少，神疲乏力者，属,形气有余,形盛气虚,胃火亢盛,阴虚火旺,精气衰竭,B,,诊断学,单选
听声音的内容不包括下列哪项,呼吸,呵欠,咳嗽,耳鸣,语言,D,,诊断学,单选
停经半年，伴面白无华，爪甲不荣，头晕目眩，舌淡脉细，应诊为：(    ),肝肾阴虚证,心肝血虚证,心脾两虚证,肾精不足证,肝血虚证,E,,诊断学,单选
通过哪项可判断邪气之深浅：(    ),苔之腐腻,苔之润燥,苔之厚薄,苔之剥落,舌苔的真假,C,,诊断学,单选
头发色黄干枯，稀疏易落，多属：(    ),精血不足,血虚受风,疳积病,肾虚或血热,因禀赋不足所致,A,,诊断学,单选
头目胀痛的常见原因是,气机郁滞,寒邪凝滞,肝火上炎,肝气乘脾,痰蒙清窍,C,,诊断学,单选
头痛烦躁，面红口苦，耳鸣胁痛，尿黄便秘，舌红苔黄燥，脉弦数，应诊断为,肝阳上亢证,肝火炽盛证,肝胆湿热证,肝阴亏虚证,肝风内动证,B,,诊断学,单选
头痛剧烈，面红目赤，急躁易怒，舌红苔黄，脉弦数。宜诊断为：(    ),肝阳上亢证,肝胆湿热证,肝阴虚证,肝火炽盛证,胆郁痰扰证,D,,诊断学,单选
头晕而重，如物缠裹，苔腻者，多因,瘀血,痰湿,气虚,风寒,气滞,B,,诊断学,单选
头晕耳鸣，遗精健忘，腰膝酸软者属(    ),肝阳上亢,气血两亏,肾精亏虚,脾气亏虚,以上都不是,C,,诊断学,单选
头晕目涩，胁肋隐痛，面部烘热，潮热盗汗，舌红少苔，脉弦细数，应诊断为,肝火炽盛证,肝气郁结证,肝胆湿热证,肝阳上亢证,肝阴虚证,E,,诊断学,单选
头晕目眩，食少纳差，脘腹重坠，气短乏力，动则益甚，舌,肝阳上亢证,心脾两虚证,痰浊内阻证,肝肾阴虚证,脾虚气陷证F.心肝血虚证,E,,诊断学,单选
头晕目眩，胸胁隐痛，两目干涩，腰膝酸软，失眠多梦，诊,肝阳上亢证,心脾两虚证,痰浊内阻证,肝肾阴虚证,脾虚气陷证F.心肝血虚证,D,,诊断学,单选
头晕眼花，面色淡白，舌淡，脉沉细，其辨证应倾向于,痰湿内阻,心肝血虚,肝阳上亢,肾精亏虚,肝火上炎,B,,诊断学,单选
头晕眼花舌质淡脉细涩腹部肿块固定疼痛者证属,气虚血瘀,血虚血瘀,气滞血瘀,寒客血脉,肝郁血瘀,B,,诊断学,单选
头晕胀痛，面红目赤，口苦而干，恶梦纷纭，舌红苔黄，脉弦数，应诊为：(    ),肝阳上亢证,肝胆湿热证,肝火上炎证,肝经湿热证,胆郁痰扰证,C,,诊断学,单选
头重脚轻，眩晕欲仆者，此属：(    ),肝阳化风证,血燥生风证,血虚生风证,阴虚生风证,热极生风证,C,,诊断学,单选
突发耳鸣，声大如潮声，按之不减者，多因：（    ）,肝胆火盛,阴虚火旺,肝肾阴虚,肾精亏损,气血不足,A,,诊断学,单选
突起胃脘疼痛，呕吐清涎，面色苍白，舌苔白润，脉沉紧。此为,表实寒证,表实热证,里实寒证,里虚寒证,里虚热证,C,,诊断学,单选
突然昏倒，不省人事，口吐涎沫，口出异声，四肢抽搐，醒后如常，多属于,狂病,癫病,痫病,中风,急惊风,C,,诊断学,单选
突然昏仆，不省人事，口吐涎沫，喉有痰声，手足抽搐。宜诊断为：(    ),痰蒙心神证,痰火扰神证,胆郁痰扰证,心火亢盛证,肝阳化风证,D,,诊断学,单选
吐弄舌常见于,热极生风,阳亢生风,阴虚动风,疫毒攻心,小儿智力发育不全,E,,诊断学,单选
吐弄舌多因：(    ),肺胃热盛,肝胆湿热,心脾热盛,阴虚火旺,以上都不是,C,,诊断学,单选
歪斜舌的形成原因是,肝风夹痰,气血两虚,阴虚火旺,以上都不是,,A,,诊断学,单选
外感表证初起，常见：（    ）,淡白舌,淡红舌,红舌,青舌,降舌,B,,诊断学,单选
外感风寒的咳声特点是：（    ）,咳声重浊,咳声清脆,咳声紧闷,咳声不扬,咳声顿作,A,,诊断学,单选
外感风寒或风热之邪，或痰湿壅肺，肺失宣肃，导致的音哑或失音，称,子喑,金破不鸣,金实不鸣,少气,短气,C,,诊断学,单选
外感风寒可见,语声重浊,音哑或失音,呻吟,惊呼,狂言,A,,诊断学,单选
外感风热病人可见,鼻塞流清涕,鼻塞流浊涕,鼻塞流脓涕腥臭,鼻衄或齿衄,息灼、鼻翼扇动,B,,诊断学,单选
外感风邪可见(    ),恶寒重发热轻,发热重恶寒轻,发热轻恶风自汗,寒热往来,不恶寒反恶热,C,,诊断学,单选
外感秽浊不正之气，热毒内盛的舌象是：(    ),白腻苔,黄腻苔,灰黑苔,腐苔,积粉苔,E,,诊断学,单选
外感时病中， 寒邪侵袭所致病证， 常用的辨证方法是,脏腑辨证,六经辨证,三焦辨证,经络辨证,卫气营血辨证,B,,诊断学,单选
外感温热疾病，舌苔由白转黄，说明：(    ),病邪仍在表,邪在半表半里,热邪迅速伤阴,表邪化热入里,以上都不是,D,,诊断学,单选
外邪最易侵袭何经：（    ）,厥阴经,太阳经,阳明经,太阴经,少阳经,D,,诊断学,单选
脘腹各部位的划分，脐下至耻骨上缘称,小腹,少腹,脐腹,大腹,脘部,A,,诊断学,单选
脘腹冷痛，痛势暴急，口吐清水，面青肢冷，苔白滑，脉沉紧，应诊断为,胃阳亏虚证,寒饮停胃证,胃气虚证,食滞胃脘证,寒滞胃脘证,E,,诊断学,单选
脘腹冷痛拒按，大便秘结，多见于,表寒证,真寒假热证,虚寒证,实寒证,亡阳证,D,,诊断学,单选
脘腹冷痛喜按，大便溏软，多见于,表寒证,真寒假热证,虚寒证,实寒证,亡阳证,C,,诊断学,单选
脘腹痞满，身热不扬，身目鲜黄或皮肤发痒，见于何证:,湿热蕴脾证,寒湿困脾证,大肠湿热证,肝胆湿热证,脾虚湿盛证,D,,诊断学,单选
脘腹痞胀，纳呆呕恶，身热不扬，汗出热不减，应诊断为,肝胃不和证,湿热蕴脾证,肝火炽盛证,肝郁脾虚证,肝经湿热证,B,,诊断学,单选
脘腹痞胀疼痛、拒按，嗳腐吞酸，泻下臭秽，脉滑，应诊断为,肠燥津亏证,胃阴亏虚证,肠热腑实证,食滞胃脘证,胃热炽盛证F.寒滞胃肠证,D,,诊断学,单选
脘腹胀满喜按，时有缓解，舌淡胖，脉沉无力。证属,表实里虚证,表虚里实证,真实假虚证,真虚假实证,上实下虚证,D,,诊断学,单选
脘腹胀痛拒按，厌食，吞酸，呕吐酸腐，舌苔厚腻，脉滑，应诊断为,食滞胃肠证,寒滞胃肠证,胃热炽盛证,胃肠气滞证,寒饮停胃证,A,,诊断学,单选
脘胁胀痛，吞酸嘈杂，呃逆嗳气，情绪抑郁，善太息，应诊,肝胃不和证,湿热蕴脾证,肝火炽盛证,肝郁脾虚证,肝经湿热证,A,,诊断学,单选
亡阳病人，按肌肤的表现为,肌肤灼热，体温升高,肌肤寒冷，体温偏低,大汗淋漓，四肢厥冷,汗出如油，四肢尚温,身灼热而四肢厥冷,C,,诊断学,单选
亡阳亡阴的共同之处，错误的是：（         ）,见于病久体弱患者,出现在病情危重之时,病变趋势极其危急,以出现“绝汗”为特征,对方亦可随之而亡,A,,诊断学,单选
亡阳证汗出特点是,汗多壮热,汗出恶风,冷汗淋漓,汗出肢温,动则汗出,C,,诊断学,单选
亡阴病人，按肌肤的表现为,肌肤灼热，体温升高,肌肤寒冷，体温偏低,大汗淋漓，四肢厥冷,汗出如油，四肢尚温,身灼热而四肢厥冷,D,,诊断学,单选
亡阴亡阳证多见于：（      ）,初病,久病,重病,危病,新病,D,,诊断学,单选
望色十法中，清浊可以分辨：(    ),表里,阴阳,虚实,成败,轻重,B,,诊断学,单选
望色十法中“清”多主,阳证,表证,新病,轻病,实证,A,,诊断学,单选
望舌辨虚实，主要观察,舌色浅深,舌质老嫩,舌苔厚薄,舌苔润燥,,B,,诊断学,单选
望舌质重在辨：(    ),正气的盛衰,病邪的深浅,疾病的性质,津液的存亡,病情之进退,A,,诊断学,单选
危重症病人瞳孔散大，多属,脾虚水肿,气血不足,肝胆火炽,肾精耗竭,脾胃虚衰,D,,诊断学,单选
微发热，不欲食，乏力，苔薄白，脉弦缓，此类病情资料的属性是,—般性资料,否定性资料,特征性资料,偶见性资料,必要性资料,A,,诊断学,单选
微脉的特征是,浮细无力而软,脉细如线，应指明显,极细极软，按,沉细无力而软,脉来缓慢，时有中止,C,,诊断学,单选
卫分证的主要病机是,温热袭表，肺卫失宣,邪热壅肺，肺气郁闭,温邪入,热灼营阴，心神被扰,温邪入血，动血动风,A,,诊断学,单选
卫气营血辨证的临床意义应除外下列哪项：（    ）,归类温病病变中的不同证候,阐明各种温热病的感邪途径,揭示温病病情的浅深与轻重,说明温病过程中的传变规律,指导临床立法处方以及用药,E,,诊断学,单选
为沉、弦、大、实、长五种脉象之复合脉的是,沉脉,实脉,伏脉,牢脉,弦脉,D,,诊断学,单选
畏寒常出现于(    ),寒热并见,寒热往来,但寒不热,但热不寒,表寒里热,C,,诊断学,单选
胃气衰败的脉象特征最可能的是,弦而软,弦而硬,弦而缓,弦而数,弦而滑,B,,诊断学,单选
胃热多为,口气酸腐,口气腥臭,口气酸臭,口气臭秽,口气臊臭,D,,诊断学,单选
胃热亢盛多见（    ）,口渴欲饮，饮水即吐,口渴不欲饮,口渴喜冷饮,口渴引饮，小便量多,口不渴饮,C,,诊断学,单选
胃热者，其口气特点为,酸臭,奇臭,臭秽,腐臭,尸臭,C,,诊断学,单选
胃脘冷痛，呕吐清水，夹有不消化食物，畏寒肢冷，应诊断,胃气虚证,胃阳虚证,寒滞胃脘证,胃热炽盛证,胃阴虚证,B,,诊断学,单选
胃脘冷痛剧烈，得热痛减属(    ),胃阳虚,胃腑血瘀,寒邪犯胃,食积胃脘,胃中瘀血,C,,诊断学,单选
胃脘隐痛，喜温喜按，食后痛减，畏寒肢凉，舌淡胖嫩，应诊为,胃气虚证,胃阳虚证,寒饮停胃证,脾气虚证,脾阳虚证,B,,诊断学,单选
胃脘隐隐灼痛，嘈杂不舒，饥不欲食，干呕呃逆，大便干,胃气虚证,胃阳虚证,寒滞胃脘证,胃热炽盛证,胃阴虚证,E,,诊断学,单选
胃脘胀满疼痛，嗳腐吞酸，属,肝郁化火证,食滞胃脘证,心脾两虚证,心肾不交证,心肺气虚证,B,,诊断学,单选
胃脘胀痛的常见原因是,气机郁滞,寒邪凝滞,肝火上炎,肝气乘脾,痰蒙清窍,A,,诊断学,单选
胃阳虚证呕吐的特点是：(    ),干呕呃逆,泛吐清水,呕吐胆汁,吐物酸腐,痛而欲吐,B,,诊断学,单选
胃阴亏虚可见,干呕无物,呕吐酸腐,呕吐清水,喷射呕吐,朝食暮吐,A,,诊断学,单选
胃阴虚在食欲方面的特征是：(    ),食欲减退,厌食油腻,消谷善饥,饥不欲食,饥而能食,A,,诊断学,单选
胃阴虚证的临床表现中不易见到的症状是,胃脘灼痛,口燥咽干,大便秘结,消谷善饥,舌红少津,D,,诊断学,单选
胃中气体上出咽喉所发出的长而缓的声音，称,夺气,嗳气,呃逆,太息,呵欠,B,,诊断学,单选
温病热入营分可见：（    ）,口渴喜饮,渴喜热饮,渴不欲饮,渴不多饮,但欲漱水不欲咽,D,,诊断学,单选
温病热入营血时，舌色应为：(    ),红舌,淡红舌,紫舌,淡白舌,绛舌,E,,诊断学,单选
温病下焦病证相当于卫气营血辨证中的,卫分证,气分证,营分证,血分实热证,血分虚热证,E,,诊断学,单选
温热病热入营血，最常见的舌象是,红舌,绛舌,青舌,紫舌,淡白舌,B,,诊断学,单选
温热病邪侵袭肌表， 卫气功能失常， 常用的辨证方法是,脏腑辨证,六经辨证,三焦辨证,经络辨证,卫气营血辨证,E,,诊断学,单选
问现在症最好的方法是,首先询问饮食情况,按十问内容逐次询问,根据体征进行询问,抓住主症进行询问,根据症状进行询问,D,,诊断学,单选
我国第一部论述病源与证候诊断的专著，成书于：（    ）,汉代,隋代,宋代,元代,明代,B,,诊断学,单选
我国第一部论述病源与证候诊断的专著是：（    ）,《伤寒杂病论》,《三因极一病证方论》,《诸病源候论》,《内经》,《察病指南》,C,,诊断学,单选
我国现存第一部脉学专著是：（    ）,《难经》,《脉经》,《中藏经》,《脉神章》,《濒湖脉学》,B,,诊断学,单选
我国现存最早的脉学专著是,《难经》,《濒湖脉学》,《脉诀汇辨》,《脉经》,《脉理求真》,D,,诊断学,单选
卧时面常向内，身重不能转侧者，多属,肺实气逆,肺虚体弱,阳证、热证、实证,阴证、寒证、虚证,咳喘肺胀，或水饮停于胸腹,D,,诊断学,单选
无根苔常提示,寒邪犯胃,胃气衰败,胃阴不足,热邪犯胃,食滞胃脘,B,,诊断学,单选
无热恶寒，但欲寐，下利肢冷，呕不能食，属于：（    ）,少阴寒化证,少阴热化证,太阳蓄水证,太阳蓄血证,太阴寒湿证,A,,诊断学,单选
"五更泄泻,下利清谷,属：",脾虚不运,饮食积滞,寒湿内蕴,脾肾阳虚,肝郁脾虚,D,,诊断学,单选
五脏六腑中，肝胆在舌上分属部位是,舌尖,舌中,舌边,舌根,舌面,C,,诊断学,单选
五脏六腑中，脾胃在舌上分属部位是,舌尖,舌中,舌边,舌根,舌面,B,,诊断学,单选
五脏六腑中，肾在舌上分属部位是,舌尖,舌中,舌边,舌根,舌面,D,,诊断学,单选
五脏六腑中，心肺在舌上分属部位是,舌尖,舌中,舌边,舌根,舌面,A,,诊断学,单选
午后潮热，伴有身热不扬者属,湿温潮热,骨蒸劳热,阴虚潮热,阳明潮热,气虚发热,A,,诊断学,单选
午后潮热，身热不扬者属：（    ）,阴虚潮热,骨蒸劳热,湿温潮热,阳明潮热,气虚发热,C,,诊断学,单选
午后颧红属于：(    ),阴虚内热,阳明实热,外感风热,真寒假热,虚阳上越,A,,诊断学,单选
细脉的特点是,脉细如线,按之欲绝,两者均有,两者均无,,A,,诊断学,单选
细脉的特点是：（    ）,脉细如线,按之欲绝,两者均有,两者均无,,A,,诊断学,单选
下焦病证的病位是在,肺与大肠,肝胆脾胃,肺与心包,脾与胃,肝与肾,E,,诊断学,单选
下焦病证的病位在：（    ）,肺与大肠,脾与胃,肝与胆,肝与肾,胃与大肠,D,,诊断学,单选
下列表现中不属卫分证的是：（    ）,咳喘胸闷,咽喉疼痛,发热恶风,口干微渴,舌边尖红,D,,诊断学,单选
下列病证哪项不是因痰阻所致：（      ）,喉中如有梅核,中风痰鸣不语,肺痨盗汗低热,颈部肿大生瘤,痫病昏仆吐涎沫,C,,诊断学,单选
下列病症哪项一般不是因痰阻所致,喉中如有梅核,中风痰鸣不语,痫病昏仆吐涎沫,颈部肿大生瘤,肺痨盗汗低热,E,,诊断学,单选
下列不属白苔主病的是,表证,寒证,湿证,燥热,虚热,E,,诊断学,单选
下列不属于复合脉的脉象是,浮脉,洪脉,芤脉,牢脉,弦脉,A,,诊断学,单选
下列不属于望舌形的内容是,裂纹舌,肿胀舌,胖大舌,歪斜舌,点刺舌,D,,诊断学,单选
下列除哪项外，皆肾气不固所致,尿频而清,余沥不尽,小便失禁,尿频而痛,遗尿,D,,诊断学,单选
下列除哪项外，均可导致渴不多饮,阴虚,湿热,寒湿,痰饮,瘀血,C,,诊断学,单选
下列除哪项外都是燥邪犯肺证和肺阴虚证的相同表现?,干咳痰少,痰粘难咯,发热恶风,舌干少津,,C,,诊断学,单选
下列除哪项外均可归属于阳证：（         ）,面红目赤,疼痛喜按,心烦不宁,脉数有力,发热口苦,B,,诊断学,单选
下列除哪一项外均可导致余沥不尽,肾阳不足,肾阴亏损,久病体弱,肾气不固,年老体弱,B,,诊断学,单选
下列答案，除哪一项外，都是淡白舌的主病：(    ),气虚,血虚,阳虚,阴虚,脱血夺气,D,,诊断学,单选
下列各项，不属脉率较快的脉象是,数脉,结脉,疾脉,促脉,动脉,B,,诊断学,单选
下列各项，不属现病史内容的是,发病情况,病变过程,做过何诊断,经过哪些治疗,过去患过何病,E,,诊断学,单选
下列各项，不属血瘀证色脉改变的是,面色黧黑,肌肤甲错,局部隐痛,舌有紫斑,脉象细涩,C,,诊断学,单选
下列各项，不属于排便感异常的是,肛门灼热,排便不爽,里急后重,肛门重坠,完谷不化,E,,诊断学,单选
下列各项，不属真热假寒证的是,热深厥深,热极似寒,阳盛格阴,热极肢厥,热极转寒,E,,诊断学,单选
下列各项，对里证的认识错误的是,里证的病位多在内,情志劳倦所伤多里证,里证范围极其广泛,里证可转变为表证,里证无新起恶寒发热并见,D,,诊断学,单选
下列各项，可见口干但欲漱水不欲咽症状的是,湿热,阴虚,痰饮,瘀血,温病营分证,D,,诊断学,单选
下列各项，属非病理性汗出的是,但头汗出,睡时汗出,冷汗淋漓,半身汗出,天热汗出,E,,诊断学,单选
下列各项，属阳明潮热发热特点的是,低热，食后发作,夏季长期低热,热势较低，午后或夜间发生,身热不扬，午后热甚,热势较高，日晡为甚,E,,诊断学,单选
下列各项，与淡白舌主病最无关的是,气血虚,阳虚,亡阳,阴虚,寒证,D,,诊断学,单选
下列各项，最正确的主诉是,经常腹痛已多年,5年来右胁胀痛,患高血压病1年,发热、咳嗽2天,咳喘反复发作20年,D,,诊断学,单选
下列何脉并非细软并见,濡脉,弱脉,微脉,虚脉,,D,,诊断学,单选
下列何脉多提示气滞血瘀证,紧脉,实脉,沉脉,涩脉,滑脉,D,,诊断学,单选
下列何项不是气滞证的表现,头部胀痛,胸胁胀痛,乳房胀痛,少腹胀痛,,A,,诊断学,单选
下列何项不是肾气不固证的表现,尿频遗尿,腰膝酸软,呼多吸少,滑精早泄,,C,,诊断学,单选
下列何项不是脱汗症状：（    ）,寒战,冷汗淋漓,面色苍白,肢厥脉微,呼吸气微,A,,诊断学,单选
下列何项不是心阴虚证、心血虚证的共有表现,心悸,失眠,心烦,脉细,,C,,诊断学,单选
下列何项不属胃气上逆,呃逆,嗳气,太息,呕吐,,C,,诊断学,单选
下列何项不属正常舌象,舌色淡红,舌质娇嫩,舌体柔软,舌苔藻白,,B,,诊断学,单选
下列何项对表证的诊断最有意义,发热,恶寒,苔薄,脉浮,,B,,诊断学,单选
下列何项与发热性疾病无关,恶风,恶寒,寒战,畏寒,,D,,诊断学,单选
下列何项与肝郁化火失眠无关：（    ）,烦躁失眠,面红目赤,心悸健忘,性急易怒,脉象弦数,C,,诊断学,单选
下列何证不具有卫表症状：(    ),风热犯肺证,肺热炽盛证,风寒犯肺证,风水相搏证,燥邪犯肺证,D,,诊断学,单选
下列何证常表现为胃脘冷痛喜按，泛吐清水，口淡不渴，舌质淡嫩，脉沉迟,胃阳虚证,脾肾阳虚证,寒滞胃肠证,肝气犯胃证,肝郁脾虚证,A,,诊断学,单选
下列何证的主症是寒热往来，胸胁苦满，心烦喜呕：（    ）,阳明病证,厥阴病证,太阴病证,太阳病证,少阳病证,E,,诊断学,单选
下列何证具有咳嗽，痰少而黄稠，发热，微恶风寒，鼻流浊涕，口干咽痛等症：(    ),风热袭表证,肺热炽盛证,风热犯肺证,痰热蕴肺证,燥邪犯肺证,C,,诊断学,单选
下列何证可见高热汗出，腹满硬痛，便秘，谵语，苔焦黄，脉沉实,脾胃湿热证,阳明经热证,阳明腑实证,大肠湿热证,痰火扰神证,C,,诊断学,单选
下列何证一般不会出现失眠：(    ),心阳虚证,心肾不交证,肝阳上亢证,心阴虚证,心火亢盛证,A,,诊断学,单选
下列何症对诊断“胃反”最有价值,脘腹疼痛,朝食暮吐，暮食朝吐,食欲减退,舌苔白厚,脉滑有力,B,,诊断学,单选
下列何症属肝郁脾虚,泻下黄糜,便夹脓血,溏结不调,肛门灼热,里急后重,C,,诊断学,单选
下列何症一般与气候因素最相关,胁痛,胸闷,胃脘痛,关节痛,眩晕,D,,诊断学,单选
下列何种病变常见眼窝凹陷,阳虚水泛,肝火犯肺,肾精亏虚,脾胃气虚,津伤液耗,E,,诊断学,单选
下列类似于半表半里证的证型是,肝胆病证,少阳病证,气分病证,中焦病证,厥阴病证,B,,诊断学,单选
下列类似于半表半里证概念的是：（         ）,肝胆病证,少阳病证,气分病证,中焦病证,厥阴病证,B,,诊断学,单选
下列临床表现，哪一项不属于气虚证：（      ）,少气懒言,头晕目眩,自汗,便泻不爽,脉虚,D,,诊断学,单选
下列临床表现中，哪一项非火淫证候：（      ）,壮热,瘫疹,脉数,肌肉润动,谵妄吐衄,D,,诊断学,单选
下列哪个症状对表证的辨证最重要(    ),恶寒发热,头身疼痛,脉浮,苔薄白,汗出,A,,诊断学,单选
下列哪个症状与心肺气虚证无关：(    ),自汗声低,气短咳喘,胸闷心悸,唇舌淡紫,脉弦细,E,,诊断学,单选
下列哪条经脉与舌无直接联系,手太阴经,足厥阴经,足少阴经,足太阴经,手厥阴经,E,,诊断学,单选
下列哪项表现为神识不清，语无伦次，声高有力,错语,谵语,郑声,呓语,失语,B,,诊断学,单选
下列哪项并非寒痰阻肺证所见：(    ),咳嗽痰鸣,胸闷气喘,舌苔白滑,痰稀易咯,脉象浮紧,A,,诊断学,单选
下列哪项不符合水痘的临床表现,呈椭圆形水疱,大小不等,晶莹明亮,一齐出现,皮薄易破,D,,诊断学,单选
下列哪项不会出现口渴多饮,热盛伤津,汗出过多,剧烈呕吐,泻下过度,湿热内阻,E,,诊断学,单选
下列哪项不见裂纹舌,阳气不足,阴液亏虚,血虚不润,邪热炽盛,先天舌裂,A,,诊断学,单选
下列哪项不见于表热证,发热重恶寒轻,脉象浮数,舌淡苔腻,时有汗出,咽红痒痛,C,,诊断学,单选
下列哪项不见于太阴病证,口苦,食不下,四肢不温,腹满而吐,时腹自痛,A,,诊断学,单选
下列哪项不见于阴虚风动证?,手足蠕动,角弓反张,眩晕,舌红少津,,B,,诊断学,单选
下列哪项不见于营分证,心烦不寐,口不甚渴,舌质红绛,身热夜甚,斑疹显露,E,,诊断学,单选
下列哪项不能视作寒与其他病因病性兼并的证,风寒证,寒湿证,凉燥证,血寒证,寒饮证,D,,诊断学,单选
下列哪项不是“证名”,肝阳化风,烂喉丹痧,脾肾阳虚,痰热壅肺,膀胱湿热,B,,诊断学,单选
下列哪项不是八纲的证候,热证,阳证,本证,实证,寒证,C,,诊断学,单选
下列哪项不是辨证所应明确的内容：（         ）,病位,病势,病名,病因,病性,C,,诊断学,单选
下列哪项不是表证的特点,感受外邪所致,起病一般较急,必然形成里证,病程一般较短,恶寒发热并见,C,,诊断学,单选
下列哪项不是表证与里证的鉴别点,表证一般脉浮，里证一般脉沉,表证病程较短，里证病程较长,表证病情较轻，里证病情较重,表证恶寒为主，里证发热为主,表证苔薄，里证舌苔多有变化,D,,诊断学,单选
下列哪项不是颤动舌的原因,痰饮,热盛,阴亏,阳亢,血虚,A,,诊断学,单选
下列哪项不是导致虚证的常见原因,先天禀赋不足,情志失于调摄,房事劳损太过,病中耗损过多,后天生化不足,B,,诊断学,单选
下列哪项不是导致虚证的常见原因：（         ）,先天禀赋不足,病中耗损过多,房事劳倦太过,情志失于调摄,后天生化不足,D,,诊断学,单选
下列哪项不是导致真实假虚的病因病机,湿热内蕴,气化无力,瘀血阻滞,热结胃肠,痰食停滞,B,,诊断学,单选
下列哪项不是得神的表现：(    ),目光精彩,神志清楚,颧赤如妆,形丰色荣,呼吸调匀,C,,诊断学,单选
下列哪项不是风水相搏证的临床表现,腰酸耳鸣,头面先肿,发病急骤,恶风微热,脉浮或濡,A,,诊断学,单选
下列哪项不是肝病的常见症状,头晕目眩,肢体震颤,急躁易怒,少腹胀痛,纳呆便溏,E,,诊断学,单选
下列哪项不是肝火上炎证与肝阳上亢证的相同临床表现?,面红目赤,头晕目眩,腰膝酸软,急躁易怒,,C,,诊断学,单选
下列哪项不是寒证的临床表现,舌淡苔白,口和不渴,尿清便溏,脉象沉紧,头重如裹,E,,诊断学,单选
下列哪项不是寒证与热证的鉴别要点：（         ）,寒证恶寒喜热，热证恶热喜冷,寒证口渴喜冷，热证口和不渴,寒证大便泻泄，热证大便秘结,寒证舌苔白润，热证舌苔黄干,寒证脉迟，热证脉数,B,,诊断学,单选
下列哪项不是火热证与阴虚证的区别点,发热的高低,病程的长短,病势的缓急,口渴与不渴,脉象之虚实,D,,诊断学,单选
下列哪项不是火淫证的必有表现,壮热恶热,便秘尿黄,舌红苔黄,脉数有力,神昏抽搐,E,,诊断学,单选
下列哪项不是津液亏虚证的表现,小便短少而黄,大便干燥难解,渴欲漱水不欲咽,皮肤干燥枯瘪,舌红苔少不润,C,,诊断学,单选
下列哪项不是脾阳虚证的特征表现,浮肿少尿,带下清稀,形寒肢冷,月经淋沥,久泄不止,D,,诊断学,单选
下列哪项不是涩脉的主病,气滞,血瘀,湿邪阻滞,痰食内停,精伤血少,C,,诊断学,单选
下列哪项不是失神的表现：(    ),目无精彩,形羸色败,呼吸微弱,神志昏迷,壮热面赤,B,,诊断学,单选
下列哪项不是实证的表现：（         ）,大便秘结,神昏谵语,五心烦热,小便不通,咳嗽气喘,C,,诊断学,单选
下列哪项不是食滞胃肠证的表现：(    ),脘腹灼热,厌食,便泻不爽,嗳腐吞酸,苔厚腻,C,,诊断学,单选
下列哪项不是水停证的表现,面睑、肢体浮肿,胸闷，腹胀，恶心,小便短少、不利,腹膨隆，叩音浊,舌色淡，舌体胖,B,,诊断学,单选
下列哪项不是太阳蓄水证的临床表现,发热，恶寒，脉浮,口渴，水入即吐,大便色黑，少腹硬满,小便不利，小腹满,渴欲饮水，脉浮数,C,,诊断学,单选
下列哪项不是亡阳证的典型表现：（         ）,冷汗质稀,肢厥肤冷,呼吸气微,面赤如妆,脉微欲绝,D,,诊断学,单选
下列哪项不是亡阴证的证候特点：（         ）,汗黏如油,身灼肢厥,皮皱唇燥,小便极少,脉细数疾,B,,诊断学,单选
下列哪项不是弦脉的脉象特征,脉来绷急,端直以长,如按琴弦,从中直过,挺然于指下,A,,诊断学,单选
下列哪项不是相反的两种脉象,紧脉与缓脉,动脉与短脉,散脉与牢脉,洪脉与细脉,滑脉与涩脉,B,,诊断学,单选
下列哪项不是心病的常见症状,神识错乱,失眠多梦,心悸怔忡,急躁易怒,神昏健忘,D,,诊断学,单选
下列哪项不是形成寒证的因素,阳气亏虚,阴液不足,阴寒内盛,阴邪致病,阴气偏盛,B,,诊断学,单选
下列哪项不是形成热证的因素,阳邪致病,阳气偏盛,阳气亏虚,阴液亏虚,寒湿郁久,C,,诊断学,单选
下列哪项不是形成虚证的原因,禀赋不足,房室劳倦太过,痰饮瘀血内停,后天生化不足,真阴不足,C,,诊断学,单选
下列哪项不是形成虚证的原因：（         ）,先天禀赋不足,房室劳倦太过,痰饮於血内停,后天生化不足,真阴不足,C,,诊断学,单选
下列哪项不是虚寒证的病因病机,阳气亏虚,感受阴邪,温煦失职,气化减退,推动无力,B,,诊断学,单选
下列哪项不是虚热证的病机,阴液亏少不足,阳气相对偏旺,阳热火邪炽盛,虚性火热内扰,失却滋养濡润,C,,诊断学,单选
下列哪项不是血虚生风证的临床表现：(    ),肢体震颤,角弓反张,肢体麻木,皮肤瘙痒,舌淡脉细,B,,诊断学,单选
下列哪项不是血瘀证的疼痛特点：（      ）,患处刺痛,时轻时重,部位固定,夜间痛剧,痛而拒按,B,,诊断学,单选
下列哪项不是阳水的特点：（      ）,多挟风邪为患,按之凹陷难复,起病急病程短,皮肤光亮而薄,头面部先肿,B,,诊断学,单选
下列哪项不是阳证的典型表现,恶寒发热,烦躁不安,便秘腹痛,呼吸气微,舌质红绛,D,,诊断学,单选
下列哪项不是阴证的证候,倦怠无力,语言低怯,身灼气粗,小便清长,脉象沉紧,C,,诊断学,单选
下列哪项不是引起尿量减少的的主要原因,热盛伤津,水液内停,湿热蕴结膀胱,汗吐下伤津,心气亏虚,E,,诊断学,单选
下列哪项不是引起嗜睡的主要原因,痰湿困脾,脾失健运,心肾阳虚,邪闭心神,湿热蕴脾,E,,诊断学,单选
下列哪项不是引起痛经的主要原因,气滞血瘀,湿热蕴结,寒凝胞宫,气血两虚,痰湿内阻,E,,诊断学,单选
下列哪项不是引起头晕的主要原因,气血亏虚,肝阳上亢,湿热蕴脾,痰湿内阻,肾虚精亏,C,,诊断学,单选
下列哪项不是引起哮发作常见的诱因,宿痰内伏,感受外邪,久居寒湿之地,瘀血内阻,过食生冷酸咸,D,,诊断学,单选
下列哪项不是引起心悸的主要原因,心胆气虚,胆郁痰扰,心阳不足,心血不足,肝胃郁热,E,,诊断学,单选
下列哪项不是引起血虚的原因,大病久病，耗伤气血,气机不畅，升降失调,瘀血内阻，新血不生,虫寄肠道，耗吸营养,脾失健运，生血乏源,B,,诊断学,单选
下列哪项不是真脏脉的称谓,怪脉,死脉,绝脉,危脉,败脉,D,,诊断学,单选
下列哪项不是正常脉象的主要特征,流利圆滑,节律一致,不浮不沉,不大不小,从容和缓,A,,诊断学,单选
下列哪项不是证的转化,表证转化为里证,里证转化为表证,寒证转化为热证,热证转化为寒证,实证转化为虚证,B,,诊断学,单选
下列哪项不是中医诊断学的主要内容,诊法,诊法,病历书写,治法,辨证,D,,诊断学,单选
下列哪项不属按诊的内容,脉象之浮沉迟数,大便的润燥,肿块之软硬,疼痛喜按或拒按,肌肤之冷热,B,,诊断学,单选
下列哪项不属表证的症状,恶寒发热,鼻塞喷嚏,脉浮苔薄,咳痰黄稠,头身疼痛,D,,诊断学,单选
下列哪项不属寒证的表现,畏寒肢冷,舌苔黄腻,尿清长或不利,脉象沉迟,自汗或无汗,B,,诊断学,单选
下列哪项不属湿淫证的常见症,全身困重,口淡吐涎,纳呆恶心,脘腹痞胀,苔腻脉滑,B,,诊断学,单选
下列哪项不属湿证的证候：（      ）,全身困重,口淡乏味,恶心纳呆,脘腹痞闷,苔腻脉滑,B,,诊断学,单选
下列哪项不属实证范畴,虫积,痰湿,血瘀,内燥,气逆,D,,诊断学,单选
下列哪项不属胃热炽盛证的临床表现,胃脘灼痛,消谷善饥,龈肿齿衄,舌红少苔,便秘尿黄,D,,诊断学,单选
下列哪项不属于“病”的概念,锁骨骨折,肝阳化风,疫毒痢,蛔厥,白喉,B,,诊断学,单选
下列哪项不属于“证”的概念,心阳虚,卫分证,肝血虚,肝火盛,消渴,E,,诊断学,单选
下列哪项不属于气虚证的表现：（      ）,脉虚无力,畏寒肢冷,少气懒言,神疲乏力,舌质淡嫩,B,,诊断学,单选
下列哪项不属于十问歌内容,问饮食,问胸腹,问睡眠,问寒热,问头身,C,,诊断学,单选
下列哪项不属于水液停聚的病证,水证,饮证,脓证,痰证,湿证,C,,诊断学,单选
下列哪项不属于问诊中个人生活史的内容：（    ）,生活经历,精神情志,饮食嗜好,素体健康状况,起居,D,,诊断学,单选
下列哪项不属于问诊中现在症状的内容：（    ）,发病情况,病变过程,诊治经过,接种疫苗情况,现在症状,D,,诊断学,单选
下列哪项不属于问诊中一般情况的内容：（    ）,姓名,性别,年龄,职业,主诉,E,,诊断学,单选
下列哪项不属于血瘀症：（      ）,痛如针刺,肿块青紫，拒按,妇女经闭,脉象细数,经色紫暗，夹有血块,D,,诊断学,单选
下列哪项不属于厌食的常见病机,湿热蕴脾,食滞胃脘,肝胆湿热,脾胃虚弱,妊娠恶阻,D,,诊断学,单选
下列哪项不属于正常舌象,舌色淡红,舌质荣润,舌体灵活,舌体胖嫩,舌苔薄白,D,,诊断学,单选
下列哪项不属疹的表现,色红或紫,点小如粟,高出皮肤,抚之碍手,压之不褪色,E,,诊断学,单选
下列哪项不属正常舌象? (    ),舌体柔软,舌质淡红,舌质娇嫩,舌苔薄白,以上都不是,C,,诊断学,单选
下列哪项不主痛,动脉,弦脉,紧脉,伏脉,滑数,E,,诊断学,单选
下列哪项常不是形成气虚证的原因,久病重病,劳累过度,年老体弱,情志过极,先天不足,D,,诊断学,单选
下列哪项常见紫舌,痰饮,血瘀,气滞,虫积,阴虚,B,,诊断学,单选
下列哪项常可判断肾与膀胱病变,舌尖,舌中,舌根,舌系带,舌色,C,,诊断学,单选
下列哪项对诊断胆郁痰扰证最有意义：(    ),胁肋疼痛,身热不扬,惊悸失眠,身目俱黄,小便短赤,C,,诊断学,单选
下列哪项对诊断肝肾阴虚证最有意义：(    ),舌红少苔，脉象细数,眩晕胁痛，急躁易怒,腰酸胁痛，眩晕潮热,腰酸耳鸣，梦遗盗汗,遗精盗汗，月经量少,C,,诊断学,单选
下列哪项对诊断脾肺气虚证最有意义：(    ),咳喘咯痰，食少便溏,咯痰清稀，面白神疲,肢体浮肿，舌淡脉弱,气短而喘，声低懒言,纳少腹胀，身倦乏力,A,,诊断学,单选
下列哪项对诊断肾阴虚最无意义,潮热盗汗,舌红少苔,脉细而数,眩晕健忘,阳事不举,E,,诊断学,单选
下列哪项对诊断心肾不交证最有意义：(    ),心悸怔忡，肢肿尿少,心烦失眠，腰酸耳呜,心悸失眠，头晕目眩,嗜睡神疲，心悸肢肿,眩晕耳鸣，腰膝酸软,B,,诊断学,单选
下列哪项非精亏神衰的失神表现,面色无华,呼吸气微,表情淡漠,神昏谵语,动作艰难,D,,诊断学,单选
下列哪项非邪盛神乱的失神表现：(    ),壮热烦躁,神昏谵语,呼吸气微,两手握固,牙关紧闭,C,,诊断学,单选
下列哪项可视为“里邪出表”,久咳久喘，今咳血量多、色鲜红,肝病胁痛5年，腹壁青筋显露,胃脘疼痛，昨恶寒发热、脉浮紧,麻疹发热3天，疹出烦热渐退,饮食不慎，腹痛腹泻，大便臭秽,D,,诊断学,单选
下列哪项可视为血寒证,寒邪客肺证,寒凝胞宫证,寒滞胃肠证,寒邪束表证,寒凝筋骨证,B,,诊断学,单选
下列哪项可同时出现血虚的证候,脾肝,心脾,肺脾,心肝,心肾,D,,诊断学,单选
下列哪项能够鉴别心阳虚证和心阳虚脱证：(    ),是否面白神疲,有无肢厥脉,是否舌质淡白,有无心悸怔忡,有无形寒畏冷,B,,诊断学,单选
下列哪项是辨别真实假虚的主要依据,默默不语，语则声高,形体羸瘦，腹满拒按,倦怠懒动，动之觉舒,稀便少许，气臭不爽,脉象沉细，按之有力,E,,诊断学,单选
下列哪项是导致疮疡类疾病的最常见原因,火毒,瘀血,痰浊,寒湿,外伤,A,,诊断学,单选
下列哪项是肺阴虚证与燥邪犯肺证的鉴别点：(    ),痰量的多少,有无五心烦热,舌色的红淡,吐痰的难易,有无口干咽燥,B,,诊断学,单选
下列哪项是鉴别心血虚证与心阴虚证的主要依据：(    ),烦热,心悸,脉细,失眠,多梦,A,,诊断学,单选
下列哪项是脾气虚证与脾阳虚证的鉴别症状,形寒肢冷,肢体浮肿,食少便溏,身倦乏力,腹胀腹满,A,,诊断学,单选
下列哪项是少阴热化证中“心烦不得眠”的病机：（    ）,余热未清，留扰胸膈,阴虚热扰，心神不宁,阴血不足，心失所养,寒郁化热，扰乱心神,心火炽盛，侵扰心神,A,,诊断学,单选
下列哪项是太阳病的主要病机：（    ）,风邪外袭，卫外不固，营不内守,风寒袭表，郁遏卫气，损伤营阴,风寒外束，卫阳被遏，营阴郁滞,寒邪袭表，郁遏卫气，损伤营阴,风寒袭表，营卫不和，正邪交争,D,,诊断学,单选
下列哪项是太阳蓄血证最主要的临床特征,少腹硬满，小便不利,其人如狂，少腹急结,脘腹痞满，惊悸不宁,其人发狂，脐腹满痛,腹满胀痛，身目发黄,E,,诊断学,单选
下列哪项是太阳中风证汗出的机理,气虚不固，津液外泄,卫外不固，营不内守,外邪化热，迫津外泄,卫阳素虚，肌表不固,虚热内炽，蒸津外泄,B,,诊断学,单选
下列哪项是太阴病“腹满”的病机：（    ）,腑气不通，气机壅滞,湿郁化热，气机逆乱,纳运失常，胃失和降,寒湿内生，气机阻滞,水饮不化，气机壅滞,D,,诊断学,单选
下列哪项是太阴病证的主要病机,脾肾阳虚，温化失权,脾阳不振，机能减退,脾阳不振，水饮不化,脾阳虚弱，寒湿内生,脾阳不振，湿郁化热,D,,诊断学,单选
下列哪项是温病热入营分“口干反不甚渴”的机理：（    ）,津液耗伤不甚,津液逐渐恢复,热蒸营阴上潮,邪热迫血妄行,邪热逐渐衰退,C,,诊断学,单选
下列哪项是心肺气虚证最典型的临床表现,咳喘痰多，动则尤甚,喘息短气，呼多吸少,咳喘无力，自汗畏风,咯痰清稀，乏力神疲,自汗乏力，喘咳心悸,E,,诊断学,单选
下列哪项是血分证的病机特点：（    ）,热甚灼伤津液,热炽劫营伤血,动血动风耗阴,热甚伤津耗气,阴虚阳热内扰,A,,诊断学,单选
下列哪项是血虚必见的特征性证候,头晕眼花,颜色淡白,心悸多梦,经少或闭,肢体麻木,B,,诊断学,单选
下列哪项是阳明经证与阳明腑证的鉴别要点：（    ）,发热的高低,有无神志变化,有无燥屎内结,腹满的轻重,汗出的多少,B,,诊断学,单选
下列哪项是营分证的病机特点：（    ）,热在心肝，伤阴动血,热在营阴，阴液耗伤,热灼营阴，耗血动风,热灼营阴，心神被扰,热在心营，伤阴动风,A,,诊断学,单选
下列哪项是诊断表证所必须具备的症状,发热,恶寒,苔薄,脉浮,咳喘,B,,诊断学,单选
下列哪项是诊断肠热腑实证的主要依据,脉沉数，或沉实有力,舌质红，苔黄厚而燥,脐腹满痛，发热便秘,汗出口渴，壮热脉洪,神昏谵语，甚或狂乱,C,,诊断学,单选
下列哪项是诊断肺病最常见的症状,胸闷胸痛,少气懒言,鼻塞流涕,咳嗽气喘,喉痒喉痛,D,,诊断学,单选
下列哪项是诊断脾虚气陷证的主要症状,脘腹重坠，食后更甚,食少腹胀，大便稀溏,头晕目眩，舌淡脉细,身倦乏力，少气懒言,五更泄泻，便质清冷,A,,诊断学,单选
下列哪项是诊断肾阳虚证的主要依据：(    ),腰膝酸冷，夜尿频多,性欲减退，发脱齿松,梦遗早泄，烦热盗汗,形寒肢冷，舌淡脉弱,呼多吸少，动则气喘,A,,诊断学,单选
下列哪项是诊断心肝血虚证的主要依据,心悸健忘，面白舌淡,头晕目眩，月经停闭,心悸多梦，视弱肢麻,手足震颤，头晕目眩,视物模糊，爪甲不荣,C,,诊断学,单选
下列哪项是诊断心阳虚证最主要的依据,自汗、气短、神疲,心悸、形寒、肢冷,头晕、眼花、胸闷,神疲、困倦、乏力,面白、失眠、多梦,B,,诊断学,单选
下列哪项是中焦病证的病位：（    ）,胃与大肠,胃,脾与胃,脾胃与大肠,脾,A,,诊断学,单选
下列哪项是最典型的证候错杂,表寒里热证,太阳伤寒证,脾肾阳虚证,表里实寒证,阳明里热证,A,,诊断学,单选
下列哪项属察苔质的内容,润燥,白苔,黄苔,灰苔,黑苔,A,,诊断学,单选
下列哪项属神气不足的表现,精神不振,两目晦暗,面色无华,形体羸瘦,反应灵敏,A,,诊断学,单选
下列哪项属形瘦阴虚的表现,形瘦能食，舌红苔黄,形瘦食少，舌淡苔白,形瘦颧红，潮热盗汗,卧床不起，骨瘦如柴,以上都不是,C,,诊断学,单选
下列哪项属于“病”的概念,湿热,胸闷,内风,麻疹,气滞,D,,诊断学,单选
下列哪项属于“症状”,心烦失眠,喉中痰鸣,腹如舟状,脉细无力,舌苔薄黄,A,,诊断学,单选
下列哪项属于体征,心烦失眠,喉中哮鸣,腹部胀闷,头晕而重,神疲乏力,B,,诊断学,单选
下列哪项属于阴虚证的表现,面色萎黄,咽干盗汗,口淡不渴,大便溏薄,舌淡胖嫩,B,,诊断学,单选
下列哪项属于自觉症状,脉浮,神昏,胸闷,呕吐,浮肿,C,,诊断学,单选
下列哪项为沉脉的主要变化,脉位,脉力,脉宽,节律,至数,A,,诊断学,单选
下列哪项为里证：（         ）,恶寒发热,咽喉痒痛,鼻塞流清涕,小便黄赤,脉浮,D,,诊断学,单选
下列哪项为脾胃虚弱所致脘腹疼痛的特点,隐痛,胀痛,窜痛,冷痛,绞痛,A,,诊断学,单选
下列哪项为气虚证的或见症,神疲乏力,舌质淡嫩,脉虚无力,眩晕自汗,动则加重,D,,诊断学,单选
下列哪项为邪盛扰神的失神表现,疲乏欲睡,神昏谵语,面色无华,肌肉瘦削,时有郑声,B,,诊断学,单选
下列哪项为阳虚证最主要的表现,舌苔薄白而润,大便溏泻不爽,面色白舌质淡,脉浮沉皆无力,经常畏寒肢凉,E,,诊断学,单选
下列哪项一般不是胃气虚证的临床表现,胃脘冷痛喜温,食少口淡不渴,气短神疲乏力,食后脘胀更甚,舌淡苔白脉弱,A,,诊断学,单选
下列哪项一般不属肝胃不和证的表现,脘胁胀痛,情绪抑郁,呃逆嗳气,腹胀便溏,嘈杂吞酸,D,,诊断学,单选
下列哪项一般不属气分证的病位,肺,胸膈,肝肾,胃,胆,C,,诊断学,单选
下列哪项一般不属于肝胃不和证的表现？,脘胁胀痛,抑郁不乐,呃逆嗳气,腹胀便溏,嘈杂吞酸,D,,诊断学,单选
下列哪项一般不属于下焦病证,身热颧红,口燥咽干,手足蠕动,耳聋,时腹自痛,E,,诊断学,单选
下列哪项与胸痛有关,心肺病,肝胆病,脾胃病,肾病,胞宫,A,,诊断学,单选
下列哪项在肾阳虚证中不易见到,肢厥下利，大便稀溏,形寒肢冷，面白神疲,滑精早泄，小便清长,失眠多梦，腰膝酸软,下肢水肿，按之凹陷,D,,诊断学,单选
下列哪项最能说明中医诊断的基本原理,四诊合参,病证结合,脏腑经络,司外揣内,治病求本,D,,诊断学,单选
下列哪项最易导致胆郁痰扰证,饮酒食甘,劳累疲乏,情志不遂,感受外邪,先天不足,C,,诊断学,单选
下列哪一项不属肾气不固(    ),小便失禁,小便余沥,小便频数清长量多,小便短赤,以上都不是,D,,诊断学,单选
下列哪一项不属于望舌形内容：(    ),点刺,老嫩,裂纹,齿痕,歪斜,E,,诊断学,单选
下列哪一项属形盛气虚的表现：(    ),体胖能食，肌肉坚实,体胖食少，神疲乏力,形瘦能食，舌红苔黄,形瘦颧红，皮肤干焦,卧床不起，骨瘦如柴,B,,诊断学,单选
下列哪一项最影响病人如实、准确地反映病情,年龄老幼,关心病情程度,表达能力,性格特征,神志状况,E,,诊断学,单选
下列哪一种发热不属于症状(    ),壮热,潮热,小儿夏季热,微热,寒热往来,C,,诊断学,单选
下列哪一种舌象为正常舌：（    ）,红舌,淡红舌,淡白舌,紫舌,猪腰舌,B,,诊断学,单选
下列哪种改变提示疮疡已成脓,根盘收束而隆起,肿而硬板不热,根盘平塌漫肿,按之边硬而顶软,按之坚硬,D,,诊断学,单选
下列哪种汗不属特殊汗出,自汗,战汗,微汗,盗汗,绝汗,C,,诊断学,单选
下列哪种情况不见迟脉,寒邪侵袭,阳气亏损,阴虚内热,邪热结聚,正常人,C,,诊断学,单选
下列哪种舌色不主瘀血：(    ),红舌,绛舌,紫舌,青舌,瘀点舌,A,,诊断学,单选
下列哪种舌态变化可出现语言謇涩：(    ),舌痿软,舌颤动,舌强硬,舌吐弄,舌短缩,C,,诊断学,单选
下列哪种属濡脉,浮大无力,沉细而软,浮细而软,极细极软,脉细如线,C,,诊断学,单选
下列哪种说法不正确：（      ）,阳水发病急，上半身肿甚,水肿性质属虚者，为阴水,阴水发病缓，水肿先从眼睑开始,阳水阴水皆可见小便短少,水肿性质属实者，为阳水,C,,诊断学,单选
下列哪组症状是诊断肺肾阴虚证的主要依据,咳嗽痰少，声音嘶哑,腰膝酸软，骨蒸潮热,咳痰带血，遗精盗汗,舌红少苔，脉象细数,颧红咽干，月经不调,C,,诊断学,单选
下列哪组症状最宜辨为脾肾阳虚证,腰腹冷痛，五更泄泻,腰膝酸软，下肢水肿,食少腹胀，便溏肢冷,舌淡苔白，脉象沉迟,腹痛绵绵，肢体浮肿,A,,诊断学,单选
下列哪组症状最宜辨为脾肾阳虚证:  (    ),腰膝酸软，下肢水肿,食少腹胀，便溏肢冷,舌淡苔白，脉象沉迟,腹痛绵绵，肢体浮肿,身肿泄泻，形寒舌淡,B,,诊断学,单选
下列内容不属异常舌态的是,颤动,歪斜,点刺,强硬,痿软,C,,诊断学,单选
下列排尿异常中并非肾虚所致者是,小便涩痛,余沥不尽,小便失禁,睡时遗尿,小便清长,A,,诊断学,单选
下列认识哪项不正确：(    ),肝肾两虚是指肝肾阴阳虚,肺肾相兼可为气虚或阴虚,脾肾两虚主要指脾肾阳气虚,肺肾气虚又称为肾不纳气,心脾两虚是指心脾气血虚,B,,诊断学,单选
下列舌质，哪一项与热证最无关：(    ),红舌,紫舌,肿胀舌,胖嫩舌,淡红舌,D,,诊断学,单选
下列舌质哪一项与热证无关,红舌,绛舌,紫舌,胖嫩舌,裂纹舌,D,,诊断学,单选
下列说法不正确的是,里证的病位仅在内脏,皮肤病可有里证,里证以脏腑症状为主要表现,里证无表证主要证候表现,,B,,诊断学,单选
下列小便异常哪项不是肾阳虚导致：(    ),小便涩痛,小便量多,夜尿频多,小便清长,癃闭,D,,诊断学,单选
下列有关舌诊的注意事项哪项不对：（    ）,饮食常使舌苔形色发生变化,秋季多薄而腻,老年人舌多现裂纹,小儿易患舌疾,晨起舌苔多较厚,D,,诊断学,单选
下列有关舌诊的注意事项哪项不对：,红舌,淡红舌,淡白舌,紫舌,猪腰舌,D,,诊断学,单选
下列与虚喘发作关系最密切的是,心肺,脾肾,肺肾,脾肺,心脾,C,,诊断学,单选
下列诊脉方法中属于互相参照的诊法是,遍诊法,人迎寸口诊法,仲景三部诊法,寸口诊法,三部九候诊法,B,,诊断学,单选
下列症状除哪一项外，均属便感异常(    ),排便不爽,里急后重,肛门气坠,完谷不化,滑泻失禁,D,,诊断学,单选
下列症状中与阴虚证最无关的是,形体消瘦,口燥咽干,舌质红绛,脉象细,咯痰清稀,E,,诊断学,单选
下列诸脉，除（    ）外，皆主痰饮证：,滑脉,弦脉,促脉,结脉,濡脉,E,,诊断学,单选
下列诸脉，除（    ）外，皆主虚证：,浮脉,迟脉,微脉,细脉,濡脉,B,,诊断学,单选
下列诸脉，除哪一项外，皆主痰饮证,滑脉,弦脉,促脉,结脉,濡脉,E,,诊断学,单选
下列诸脉之中不主虚证之脉是,细脉,微脉,紧脉,浮脉,濡脉,C,,诊断学,单选
下列诸证中以内脏下垂为特征是,脾气虚证,脾阳虚证,肾气不固证,中气下陷证,寒湿困脾证,D,,诊断学,单选
下列诸症中与里证无关的是,但热不寒,但寒不热,舌苔黄厚,脉沉而迟,恶寒发热,E,,诊断学,单选
下列主诉最正确的是,因患肝癌就诊,发热、咳嗽、咳痰,痢疾两个月,胁痛、肝胆火盛2周,头晕1周，加重半天,E,,诊断学,单选
下面异常舌态，哪一种是中风或中风先兆：(    ),歪斜舌,痿软舌,短缩舌,纵舌,强硬舌,A,,诊断学,单选
下述不属于个人史的是,职业与工作条件,出生地及长期居留地,过去健康情况,生活习惯,烟酒嗜好,C,,诊断学,单选
下述对脏腑辨证意义的认识，不正确的是：(    ),是八纲与病性辨证的深入,是中医辨证体系的重要内容之一,完全可以替代病性辨证,是中医临床各科辨证的必备基础,是六经等其他辨证方法的基础,C,,诊断学,单选
下述何项不是导致麻木的因素：（    ）,肝风内动,痰浊阻络,气血亏虚,瘀血阻络,湿客关节,E,,诊断学,单选
下述何项不是由肾气不足所致：（    ）,小便失禁,小便频数,小便涩痛,小便余沥不尽,遗尿,C,,诊断学,单选
下述何项不属大肠湿热：（    ）,泻下黄糜,下利脓血,肛门灼热,大便先干后稀,里急后重,A,,诊断学,单选
下述何项对于新生儿问诊无意义：（    ）,有无传染病史,妊娠期母体营养状况,产育期母体所患何病,妊娠期 产育期用过何药,分娩时是否难产早产,A,,诊断学,单选
下述何项可引起月经后期：（    ）,阴虚火旺,阳盛血热,气虚,肝郁血热,营血亏损,E,,诊断学,单选
下述何项与微热无关：（    ）,气虚,胃肠热盛,疰夏,气阴两虚,阴虚,B,,诊断学,单选
下述何证可出现自汗与盗汗并见：（    ）,气虚证,血瘀证,阴虚证,血虚证,气血两虚证,E,,诊断学,单选
下述哪两项属于望舌形的内容,歪斜,痿软,胖大,齿痕,,A,,诊断学,单选
下述哪项不能称为八纲证候之间的关系：（         ）,证候相兼,证候错杂,证候独立,证候真假,证候转化,C,,诊断学,单选
下述哪项不是按诊应注意考察的情况,局部的色泽,是否有肿块,局部的冷热,皮肤的润燥,是否有压痛,A,,诊断学,单选
下述哪项不是病名：（    ）,带下赤白,圆翳内障,砂石淋,睑弦赤烂,上胞下垂,D,,诊断学,单选
下述哪项不是气滞的痛、胀特点,症状时轻时重,随‘气行’觉舒,按之一般有形,部位多不固定,随情绪而增减,C,,诊断学,单选
下述哪项不是血热证的表现,月经量多而色淡,身热面赤而发斑,肌肤生疮疖疔痈,温热病之血分证,迫血妄行而出血,A,,诊断学,单选
下述哪项不是血热证的表现：（      ）,月经量多色淡,身热面赤发斑,肌肤生疮疖疔痈,温热病之血分证,迫血妄行而出血,A,,诊断学,单选
下述哪项不是血瘀的色脉改变：（      ）,皮肤有紫色斑块,腹壁青筋暴露,出血紫暗夹块,舌淡肿苔腻或滑,脉细涩弦涩,D,,诊断学,单选
下述哪项不是引起气滞证的常见原因,情志不舒,用力闪挫,病邪阻滞,气血亏虚,阳虚寒凝,D,,诊断学,单选
下述哪项不属“气不固”的范畴,气短自汗,心悸头晕,小便失禁,月经淋沥,遗精滑精,B,,诊断学,单选
下述哪项不属按诊考察的内容,局部的冷热,皮肤的润燥,局部的颜色,是否有肿块,是否有压痛,C,,诊断学,单选
下述哪项不属内真寒外假热证,真寒假热证,阴盛格阳证,戴阳证,虚阳偏亢证,虚阳浮越证,D,,诊断学,单选
下述哪项不属内真寒外假热证：（         ）,真寒假热证,阴盛格阳证,戴阳证,虚阳偏亢证,虚阳浮越证,D,,诊断学,单选
下述哪项不属舌的动态异常,歪斜,吐弄,短缩,点刺,强硬,D,,诊断学,单选
下述哪项不属望皮肤的内容,斑疹,湿疹,水痘,黄疸,鼓胀,E,,诊断学,单选
下述哪项不属于八纲证候之间的关系,证的相兼,虚实转化,证候独立,表里同病,寒热错杂,C,,诊断学,单选
下述哪项不属于四诊的内容：（    ）,望色,诊舌,切脉,诊病,嗅气味,D,,诊断学,单选
下述哪项不属燥淫证的证候表现,皮肤、口鼻干燥,舌体、舌苔干燥,大便干燥，尿黄,咽干，干咳少痰,外界气候干燥,E,,诊断学,单选
下述哪项除外均是表证的特点,感受外邪所致,起病一般较急,必发展成里证,病较轻、病程短,恶寒发热并见,C,,诊断学,单选
下述哪项湿热证一般不存在,中焦湿热证,心肺湿热证,肝经湿热证,膀胱湿热证,肠道湿热证,B,,诊断学,单选
下述哪项属典型的见微知著诊断原理,舌诊分候,问现在症,全身望诊,辨证论治,脉症合参,A,,诊断学,单选
下述哪项属于“体征”,头晕头重,恶心欲吐,神疲乏力,手指麻木,大便腥臭,E,,诊断学,单选
下述哪项属于危重舌象,绛舌,干荔舌,淡白舌,歪舌,紫暗舌,B,,诊断学,单选
下述哪项为个人史的内容,生活习惯,素体状况,患病情况,诊治经过,预防接种,A,,诊断学,单选
下述哪项最应归属于阳证,表实寒证,里虚寒证,肾阴虚证,表实热证,里实热证,D,,诊断学,单选
下述哪些不是泄泻的原因：（    ）,肾阳虚衰,肾阴亏损,肠胃积滞,大肠湿热,脾胃虚弱,D,,诊断学,单选
下述哪一项最应归属阴证,里虚寒证,里虚热证,表虚寒证,表虚热证,里实寒证,A,,诊断学,单选
下述哪种理解最正确,表证的病位在皮毛,皮肤的病变属表证,内脏的病不会出现表证,表证多见于外感病初期,表证的实际病位在内脏,D,,诊断学,单选
下述哪种湿证不存在：（      ）,外湿,内湿,虚湿,寒湿,湿热,C,,诊断学,单选
下肢痿软无力，不能站立，神疲嗜睡，食少，舌淡嫩，脉缓弱，是：（      ）,气虚证,气陷证,气不固证,气脱证,气逆证,A,,诊断学,单选
弦脉的主病，,气滞血瘀,血少精亏,二者均有,二者均无,,D,,诊断学,单选
弦脉的主病有,实热,食积,两者均有,两者均无,,D,,诊断学,单选
现病史不包括,起病情况,伴随症状,现在症状,既往状况,发病以来诊治经过,D,,诊断学,单选
现病史的时间界限是,医生认为最恰当的时间,没有明确的时间界限,当前所有症状出现的时间,既往史涉及病痛的时间,主诉所述症状所定的时间,E,,诊断学,单选
现存最早的脉学专著是,《脉诀》,《脉经》,《濒湖脉学》,《三指禅》,《诊家枢要》,B,,诊断学,单选
消谷善饥的临床意义是,脾胃虚弱,湿热蕴脾,肝胆湿热,胃阴不足,胃火炽盛,E,,诊断学,单选
消谷善饥是因：（    ）,脾胃虚弱,肝胆湿热,胃阴不足,胃火炽盛,虫积腹中,D,,诊断学,单选
消渴病口渴特点是：,口淡不渴,欲饮不咽,大渴引饮,渴喜热饮,渴不多饮,C,,诊断学,单选
消渴病人口渴饮水的特点是,口不渴饮,渴不多饮,大渴引饮,饮不欲咽,饮入即吐,C,,诊断学,单选
消渴病晚期病人的病室气味为：（    ）,血腥味,尿味,腐臭味,尸臭味,烂苹果味,E,,诊断学,单选
小便浑浊如米泔的症状容易见于下列何证,脾气亏虚证,脾阳亏虚证,脾不统血证,脾虚气陷证,寒湿困脾证,D,,诊断学,单选
小便频急，灼涩疼痛，属于：(    ),膀胱湿热证,大肠湿热证,肝胆湿热证,湿热蕴脾证,肠热腑实证,C,A,诊断学,单选
小便频数 量少色赤 涩痛不适属(    ),膀胱湿热,肾气不固,膀胱失约,下焦虚寒,脾虚气陷,A,,诊断学,单选
小便清长，夜尿多，咽干不欲饮，畏寒肢凉，舌淡，脉弱。此为,表实寒证,表实热证,里实寒证,里虚寒证,里虚热证,D,,诊断学,单选
小便臊臭，黄赤混浊者，多属,食积,寒湿,湿热,热毒,痰饮,C,,诊断学,单选
小儿耳背有红络，耳根发凉，多属：(    ),气血亏虚,肾精亏损,出麻疹先兆,肾气不足,肝胆湿热,C,,诊断学,单选
小儿发结如穗，发黄干枯，伴见面黄肌瘦者，多属,禀赋不足,血虚受风,疳积,精血不足,血热,C,,诊断学,单选
小儿发育迟缓，成人早衰，男子精少，女子经闭，辨证为,肾阳虚证,肾气不固证,肾虚水泛证,肾阴虚证,肾精不足证,E,,诊断学,单选
小儿发育迟缓见于何证：(    ),肾阳虚证,肾精不足证,肾阴虚证,肾气不足证,脾肾阳虚证,B,,诊断学,单选
小儿惊风的典型面色是,面色淡青或青紫,面色与口唇青紫,眉间、鼻柱、唇周发青,面色青黄,面白而泛红如妆,C,,诊断学,单选
小儿生长发育迟缓、成人早衰多见于,肾阳亏虚证,肾虚水泛证,肾气不固证,肾阴亏虚证,肾精不足证,E,,诊断学,单选
小儿食指络脉色红的，多属：(    ),热证,外感表证,虚证,惊风,正常表现,A,,诊断学,单选
小儿食指络脉诊法，始见于：(    ),《内经》,《脉经》,《脉诀》,《水镜图诀》,钱乙《小儿药证直诀》,A,,诊断学,单选
小儿睡眠露睛，多由于,脾胃虚衰,津液不足,肝风内动,肝经风热,肾精耗竭,A,,诊断学,单选
小儿夏季长期发热， 烦渴多饮无汗， 秋凉自愈， 多为,气虚发热,阴虚发热,血虚发热,气郁发热,气阴两虚,E,,诊断学,单选
小儿囟门凹陷，多属,温病火邪上攻，脑髓有病,吐泻伤津，营血不充,肾气不足，发育不良,肾阴不足，虚火上炎,以上都不是,B,,诊断学,单选
小儿囟门凹陷的病因是,先天不足，肾精亏损,火邪上攻，或脑髓有病,吐泻伤津，或气血不足,肾气不足，发育不良,肝阳上亢，或风痰内扰,C,,诊断学,单选
小儿囟门迟闭，多属,温病火邪上攻，脑髓有病,吐泻伤津，营血不充,肾气不足，发育不良,肾阴不足，虚火上炎,以上都不是,C,,诊断学,单选
小儿囟门突起，多属：(    ),温病火邪上攻，脑脊水有病,吐泻伤津，或气血不足,肾气不足，发育不良,肾阴不足，虚火上炎,以上都不是,A,,诊断学,单选
小儿囟门突起的病因是,先天不足，肾精亏损,火邪上攻，或脑髓有病,吐泻伤津，或气血不足,肾气不足，发育不良,肝阳上亢，或风痰内扰,B,,诊断学,单选
小儿指纹色深暗者，多属,表证,里证,虚证,实证,疳积,D,,诊断学,单选
小儿指纹色鲜红者，多属,外感风寒表证,里实热证,痛症，惊风,血络郁闭,脾虚，疳积,A,,诊断学,单选
小儿指纹透关射甲，多属,气血旺盛，正常表现,邪气入络，邪浅病轻,邪气入 经，邪深病重,邪入脏腑，病情严重,病情凶险，预后不良,E,,诊断学,单选
小儿指纹显于命关，多属,气血旺盛，正常表现,邪气入络，邪浅病轻,邪气入 经，邪深病重,邪入脏腑，病情严重,病情凶险，预后不良,D,,诊断学,单选
哮与喘的鉴别要点为,是否呼吸急迫,是否睡能平卧,是否张口抬肩,是否喉间痰鸣,,D,,诊断学,单选
哮与喘的鉴别要点为：（    ）,是否呼吸急迫,是否睡能平卧,是否张口抬肩,是否喉间痰鸣,,D,,诊断学,单选
邪热亢盛可见：（    ）,舌红苔黄燥,舌红降少苔,舌红胖苔黄腻,舌红苔白,舌淡苔白,A,,诊断学,单选
邪在半表半里的特征性症状是,胸胁苦满,口苦咽干,寒热往来,脉弦,目眩,C,,诊断学,单选
胁肋部饱满、疼痛，叩之音实者，多为,肺胀,饮停胸胁,真心痛,心气虚,胸部外伤,B,,诊断学,单选
胁肋胀痛，口苦厌油，寒热往来，身目发黄，应诊断为,脾胃湿热证,肝火炽盛证,胆郁痰扰证,肝胆湿热证,肝气郁结证,D,,诊断学,单选
心烦不寐患者，脉象多见,滑,促,弦,涩,数,E,,诊断学,单选
心烦失眠，腰膝酸软，属,肝郁化火证,食滞胃脘证,心脾两虚证,心肾不交证,心肺气虚证,D,,诊断学,单选
心烦心悸，失眠多梦，舌红少苔，脉细数者。此属,心血虚证,心气虚证,心阳虚证,心阴虚证,心阳虚脱证,D,,诊断学,单选
心肝血虚证的临床表现是,心烦少寐，腰膝酸软，五心烦热，头晕耳鸣,心悸怔忡，胸闷气短，咳嗽气喘，吐痰清稀,心悸怔忡，形寒肢冷，肢体浮肿，唇甲青紫,心悸怔忡，腹胀便溏，皮下出血，神疲乏力,心悸怔忡，失眠健忘，两目干涩，肢体麻木,E,,诊断学,单选
心火上炎证最主要的临床特征是：(    ),发热口渴,心悸失眠,神昏谵语,口舌生疮,尿道灼痛,E,,诊断学,单选
心火上炎最主要的临床特征是,口舌生疮,心烦失眠,发热口渴,尿道灼痛,神昏谵语,A,,诊断学,单选
心悸，失眠，盗汗，颧红，五心烦热，脉细数，舌红少苔。此为,表实寒证,表实热证,里实寒证,里虚寒证,里虚热证,E,,诊断学,单选
心悸、气短与下列哪项同见对诊断心阳虚证最有意义?,神疲乏力,面色淡白而消瘦,形寒肢冷,头晕目眩,,C,,诊断学,单选
心悸不常见于下列哪个证：(    ),心肾阳虚证,肾气不固证,心脉痹阻证,心肾不交证,心肝血虚证,A,,诊断学,单选
心悸失眠，头晕气短，面白唇淡，多属,水气凌心,心阳亏虚,气血两虚,心气亏虚,胆郁痰扰,C,,诊断学,单选
心悸头晕，失眠多梦，面色淡白，唇舌色淡者。此属,心血虚证,心气虚证,心阳虚证,心阴虚证,心阳虚脱证,A,,诊断学,单选
心悸与下列哪项同见，可诊断为心阴虚证：(    ),失眠,面白,健忘,头晕,舌红少苔,E,,诊断学,单选
心悸怔忡， 胸闷气短， 精神疲乏， 舌淡脉虚者。此属,心血虚证,心气虚证,心阳虚证,心阴虚证,心阳虚脱证,B,,诊断学,单选
心悸怔忡，心胸闷痛，身重困倦，苔白腻，脉沉滑或沉涩。证属：(    ),气滞心脉证,寒凝心脉证,心阳虚脱证,瘀阻心脉证,痰阻心脉证,A,,诊断学,单选
心悸怔忡，形寒肢冷，气短心痛，苔白滑，脉弱者。此属,心血虚证,心气虚证,心阳虚证,心阴虚证,心阳虚脱证,C,,诊断学,单选
心脉痹阻证，体胖而以闷痛为特点者，属于,痰阻心脉,热扰心脉,瘀阻心脉,气滞心脉,寒凝心脉,A,,诊断学,单选
心脉痹阻证以胸部胀痛为特点者，属于：(    ),气滞心脉,热郁心脉,瘀阻心脉,寒凝心脉,痰阻心脉,A,,诊断学,单选
心脾两虚证除脾气虚外，还有,心气虚,血汗虚,心阴虚,心阳虚,,B,,诊断学,单选
心脾两虚证的临床表现是,心烦少寐，腰膝酸软，五心烦热，头晕耳鸣,心悸怔忡，胸闷气短，咳嗽气喘，吐痰清稀,心悸怔忡，形寒肢冷，肢体浮肿，唇甲青紫,心悸怔忡，腹胀便溏，皮下出血，神疲乏力,心悸怔忡，失眠健忘，两目干涩，肢体麻木,D,,诊断学,单选
心脾气血两虚证最常见的症状是,心悸怔忡，神疲乏力,食少腹胀，面色萎黄,失眠多梦，舌质淡白,心悸多梦，便溏舌淡,心烦不寐，舌红少苔,D,,诊断学,单选
心脾有热可见,苍老舌,痿软舌,胖大舌,吐弄舌,齿痕舌,D,,诊断学,单选
心气大伤导致,夺气,郑声,独语,错语,狂言,B,,诊断学,单选
心气虚证与心阳虚证的共见症状是,形寒肢冷,面白神疲,心悸气短,脉细无力,舌质淡白,C,,诊断学,单选
心气虚证最不容易见到的症状是,唇舌淡白,失眠多梦,眩晕健忘,舌红脉数,心悸怔忡,D,,诊断学,单选
心气虚证最有特征的临床表现是：(    ),胸闷气短，心悸怔忡,心胸憋闷，脉结代,冷汗肢厥，神志模糊,心胸作痛，畏寒肢冷,胸痛如刺，舌暗瘀斑,D,,诊断学,单选
心肾不交证最典型的表现是,眩晕耳鸣，腰膝酸软,心悸怔忡，肢肿尿少,心烦失眠，腰酸盗汗,心悸失眠，头晕目眩,嗜睡神疲，心悸肢肿,C,,诊断学,单选
心肾阳虚证的临床表现是,心烦少寐，腰膝酸软，五心烦热，头晕耳鸣,心悸怔忡，胸闷气短，咳嗽气喘，吐痰清稀,心悸怔忡，形寒肢冷，肢体浮肿，唇甲青紫,心悸怔忡，腹胀便溏，皮下出血，神疲乏力,心悸怔忡，失眠健忘，两目干涩，肢体麻木,C,,诊断学,单选
心肾阳虚证最典型的表现是,心悸怔忡，肢肿形寒,心中动悸，面白神疲,腰膝冷痛，畏寒肢冷,心胸憋痛，舌质暗淡,心悸失眠，腰酸盗汗,A,,诊断学,单选
心血虚证的临床表现中最易见到的症状是,颧红盗汗,畏寒肢冷,心胸憋痛,唇舌淡白,脉象细数,D,,诊断学,单选
心血瘀阻，心阳暴脱多见,眉间、鼻根、唇周青紫,面色苍黄,面色白虚浮,面色青灰，肢冷脉微,面色萎黄,D,,诊断学,单选
心阳不振、心脉闭阻病人多见,面色淡青或青黑,面色萎黄，面睑虚浮,面青灰唇青紫，肢厥脉微,面色青黄,眉间、鼻柱、唇周发青,C,,诊断学,单选
心阳虚证的主症是,胸胁胀满，咳唾引痛,心悸怔忡，畏寒肢冷,胸痛咳,胸闷胸痛，心悸怔忡,咳吐痰涎，喉中哮鸣,B,,诊断学,单选
心阴虚证的临床表现中最不容易见到的症状是,失眠多梦,心悸心烦,面白舌淡,五心烦热,脉象细数,C,,诊断学,单选
新起恶寒，发热口渴，无汗，咳嗽气喘，舌红苔黄白相兼，脉浮数。此为,表里实热证,表实寒里虚寒证,表寒里热证,表热里寒证,表实寒里虚热证,C,,诊断学,单选
新起腹泻，大便清稀水样，多属,寒湿,湿热,脾虚,痢疾,霍乱,A,,诊断学,单选
形成肝风内动的原因，应除外哪一项：(    ),寒滞肝脉,邪热亢盛,肝阴亏虚,肝阳亢逆,肝血不足,C,,诊断学,单选
形成寒证的原因不包括下列哪项：（         ）,阳气亏虚,阴液不足,阴寒内盛,阴邪致病,阴气偏盛,B,,诊断学,单选
胸背彻痛剧烈，发病急骤，面色青灰，多因,肺热炽盛,痰热壅肺,饮停胸胁,痰瘀阻滞肺络,心脉急骤闭塞,E,,诊断学,单选
胸痹的疼痛特征是,胸痛剧烈，持续不解,胸痛，咳吐脓血腥臭痰,胸痛咳喘，痰白易咯,干咳胸痛，潮热盗汗,心胸憋闷疼痛，时作时止,E,,诊断学,单选
胸痹心痛患者，脉象多见,滑,促,弦,涩,数,C,,诊断学,单选
胸部压痛，局限性青紫肿胀而拒按者，为,肺胀,饮停胸胁,真心痛,心气虚,胸部外伤,E,,诊断学,单选
胸腹部按诊时，病人最宜采取的体位是,俯卧位,侧卧位,仰卧位,截石位,正坐位,C,,诊断学,单选
胸闷壮热鼻翼煽动者多属：（    ）,心阳不足,痰饮停肺,痰热壅肺,寒邪客肺,肺肾气虚,C,,诊断学,单选
胸胁胀满，咳嗽牵引疼痛，气短，苔白滑，脉弦，应诊断为,燥邪犯肺证,痰热壅肺证,寒痰阻肺证,饮停胸胁证,风寒犯肺证,D,,诊断学,单选
胸胁胀闷，走窜疼痛，多属：（      ）,气滞血瘀证,肝气上逆证,血瘀证,气滞证,以上都不是,D,,诊断学,单选
胸胁胀痛，部位不定，嗳气、矢气、太息减轻，舌象无异，脉,痰证,水停证,食积证,饮证,气滞证,E,,诊断学,单选
胸胁灼痛，急躁易怒，头胀头晕，痰黄黏稠，甚则咳血，烦热口苦，面红目赤，脉弦数，证属,痰热蕴肺证,风寒表实证,肝火犯肺证,肺燥津伤证,风热犯肺证,C,,诊断学,单选
虚里按之搏动迟弱为,宗气内虚,宗气外泄,心肺气绝,中气不守,心阳不足,E,,诊断学,单选
虚里搏动散漫而数为,宗气内虚,宗气外泄,心肺气绝,中气不守,心阳不足,C,,诊断学,单选
虚里搏动数急而时有一止者为,心气亏虚,心阳不足,痘疹将发,心肺气绝,宗气不守,E,,诊断学,单选
虚里动高，聚而不散者，可因,鼓胀,肺痨,热甚,惊恐,悬饮,C,,诊断学,单选
虚里动高，片刻即能平复如常，可因,鼓胀,肺痨,热甚,惊恐,悬饮,D,,诊断学,单选
虚脉的形象是：（    ）,三部脉举之无力，按之空虚,沉细而软，应指无力,极细极软，似有似无,脉体如线，软弱无力,浮而细软，应指无力,A,,诊断学,单选
虚实夹杂证可包括,大实有羸状,实中夹虚,至虚有盛候,因虚致实,因实致虚,B,,诊断学,单选
虚阳浮越证的病人其面色多呈,两颧潮红,泛红如妆,满面通红,红黄隐隐,面色萎黄,B,,诊断学,单选
虚证失神的表现是,神志清楚，面色红润，目光明亮，精彩内含,重病本已失神，突然神识清醒，颧赤如妆,壮热烦躁，神昏谵语，四肢抽搐,精神不振，面色少华，倦怠乏力,精神萎靡，面色无华，形体羸瘦,E,,诊断学,单选
血行不畅可见,淡白舌,红舌,绛舌,紫舌,裂纹舌,D,,诊断学,单选
血行瘀滞病人的唇色是,淡白,樱红,深红,青紫,青黑,D,,诊断学,单选
"血虚生风,阴虚动风,肝阳化风,热极生风,均能见到的症状是：",形体消瘦,四肢麻木,筋脉拘急,腰膝酸软,眩晕耳鸣,C,,诊断学,单选
血瘀日久病人多见,面色黧黑晦暗,面色黑而干焦,眼眶周围发黑,面色紫暗黧黑，肌肤甲错,面色淡青或青黑,D,,诊断学,单选
血瘀证的临床表现是,刺痛,胀痛,冷痛,灼痛,掣痛,A,,诊断学,单选
血瘀证的色脉改变，下述哪项不是,皮肤现青紫色斑块,腹壁有青筋显露,出血紫暗、夹块,舌淡胖，苔腻或滑,脉象细涩、弦涩,D,,诊断学,单选
血瘀证特有的症状是：,"面色黧黑,肌肤甲错","面色苍白,四肢不温","唇甲色暗,胸胁胀痛","面色青黑,少腹冷痛","面色淡白,身倦乏力",A,,诊断学,单选
血瘀致痛多为,灼痛,窜痛,空痛,重痛,刺痛,E,,诊断学,单选
询问家族史最主要的意义是,分析病因,辨别病性,指导治疗,排除遗传病,推断病情,D,,诊断学,单选
牙齿燥如枯骨者，多属,胃阴已伤,阳明热甚，津液大伤,肾阴枯竭，精不上 荣,肾虚，虚火上炎,热极动风,C,,诊断学,单选
牙龈红肿而痛，多属：(    ),阴虚火旺,肝火上炎,肺经有热,脾经火热,胃火上攻,E,,诊断学,单选
牙龈肿痛见于,心火炽盛,肝火炽盛,肺热炽盛,胃热炽盛,,D,,诊断学,单选
言语轻迟低微，欲言不能复言者属：（    ）,郑声,独语,夺气,错语,,C,,诊断学,单选
咽红肿胀而痛，甚则溃烂有黄白脓点，此为(    ),阴虚火旺,痰湿凝聚,气阴两亏,肺胃热毒,胃火亢盛,D,,诊断学,单选
阳黄的病机为：(    ),寒湿郁阻,湿热熏蒸,脏腑实热,阴虚火旺,以上都不是,B,,诊断学,单选
阳明腑实证的发热特点是,身热不扬,日晡潮热,五心烦热,身热汗出,往来寒热,B,,诊断学,单选
阳明腑实证的临床表现是：（    ）,神昏谵语，高热，腹满便秘,心烦不寐，时有谵语，舌绛,神昏谵语，舌謇肢厥，脉滑,神昏，间有谵语，苔黄厚腻,心烦躁扰，吐血，舌质深绛,C,,诊断学,单选
阳明经证临床表现不具备下列哪项,脉洪大,身热汗出,口渴引饮,大便泄泻,面赤气粗,D,,诊断学,单选
阳气暴脱病人的面色特征是,面色无华,面色淡白,面色苍白,面色青紫,面色青黑,C,,诊断学,单选
阳气暴脱的病人多见,面色淡白,面色㿠白,面色晦暗,面色苍白,面色青黑,D,,诊断学,单选
阳气亏虚多见,战汗,半身汗,绝汗,盗汗,自汗,E,,诊断学,单选
阳热有余，蒸腾胃中秽浊之邪上泛，可见,腐苔,腻苔,润苔,有根苔,无根苔,A,,诊断学,单选
阳水的特点，不包括哪项：（      ）,起病急，病程短,皮肤光亮而薄,为头面部先肿,多挟风邪为患,按之凹陷难复,E,,诊断学,单选
阳虚发展到亡阳时，最主要的标志是,四肢冷至肘膝,由脉弱变脉微,面色由白变青紫,出现冷汗淋漓,呼吸短促微弱,D,,诊断学,单选
阳虚寒湿内盛，可见,舌红绛苔黄燥,舌红绛苔黄腻,舌淡苔灰黑润,舌红绛少苔,舌红绛苔黄白相兼,C,,诊断学,单选
阳虚水泛病人多见,面色 白浮肿,面色萎黄虚浮,面色青黄,身黄色鲜明,身黄色晦暗,A,,诊断学,单选
阳虚水湿不化的舌象多为：(    ),舌质淡胖，苔黄滑而润,舌质绛，苔白腻,舌质红，苔黄腻,舌质绛，苔黄腻,舌淡红苔润多津,A,,诊断学,单选
阳虚水停的舌象特征是,舌淡胖，苔白滑,舌淡胖嫩，苔黄滑,舌边有斑点,舌质淡红，舌苔白腻,舌质红绛无苔,A,,诊断学,单选
阳虚证与气虚证最主要的区别是,有无少气懒言,有无神疲乏力,寒象是否明显,小便是否清长,舌质是否淡嫩,C,,诊断学,单选
腰膝酸冷，周身浮肿，按之没指，疲乏，辨证为,肾阳虚证,肾气不固证,肾虚水泛证,肾阴虚证,肾精不足证,C,,诊断学,单选
腰膝酸软，眩晕耳鸣，遗精早泄，舌红少苔，脉细数，应诊断为,肾阳亏虚证,肾气不固证,肾精不足证,肾阴亏虚证,肾虚水泛证,D,,诊断学,单选
腰膝酸软而痛，眩晕耳鸣，五心烦热，辨证为,肾阳虚证,肾气不固证,肾虚水泛证,肾阴虚证,肾精不足证,D,,诊断学,单选
夜间露宿后，形成表热证，下述哪种认识不对,原始病因为寒,当前病因为寒,当前病因为热,证的性质为热,寒邪转化为热,B,,诊断学,单选
一息五至以上的脉象，以下除哪一项以外均是,动脉,促脉,数脉,结脉,疾脉,D,,诊断学,单选
遗精，头晕目眩，形体干瘦，舌红少苔，脉细数，应诊断为,心肾不交证,肾气不固证,心脾两虚证,肾阴亏虚证,肾精不足证,D,,诊断学,单选
以“十问”概括问诊的医学家是,张仲景,李时珍,张景岳,喻嘉言,赵晴初,C,,诊断学,单选
以“十问”来总结概括问诊的医学家是：（    ）,张仲景,李时珍,喻嘉言,叶天士,张景岳,E,,诊断学,单选
以憋闷为特点的心脉痹阻证的诱发原因是,痰阻心脉,气滞心脉,寒凝心脉,热郁心脉,瘀阻心脉,A,,诊断学,单选
以浮、中、沉分候脏腑的办法，一般左手中取候,心,肺,脾,肝,肾,D,,诊断学,单选
以上属于病名的是,顿咳,干咳,肺阴虚证,恶寒发热,杵状指,A,,诊断学,单选
以上属于体征的是,顿咳,干咳,肺阴虚证,恶寒发热,杵状指,E,,诊断学,单选
以下不属于辨证诊断要求的是,内容要准确全面,证名要精炼规范,证名变则病名变,不受证型的拘泥,证候变则证名变,C,,诊断学,单选
以下除哪项外，脉率均在一息五至以上,动脉,促脉,滑脉,疾脉,数脉,C,,诊断学,单选
以下何脉不主宿食,紧脉,促脉,滑脉,结脉,涩脉,D,,诊断学,单选
以下哪项不是导致便秘的常见原因：（    ）,胃火,肝胃不和,阴血不足,寒凝胃肠,津液亏虚,B,,诊断学,单选
以下哪项不是呃逆的常见原因,寒邪客胃,热邪犯胃,脾失健运,胃气衰败,饮食刺激,C,,诊断学,单选
以下哪项不是面色发黑所属病证：(    ),水饮,痰湿,肾虚,寒证,血瘀,B,,诊断学,单选
以下哪项不是面色发青所属病证：(    ),痛证,寒证,惊风,血瘀,痰饮,E,,诊断学,单选
以下哪项不是痰与饮的区别点：（      ）,痰质地较稠，饮质地较稀,痰流动性大，饮流动性小,痰致病广泛，饮致病局限,痰性有寒热，饮性多偏寒,饮可凝为痰，痰难化为饮,B,,诊断学,单选
以下哪项是诊断阳虚证的必见症,神疲乏力,大便溏泻,畏寒肢冷,尿少浮肿,口淡不渴,C,,诊断学,单选
以下哪项最应考虑肝癌的诊断,左胁下痞块而硬,右胁下肿块凹凸不平,胁下肿块刺痛拒按,胁下肿块软而不坚,胁痛喜按，按之空虚,B,,诊断学,单选
以下哪一项不属于病理舌态：(    ),肿胀,痿软,短缩,歪斜,强硬,A,,诊断学,单选
以下哪一项为有神的表现:,目光暗淡,精神萎靡,神志恍惚,表情活泼,面色晦暗,D,,诊断学,单选
以下哪种舌象可见于正常的人：(    ),舌有芒刺,舌体胖大娇嫩,舌面光滑无苔,舌有裂纹,舌边齿痕，苔垢,D,,诊断学,单选
以下哪种舌象可见于正常人,舌苔薄白,舌光滑无苔,舌有芒刺,舌胖娇嫩,舌边有齿痕,A,,诊断学,单选
以胀闷疼痛为辨证要点的症候为：（      ）,气虚,气陷,气滞,气逆,气脱,C,,诊断学,单选
因大失血而致气脱，称为,血虚气脱,气随血脱,阳气虚脱,气不摄血,亡阳,B,,诊断学,单选
阴黄病人多见,面色 白浮肿,面色萎黄虚浮,面色青黄,身黄色鲜明,身黄色晦暗,E,,诊断学,单选
阴黄的面色特点是,面色萎黄无华,面色虚浮微黄,面色青黄相兼,面目黄色鲜明,面目黄色晦暗,E,,诊断学,单选
阴盛格阳证一般不见,面赤,口渴,溲赤,脉大,咽痛,C,,诊断学,单选
阴虚动风证的临床表现是,持续低热，手足蠕动，舌绛少苔,突然昏仆，半身不遂，口眼歪斜,筋脉拘急，肌肉掣动，肢体麻木,两目上视，角弓反张，高热神昏,突然昏倒，不省人事，口吐涎沫,A,,诊断学,单选
阴虚火旺的舌象可见：（   ）,舌红苔黄燥,舌红少苔,舌红苔黄腻,舌红苔白,舌淡红无苔,B,,诊断学,单选
阴虚火旺多见,战汗,半身汗,绝汗,盗汗,自汗,D,,诊断学,单选
阴虚火旺可见,淡白舌,红舌,绛舌,紫舌,裂纹舌,C,,诊断学,单选
阴虚内热，虚火灼精病人多见,面黑暗淡,面色黑而干焦,眼眶周围发黑,面色黧黑，肌肤甲错,面色青黑,B,,诊断学,单选
阴虚证病人多见,满面通红,两颧潮红,泛红如妆,面青颊赤,乍赤乍白,B,,诊断学,单选
阴虚证可见：（    ）,口渴喜饮,渴喜热饮,渴不欲饮,渴不多饮,但欲漱水不欲咽,D,,诊断学,单选
引起大便时溏时结的原因是,肝脾不调,脾肾阳虚,脾虚气陷,脾胃虚寒,大肠湿热,A,,诊断学,单选
引起排便不爽的原因是,肝脾不调,脾肾阳虚,脾虚气陷,脾胃虚寒,大肠湿热,E,,诊断学,单选
引起血虚的原因，错误的是：（      ）,气机不调，升降失常,瘀因内阻，新血不生,劳神太过，暗耗阴血,脾失健运，生血乏源,大病久病，耗伤气血,A,,诊断学,单选
饮食积滞可见,干呕无物,呕吐酸腐,呕吐清水,喷射呕吐,朝食暮吐,B,,诊断学,单选
饮停胸胁证的主症是,胸胁胀满，咳唾引痛,心悸怔忡，畏寒肢冷,胸痛咳,胸闷胸痛，心悸怔忡,咳吐痰涎，喉中哮鸣,A,,诊断学,单选
饮停胸胁症见胸胁饱满咳嗽时牵引作痛。此属,痰饮,支饮,悬饮,溢饮,,C,,诊断学,单选
饮证的咯痰特点是：（      ）,痰色黄白,痰清稀如水,痰中带血,痰白滑易咯出,痰中有灰黑点,B,,诊断学,单选
饮证的主要原因是：（      ）,脏腑机能减退,情志所伤,饮食不节,过逸少动,感受湿邪,A,,诊断学,单选
营分证的主要病机是,温热袭表，肺卫失宣,邪热壅肺，肺气郁闭,温邪入,热灼营阴，心神被扰,温邪入血，动血动风,D,,诊断学,单选
营分证与阳明腑实证均可见到神昏谵语，其鉴别要点是：（    ）,有无手足抽搐,起病的缓与急,发热的高与低,有无便秘腹痛,病性之虚与实,D,,诊断学,单选
用不轻不重指力持脉，按到肌肉者叫作,浮取,总按,沉取,单按,中取,E,,诊断学,单选
用手指稍用力寻抚局部，力达肌层者，称,按法,摸法,触法,压法,叩法,B,,诊断学,单选
由脾虚不运致痰湿停积的证侯属：,因虚致实,虚中挟实,实中挟虚,由实致虚,虚实并重,A,,诊断学,单选
由气虚而导致的病理变化，下述哪项少见,气虚可致营亏、血虚,气虚发展可形成阳虚,气虚可致亡阳、亡阴,气化减退而形成痰湿,气虚可致气滞、血瘀,C,,诊断学,单选
由于惊恐、疼痛等导致阴阳不和，气血运行乖违，可见,促脉,结脉,滑脉,数脉,动脉,E,,诊断学,单选
由于气候的影响，平脉在秋季应,稍浮,稍沉,稍洪,稍弦,稍缓,A,,诊断学,单选
有机磷农药中毒病人的病室气味为,蒜臭味,尿臊味,腐臭味,烂苹果味,血腥味,A,,诊断学,单选
有无虚热是下列哪组证候的鉴别要点：(    ),肾阴虚证与肺肾阴虚证,肾阴虚证与肝肾阴虚证,肾阴虚证与心肾不交证,肾阴虚证与肾精不足证,肾阴虚证与心阴虚证,B,,诊断学,单选
有形实邪闭阻气机所致的疼痛，其疼痛性质是,胀痛,灼痛,冷痛,绞痛,隐痛,D,,诊断学,单选
右少腹剧痛拒按，弹痛或按之有包块者，最宜诊为,肠痈,虫积,疝气,宿粪,石瘕,A,,诊断学,单选
右少腹作痛拒按，或出现反跳痛的临床意义是,水鼓,气鼓,虚积,肠痈,虫积,D,,诊断学,单选
右胁下肿块，表面平而质硬，压痛不明显，多属,肝郁,肝虚,肝积,肝癌,疟母,C,,诊断学,单选
瘀石虫痰等阻塞所致之“气闭”，最突出的表现是：（      ）,肢厥脉弦,胀闷不舒,绞痛阵作,患处胀痛,神识不清,B,,诊断学,单选
瘀血内阻证，诊尺肤可见,温润而滑爽,尺肤部热甚,皮肤凉而不温,按之凹而不起,粗糙如鱼鳞,E,,诊断学,单选
瘀血证可见：（    ）,口渴喜饮,渴喜热饮,渴不欲饮,渴不多饮,但欲漱水不欲咽,E,,诊断学,单选
瘀阻胞宫导致的腹痛是,少腹冷痛，牵引阴部,小腹刺痛，经血紫暗,小腹胀痛，尿频灼痛,大腹隐痛，喜温喜按,胁胀腹痛，泻后痛减,B,,诊断学,单选
瘀阻脑络证的头痛特点是,颠顶冷痛,绵绵隐痛,痛如锥刺,胀痛时作,头脑空痛,C,,诊断学,单选
瘀阻脑络证的头痛特点是：(    ),冷痛,绵绵而痛,胀痛,刺痛,空痛,C,,诊断学,单选
与籍贯或居住地域关系最为密切的疾病是,麻疹,癃闭,疟疾,中风,丹毒,C,,诊断学,单选
与气虚兼并的虚证，下列哪项少见,气血两虚,阳气亏虚,气虚阳浮,津气亏虚,气阴两虚,C,,诊断学,单选
与生活接触最有关的疾病是,失眠,肺痈,哮病,肺痨,崩漏,D,,诊断学,单选
与虚喘发作关系密切的脏腑是：（    ）,肺脾,肺肾,心肺,脾肾,肝肺,B,,诊断学,单选
与血缘关系最密切的疾病是,失眠,肺痈,哮病,肺痨,崩漏,C,,诊断学,单选
语声重浊多为,外感风热,外感风寒,热邪壅肺,寒邪客肺,痰热壅肺,B,,诊断学,单选
语无伦次而精神错乱，狂躁妄为，属于：（    ）,谵语,独语,狂言,错语,郑声,C,,诊断学,单选
语言粗鲁，狂妄叫骂，哭笑无常者属,心气不足,心神大伤,痰浊闭窍,痰火扰心,,D,,诊断学,单选
"语言低微,气短不续，欲言不能复言者，属于：（    ）",少气,短气,上气,夺气,以上都不是,D,,诊断学,单选
语言异常与何脏关系最为密切,心,肝,脾,肾,肺,A,,诊断学,单选
郁热病人可见,呕吐物清稀无味,呕吐物秽浊酸臭,呕吐酸腐不化食物,呕吐黄绿色苦水,呕吐清水或痰涎,D,,诊断学,单选
育龄期妇女停经，却“身有病而无邪脉”，病情资料的属性是,—般性资料,特异性资料,否定性资料,必要性资料,偶见性资料,C,,诊断学,单选
欲察疾病之寒热性质，首察：(    ),三关部位,络脉形状,络脉色泽,络脉浮沉,以上都不是,C,,诊断学,单选
原高热，咳嗽，气喘，喉间痰壅，现已不发热，面色青灰，四肢厥冷，脉微。此为,寒热错杂,寒证化热,表里同病,虚实夹杂,热证转寒,E,,诊断学,单选
原高热烦渴，脉洪大，现面色苍白，冷汗淋漓，脉微肢厥。证属,真热假寒,真寒假热,热证转寒,真实假虚,真虚假实,C,,诊断学,单选
月经后期，量少色淡是：（    ）,气虚,血虚,血瘀,肝郁,寒凝,B,,诊断学,单选
月经量少，经色紫暗的原因是,气滞,血瘀,血虚,血热,痰湿,B,,诊断学,单选
月经先期，量多色淡是：（    ）,气虚,血虚,血瘀,肝郁,寒凝,A,,诊断学,单选
月经先期的临床意义是,血海空虚,阴寒凝滞,瘀血阻滞,肝郁化热,阳气盛衰,D,,诊断学,单选
在“望色十法”中，“散”是指,面色浮显,面色清明,面色深浓,面色疏散,面色润泽,D,,诊断学,单选
在“望色十法”中，面色由夭转泽，说明,病邪自里出表,病变由阴转阳,病变由实转虚,病虽久，邪将解,病变由重转轻,E,,诊断学,单选
在《灵枢·五色》中，“庭”是指,额,眉间,鼻,颊侧,耳门,A,,诊断学,单选
在《灵枢·五色》中，鼻柱候：(    ),肺,心,脾,肝,肾,D,,诊断学,单选
在《灵枢·五色》中，藩是指：(    ),前额,眉间,下颏,耳门,颊侧,E,,诊断学,单选
在《素问·刺热》中，左颊候,肺,心,脾,肝,肾,D,,诊断学,单选
在《素问·刺热篇》中，右颊候：(    ),心,肝,肺,脾,肾,C,,诊断学,单选
在二十八脉中，具备沉实大弦长形象特点的脉是：（    ）,革脉,紧脉,芤脉,伏脉,牢脉,E,,诊断学,单选
在肝郁脾虚证的辨证中最有诊断意义的是,腹痛欲泻，泻后痛减,大便稀溏，肠鸣矢气,胸胁胀痛，腹泻便溏,情志抑郁，时时太息,舌苔薄白，脉弦或缓,C,,诊断学,单选
在六经病变中凡两经或三经的证候同时出现者属,并病,合病,直中,顺传,逆转,B,,诊断学,单选
在六经传变中，少阳病转变为厥阴病，称为,合病,表里传,循经传,直中,越经传,B,,诊断学,单选
在脉象指感上与滑脉相反的脉象是,迟脉,缓脉,结脉,涩脉,沉脉,D,,诊断学,单选
在肾阴虚证的辨证中最有诊断意义的是：(    ),午后颧红,遗精潮热,眩晕健忘,五心烦热,舌红无苔,B,,诊断学,单选
在五色主病中，不属青色主病的是,寒证,湿证,疼痛,血瘀,惊风,B,,诊断学,单选
脏腑虚衰，气血不足，运化无力，致腹部胀满，呼吸喘促，二便闭塞等。此为,真寒假热,真热假寒,真实假虚,真虚假实,不虚不实,D,,诊断学,单选
脏腑在舌面上的划分，舌中部候：(    ),心肺,脾胃,肝胆,肾,三焦,B,,诊断学,单选
燥热伤津可以出现：（    ）,口涩,口苦,口酸,口甜,口黏腻,B,,诊断学,单选
燥苔常见于,外感风寒,气血亏虚,湿热蕴结,津液不足,食滞内停,D,,诊断学,单选
燥邪犯肺证中不容易见到的症状是,咳痰带血,痰黏难咯,两颧潮红,唇咽干燥,恶寒发热,C,,诊断学,单选
燥邪犯肺证中不容易见到的症状是：(    ),两颧潮红,咳痰带血,痰黏难咯,唇咽干燥,恶寒发热,A,,诊断学,单选
谵语的病机是,热扰心神,痰蒙心窍,心气大伤,阴血亏虚,,A,,诊断学,单选
谵语的病机是：（    ）,热扰心神,痰蒙心窍,心气大伤,阴血亏虚,,A,,诊断学,单选
谵语的常见病机是,心气大伤,热扰心神,心气不足,痰蒙心神,心血不足,B,,诊断学,单选
战汗产生的机理是,邪胜正衰,正邪剧争,正胜邪退,正邪俱衰,寒邪袭表,B,,诊断学,单选
战汗后汗出热退，脉静身凉的临床意义是,气虚阳虚,邪正俱衰,邪正俱盛,邪去正复,邪盛正衰,D,,诊断学,单选
战汗后身热不退，烦躁不安，脉来急疾的临床意义是,气虚阳虚,邪正俱衰,邪正俱盛,邪去正复,邪盛正衰,E,,诊断学,单选
张仲景对八纲辨证的贡献是,提出了八纲辨证的名称,对八纲有散在性的论述,具体运用八纲进行辨证,奠定八纲辨证的理论,将八纲作为辨证的纲领,C,,诊断学,单选
张仲景首创：（    ）,三焦辨证,经络辨证,卫气营血辨证,六经辨证,八纲辨证,D,,诊断学,单选
长脉与大脉为：（    ）,在部位上有浮与沉的不同,在气势上有力与无力的不同,同两者都有关,同两者都无关,,D,,诊断学,单选
长期咳喘，咯痰白稠，神疲乏力，食少，口淡不渴，舌淡胖，苔白腻，脉弱。此为,寒热错杂,寒证化热,表里同病,虚实夹杂,热证转寒,D,,诊断学,单选
长期咳喘，痰多色白，张口抬肩，不能平卧，浮肿尿少，心,虚实并重证,真实假虚证,虚中夹实证,真虚假实证,实中夹虚证,E,,诊断学,单选
针对“证”进行治疗的是,止咳平喘,固精止遗,消积化疳,补气养血,接骨续筋,D,,诊断学,单选
真寒假热的临床表现是,疫毒痢初期，高热烦渴，舌红脉数，急骤出现四肢厥冷、面色苍白,咳嗽吐痰，息粗而喘，苔腻脉滑，久之气短而喘、声低懒言,初为关节冷痛、重着，病久见患处红肿灼痛,自觉发热、欲脱衣揭被，下肢厥冷，面色浮红如妆,神识昏沉，四肢厥冷，胸腹灼热，口鼻气灼，舌红苔黄,D,,诊断学,单选
真热假寒证的特点为,肌肤灼热，体温升高,肌肤寒冷，体温偏低,皮肤无汗而有灼热感,身灼热而手足厥冷,汗出如油，肌肤尚温,D,,诊断学,单选
真心痛的疼痛特征是,胸痛剧烈，持续不解,胸痛，咳吐脓血腥臭痰,胸痛咳喘，痰白易咯,干咳胸痛，潮热盗汗,心胸憋闷疼痛，时作时止,A,,诊断学,单选
诊察大便时，下列哪项一般不会用到,嗅其气味,问其感觉,触其质地,望其颜色,察其形质,C,,诊断学,单选
诊察小儿食指三关部位，可知：(    ),病之表里,病之虚实,轻重预后,病之性质,脏腑部位,C,,诊断学,单选
诊断的内容不包括哪项,检查病人,询问病情,分析病机,病证诊断,选择治法,E,,诊断学,单选
诊断寒滞肝脉证的主要依据是：(    ),头晕目眩，胸胁胀闷,少腹，前阴  巅顶冷痛,形寒肢冷，舌苔薄白,阴囊湿疹，外阴瘙痒,脘腹冷痛，得温则减,B,,诊断学,单选
"诊断为正常舌象,哪一项是错误的：",舌质淡红,舌苔薄白,舌体活动灵活,舌体柔软,舌质娇嫩,E,,诊断学,单选
诊断心阳虚脱证最有意义的症状是：(    ),冷汗肢厥,舌质淡胖,面色淡白,心胸闷痛,心悸怔忡,A,,诊断学,单选
诊脉时三指平齐，略呈弓形倾斜，与受试者体表角度约呈,30°,45°,60°,75°,90°,B,,诊断学,单选
阵发性腹痛，有条索状包块聚散不定，或按之手下如蚯蚓蠕动者，最宜诊为,肠痈,食积,癥瘕,虫积,疝气,D,,诊断学,单选
蒸蒸汗出且高热口渴者属于,战汗,绝汗,自汗,大汗,盗汗,D,,诊断学,单选
正式提出“八纲”名称的著作是：（         ）,《黄帝内经》,《伤寒正脉》,《伤寒质难》,《景岳全书》,《伤寒六书》,C,,诊断学,单选
证候真假的“假”是指：（         ）,病人提供假情况,属于疾病现象,临床不常见的症,新病标病症状,与病理本质不符的症,E,,诊断学,单选
证候真假的所谓“真”，最主要是指：（         ）,病人真实的临床表现,临床上常见的证候,与病理本质相符的症,本病或者久病之症,病人的病情完全真实,C,,诊断学,单选
证见身热夜甚，烦躁不眠，舌红绛，脉细数，月经先期量多，此证为：（      ）,阴虚证,瘀热搏结证,血热证,湿热证,气虚发热证,C,,诊断学,单选
证见心悸，兼有失眠多梦，头晕眼花，舌淡脉细，诊断为：(    ),心阴虚证,心火亢盛证,心血虚证,心肾不交证,痰火扰神证,C,,诊断学,单选
"证见形寒肢冷,心悸怔忡,唇甲青紫,舌苔白滑,脉沉微,属：",脾肾阳虚,心阳虚,脾阳虚,肾阳虚,心肾阳虚,E,,诊断学,单选
证名必须具备的要素是,病位,病因病性,病势,病情,病本,B,,诊断学,单选
"症见喘促日久,心悸怔忡,动则喘咳,气不接续,胸闷如窒,不能平卧,痰多而粘,或心烦不寐,唇甲紫绀。舌紫或舌红,少苔,脉微疾或结代。证属：",风寒袭肺,水气凌心,痰湿阻肺,肺脾两虚,肺肾两虚,C,,诊断学,单选
"症见喘咳胸闷,痰多易咯,痰粘或咯吐不爽,胸中窒闷,口腻,脘痞腹胀。舌淡,舌苔白腻,脉弦滑。证属：",风寒袭肺,风热犯肺,痰湿蕴肺,肺脾两虚,肺肾两虚,C,,诊断学,单选
"症见气喘息涌,痰多呈泡沫状,胸满不能平卧,肢体浮肿,心悸怔仲,尿少肢冷，舌苔白滑, 脉弦细数。证属：",风寒袭肺,水气凌心,痰湿阻肺,肺脾两虚,肺肾两虚,B,,诊断学,单选
症见身倦乏力，少气自汗，腹痛拒按，舌暗且有瘀斑为：（      ）,气滞血瘀证,血瘀兼血虚证,气虚血瘀证,气血两虚证,以上都不是,C,,诊断学,单选
"症见胃脘胀痛,痞闷厌食,嗳腐吞酸或呕吐不消化食物,吐后痛缓,肠鸣矢气,泻下不爽, 臭如败卵，舌苔厚腻,脉滑或实。证属：",寒邪犯胃,肝胃气滞,胃热炽盛,脾胃不和,食滞胃肠,E,,诊断学,单选
"症见胃脘灼痛或痞满胀痛,嘈杂吐酸,心烦口渴,口苦口臭,牙龈肿痛,尿黄。舌红,舌苔黄 腻,脉数。证属：",肝胃气滞,胃热炽盛,食滞胃肠,脾胃不和,以上都不是,B,,诊断学,单选
"症见五心烦热,潮热盗汗,失眠多梦,健忘耳鸣,遗精腰酸,舌红苔少,脉细数,属：",肝肾阴虚,肾阴虚证,心阴虚证,心肾不交,心火亢盛,B,,诊断学,单选
"症见心悸不安,失眠健忘,头晕乏力,气短易汗,纳少胸闷，舌淡红,舌苔薄白, 脉细弱。证属：",心肾不交,心胆气虚,心脾两虚,心血瘀阻,心阳亏虚,C,,诊断学,单选
"症见胸闷气短,遇寒则痛,心痛彻背,形寒肢冷,动则气喘,心悸汗出,不能平卧,腰酸乏力,面浮足肿，舌淡胖,舌苔薄白,脉沉细。证属：",寒滞心脉,心血瘀阻,心肾阳虚,心肾阴虚,心气亏虚,C,,诊断学,单选
"症见胸胁胀闷,走窜疼痛,性情急躁,胁下痞块,刺痛拒按,舌紫暗,脉涩。证属：",气滞血瘀,气虚血瘀,肝经血瘀,肝气郁结,瘀血阻络,A,,诊断学,单选
肢体浮肿，小便短少，畏冷肢凉，面色淡白，脉沉迟无力。此为,表实寒证,表实热证,里实寒证,里虚寒证,里虚热证,D,,诊断学,单选
指出下列哪个病证与籍贯所处地域有关：（    ）,麻疹,疟疾,中风,月经不调,眩晕,B,,诊断学,单选
中风或中风先兆可见,痿软舌,胖大舌,歪斜舌,短缩舌,吐弄舌,C,,诊断学,单选
中焦病证的病位是在,肺与大肠,肝胆脾胃,肺与心包,脾与胃,肝与肾,D,,诊断学,单选
中医诊断学的三大原则是：（    ）,整体审察 诸诊合参病证结合,舍症从脉舍脉从症 脉症合参,辨证求因 审因论治依法处方,证候真假证候错杂 四诊合参,表里出入 寒热转化虚实转化,A,,诊断学,单选
中医诊断学中辨证的基本纲领是,八纲辨证,脏腑辨证,病因辨证,气血津液辨证,经络辨证,A,,诊断学,单选
重痛的特点是,胀闷疼痛,灼热疼痛,牵扯样痛,沉重而痛,胀痛,D,,诊断学,单选
诸病有声，鼓之如鼓，皆属于：（    ）,寒,热,火,湿,痰,B,,诊断学,单选
主气血两亏的舌色是：(    ),降舌,淡红舌,紫舌,淡白舌,红舌,D,,诊断学,单选
主热而不主寒的舌苔是：(    ),白苔,黄苔,腻苔,灰黑苔,积粉苔,E,,诊断学,单选
住院病历的“首次病程记录”完成时间是患者入院后,24小时完成,出院前完成,8小时内,12小时完成,48小时内,C,,诊断学,单选
住院病历婚育史没有包含的内容是,怀孕情况,产育情况,月经情况,配偶情况,子女健康状况,E,,诊断学,单选
壮热的病机为(    ),里热亢盛,湿遏热伏,阴虚阳亢,虚阳浮越,气虚,A,,诊断学,单选
壮热烦躁，面红目赤，腹胀满疼痛拒按，尿赤便秘，舌红苔黄，脉滑数实。证属,里实证,里热证,里实热证,真热假寒证,真寒假热证,C,,诊断学,单选
壮热汗出口大渴，头痛，微恶风寒，尿黄便结，舌红苔黄，脉洪数。此为,表里实热证,表实寒里虚寒证,表寒里热证,表热里寒证,表实寒里虚热证,A,,诊断学,单选
壮热口渴，咳喘气粗，鼻翼扇动，尿短赤，舌红苔黄，脉数者，应诊断为,痰热蕴肺证,燥邪犯肺证,肺热炽盛证,风热犯肺证,痰湿阻肺证,C,,诊断学,单选
紫舌常见于,气滞,血瘀,血虚,阴虚,阳虚,B,,诊断学,单选
紫舌的主病是：(    ),气滞,血瘀,痰凝,津亏,中毒,B,,诊断学,单选
自汗、盗汗并见，常见于,阴虚证,阳虚证,血虚证,气阴两虚证,气虚,D,,诊断学,单选
自汗的特点是,大汗淋漓,半身汗出,战栗汗出,睡时汗出,日间汗出,E,,诊断学,单选
自汗多因(    ),阴虚内热,气虚卫阳不固,邪正相争,阳气暴脱,血虚,B,,诊断学,单选
自言自语，喃喃不休，见人语止，首尾不续，属于,郑声,独语,谵语,狂言,错语,B,,诊断学,单选
自言自语，喃喃不止，见人则止，首尾不续者，称,郑声,谵语,独语,错语,狂言,C,,诊断学,单选
最常见的“外湿”表现是：（      ）,恶寒微有发热,皮肤渗液瘙痒,肢体困重酸痛,脘腹痞胀不舒,舌淡胖苔白滑,C,,诊断学,单选
最能辨别虚实真假的是,脉沉取之有力无力,舌质的苍老与嫩胖,病程的新久或长短,整个体质的壮和弱,二便的通利和闭塞,A,,诊断学,单选
最能体现表证特征的是,但发热不恶寒,但恶寒不发热,寒战而有高热,恶寒发热并见,发热盗汗，舌红,D,,诊断学,单选
最宜诊断为肝肾阴虚证的表现是,腰酸耳鸣，梦遗盗汗,舌红少苔，脉象细数,眩晕胁痛，急躁易怒,遗精盗汗，月经量少,腰酸胁痛，五心烦热,E,,诊断学,单选
最易导致太息的是,肝风内动,肝气虚弱,肝气郁结,肝阳上亢,肝风内动,C,,诊断学,单选
最易诊断为心脾气血虚证的表现是：(    ),心悸怔忡，神疲乏力,食少腹胀，面色萎黄,心悸失眠，便溏舌淡,心烦不寐，色红少苔,失眠多梦，舌质淡白,C,,诊断学,单选
最早开始记录病人的姓名举止病状以及方药等作为诊疗的原始资料的医家是：（    ）,叶天士,张仲景,张介宾,汪宏,淳于意,E,,诊断学,单选
坐而喜俯，少气懒言者，属,肺实气逆,肺虚体弱,阳证、热证、实证,阴证、寒证、虚证,咳喘肺胀，或水饮停于胸腹,B,,诊断学,单选
,,,,,,,,,
,,,,,,,,,
,,,,,,,,,
,,,,,,,,,
,,,,,,,,,
,,,,,,,,,
,,,,,,,,,
,,,,,,,,,
,,,,,,,,,
,,,,,,,,,
,,,,,,,,,
,,,,,,,,,
,,,,,,,,,
,,,,,,,,,
,,,,,,,,,
,,,,,,,,,
,,,,,,,,,
,,,,,,,,,
,,,,,,,,,
,,,,,,,,,
,,,,,,,,,
,,,,,,,,,
,,,,,,,,,
,,,,,,,,,
,,,,,,,,,
,,,,,,,,,
,,,,,,,,,
,,,,,,,,,
,,,,,,,,,
,,,,,,,,,
,,,,,,,,,
,,,,,,,,,
,,,,,,,,,
,,,,,,,,,
,,,,,,,,,
,,,,,,,,,
,,,,,,,,,
,,,,,,,,,
,,,,,,,,,
,,,,,,,,,
,,,,,,,,,
,,,,,,,,,
,,,,,,,,,
,,,,,,,,,
,,,,,,,,,
,,,,,,,,,
,,,,,,,,,
,,,,,,,,,
,,,,,,,,,
,,,,,,,,,
,,,,,,,,,
,,,,,,,,,
,,,,,,,,,
,,,,,,,,,
,,,,,,,,,
,,,,,,,,,
,,,,,,,,,
,,,,,,,,,
,,,,,,,,,
,,,,,,,,,
,,,,,,,,,
,,,,,,,,,
,,,,,,,,,
,,,,,,,,,
,,,,,,,,,
,,,,,,,,,
,,,,,,,,,
,,,,,,,,,
,,,,,,,,,
,,,,,,,,,
,,,,,,,,,
,,,,,,,,,
,,,,,,,,,
,,,,,,,,,
,,,,,,,,,
,,,,,,,,,
,,,,,,,,,
,,,,,,,,,
,,,,,,,,,
,,,,,,,,,
,,,,,,,,,
,,,,,,,,,
,,,,,,,,,
,,,,,,,,,
,,,,,,,,,
,,,,,,,,,
,,,,,,,,,
,,,,,,,,,
,,,,,,,,,
,,,,,,,,,
,,,,,,,,,
,,,,,,,,,
,,,,,,,,,
,,,,,,,,,
,,,,,,,,,
,,,,,,,,,
,,,,,,,,,
,,,,,,,,,
,,,,,,,,,
,,,,,,,,,
,,,,,,,,,
,,,,,,,,,
,,,,,,,,,
,,,,,,,,,
,,,,,,,,,
,,,,,,,,,
,,,,,,,,,
,,,,,,,,,
,,,,,,,,,
,,,,,,,,,
,,,,,,,,,
,,,,,,,,,
,,,,,,,,,
,,,,,,,,,
,,,,,,,,,
,,,,,,,,,
,,,,,,,,,
,,,,,,,,,
,,,,,,,,,
,,,,,,,,,
,,,,,,,,,
,,,,,,,,,
,,,,,,,,,
,,,,,,,,,
,,,,,,,,,
,,,,,,,,,
,,,,,,,,,
,,,,,,,,,
,,,,,,,,,
,,,,,,,,,
,,,,,,,,,
,,,,,,,,,
,,,,,,,,,
,,,,,,,,,
,,,,,,,,,
,,,,,,,,,
,,,,,,,,,
,,,,,,,,,
,,,,,,,,,
,,,,,,,,,
,,,,,,,,,
,,,,,,,,,
,,,,,,,,,
,,,,,,,,,
,,,,,,,,,
,,,,,,,,,
,,,,,,,,,
,,,,,,,,,
,,,,,,,,,
,,,,,,,,,
,,,,,,,,,
,,,,,,,,,
,,,,,,,,,
,,,,,,,,,
,,,,,,,,,
,,,,,,,,,
,,,,,,,,,
,,,,,,,,,
,,,,,,,,,
,,,,,,,,,
,,,,,,,,,
,,,,,,,,,
,,,,,,,,,
,,,,,,,,,
,,,,,,,,,
,,,,,,,,,
,,,,,,,,,
,,,,,,,,,
,,,,,,,,,
,,,,,,,,,
,,,,,,,,,
,,,,,,,,,
,,,,,,,,,
,,,,,,,,,
,,,,,,,,,
,,,,,,,,,
,,,,,,,,,
,,,,,,,,,
,,,,,,,,,
,,,,,,,,,
,,,,,,,,,
,,,,,,,,,
,,,,,,,,,
,,,,,,,,,
,,,,,,,,,
,,,,,,,,,
,,,,,,,,,
,,,,,,,,,
,,,,,,,,,
,,,,,,,,,
,,,,,,,,,
,,,,,,,,,
,,,,,,,,,
,,,,,,,,,
,,,,,,,,,
,,,,,,,,,
,,,,,,,,,
,,,,,,,,,
,,,,,,,,,
,,,,,,,,,
,,,,,,,,,
,,,,,,,,,
,,,,,,,,,
,,,,,,,,,
,,,,,,,,,
,,,,,,,,,
,,,,,,,,,
,,,,,,,,,
,,,,,,,,,
,,,,,,,,,
,,,,,,,,,
,,,,,,,,,
,,,,,,,,,
,,,,,,,,,
,,,,,,,,,
,,,,,,,,,
,,,,,,,,,
,,,,,,,,,
,,,,,,,,,
,,,,,,,,,
,,,,,,,,,
,,,,,,,,,
,,,,,,,,,
,,,,,,,,,
,,,,,,,,,
,,,,,,,,,
,,,,,,,,,
,,,,,,,,,
,,,,,,,,,
,,,,,,,,,
,,,,,,,,,
,,,,,,,,,
,,,,,,,,,
,,,,,,,,,
,,,,,,,,,
,,,,,,,,,
,,,,,,,,,
,,,,,,,,,
,,,,,,,,,
,,,,,,,,,
,,,,,,,,,
,,,,,,,,,
,,,,,,,,,
,,,,,,,,,
,,,,,,,,,
,,,,,,,,,
,,,,,,,,,
,,,,,,,,,
,,,,,,,,,
,,,,,,,,,
,,,,,,,,,
,,,,,,,,,
,,,,,,,,,
,,,,,,,,,
,,,,,,,,,
,,,,,,,,,
,,,,,,,,,
,,,,,,,,,
,,,,,,,,,
,,,,,,,,,
,,,,,,,,,
,,,,,,,,,
,,,,,,,,,
,,,,,,,,,
,,,,,,,,,
,,,,,,,,,
,,,,,,,,,
,,,,,,,,,
,,,,,,,,,
,,,,,,,,,
,,,,,,,,,
,,,,,,,,,
,,,,,,,,,
,,,,,,,,,
,,,,,,,,,
,,,,,,,,,
,,,,,,,,,
,,,,,,,,,
,,,,,,,,,
,,,,,,,,,
,,,,,,,,,
,,,,,,,,,
,,,,,,,,,
,,,,,,,,,
,,,,,,,,,
,,,,,,,,,
,,,,,,,,,
,,,,,,,,,
,,,,,,,,,
,,,,,,,,,
,,,,,,,,,
,,,,,,,,,
,,,,,,,,,
,,,,,,,,,
,,,,,,,,,
,,,,,,,,,
,,,,,,,,,
,,,,,,,,,
,,,,,,,,,
,,,,,,,,,
,,,,,,,,,
,,,,,,,,,
,,,,,,,,,
,,,,,,,,,
,,,,,,,,,
,,,,,,,,,
,,,,,,,,,
,,,,,,,,,
,,,,,,,,,
,,,,,,,,,
,,,,,,,,,
,,,,,,,,,
,,,,,,,,,
,,,,,,,,,
,,,,,,,,,
,,,,,,,,,
,,,,,,,,,
,,,,,,,,,
,,,,,,,,,
,,,,,,,,,
,,,,,,,,,
,,,,,,,,,
,,,,,,,,,
,,,,,,,,,
,,,,,,,,,
,,,,,,,,,
,,,,,,,,,
,,,,,,,,,
,,,,,,,,,
,,,,,,,,,
,,,,,,,,,
,,,,,,,,,
,,,,,,,,,
,,,,,,,,,
,,,,,,,,,
,,,,,,,,,
,,,,,,,,,
,,,,,,,,,
,,,,,,,,,
,,,,,,,,,
,,,,,,,,,
,,,,,,,,,
,,,,,,,,,
,,,,,,,,,
,,,,,,,,,
,,,,,,,,,
,,,,,,,,,
,,,,,,,,,
,,,,,,,,,
,,,,,,,,,
,,,,,,,,,
,,,,,,,,,
,,,,,,,,,
,,,,,,,,,
,,,,,,,,,
,,,,,,,,,
,,,,,,,,,
,,,,,,,,,
,,,,,,,,,
,,,,,,,,,
,,,,,,,,,
,,,,,,,,,
,,,,,,,,,
,,,,,,,,,
,,,,,,,,,
,,,,,,,,,
,,,,,,,,,
,,,,,,,,,
,,,,,,,,,
,,,,,,,,,
,,,,,,,,,
,,,,,,,,,
,,,,,,,,,
,,,,,,,,,
,,,,,,,,,
,,,,,,,,,
,,,,,,,,,